episode_number,title,pubdate_short,primary_start_year,primary_end_year,year_label,primary_region,era_bucket,themes,key_figures,is_series,series_key,part_number,is_strongly_1800_1934,confidence,reasoning,duration,audio_url,spotify_search_url,guid
1,Trailer,2020-10-28,0,0,Undated,Undated,Undated,Meta/Podcast,,false,,,false,high,This is explicitly titled “Trailer” and describes the podcast’s general subject matter rather than focusing on a specific historical episode or period.,286,https://pdst.fm/e/traffic.megaphone.fm/GLT4186105386.mp3?updated=1773403834,https://open.spotify.com/search/The%20Rest%20Is%20History%20Trailer,a428c3fa-10c8-4b77-a85a-04c812bf7477
1,1. Greatness,2020-11-02,0,0,Undated,Global,Undated,Politics & Power; Biography,,false,,,false,high,"The episode is a broad thematic discussion of who is considered “great,” explicitly ranging “from Nero to Nixon, with a bit of Trump,” rather than focusing on one period or person. It is therefore undated and global in scope.",1975,https://pdst.fm/e/traffic.megaphone.fm/GLT2583338621.mp3?updated=1777062859,https://open.spotify.com/search/The%20Rest%20Is%20History%201.%20Greatness,d64331b9-0d45-4f03-b2da-f6d5ac189422
2,2. Civil War,2020-11-02,0,0,Undated,Global,Undated,War & Military; Politics & Power,,false,,,false,high,"The episode is framed as a thematic investigation of what causes civil wars, asking “What are the conditions needed for a civil war to start?” It ranges from “ancient history” through Spain in the 1930s and Yugoslavia in the 1990s, so no single primary period dominates.",2361,https://pdst.fm/e/traffic.megaphone.fm/GLT5809911007.mp3?updated=1777394993,https://open.spotify.com/search/The%20Rest%20Is%20History%202.%20Civil%20War,24104338-377e-42eb-afb7-e3184d74af40
3,3. Is Trump Caesar or Nixon?,2020-11-09,2020,2020,2020,United States,Contemporary,Politics & Power; Biography,Donald Trump; Richard Nixon; Julius Caesar; Joe Biden,false,,,false,high,"The episode was recorded immediately after Joe Biden was named president and focuses on whether Donald Trump is a modern Caesar or successor to Richard Nixon, with comparisons to the 1970s and ancient Rome. The dominant focus is contemporary United States politics in 2020.",2329,https://pdst.fm/e/traffic.megaphone.fm/GLT4982990068.mp3?updated=1777394973,https://open.spotify.com/search/The%20Rest%20Is%20History%203.%20Is%20Trump%20Caesar%20or%20Nixon%3F,f8d76a6b-51f5-4e4c-9e02-9fd29222bb64
4,4. We’re all so 17th Century,2020-11-09,1600,1699,1600 – 1699,Britain,Early Modern,Disaster & Plague; Politics & Power; Revolution,Oliver Cromwell,false,,,false,medium,"The title explicitly frames the episode around the “17th Century,” while the description compares 2020 with plague, statue smashing, and Oliver Cromwell’s political repression. The dominant historical reference is Britain in the 1600s, despite the episode’s contemporary comparison.",2218,https://pdst.fm/e/traffic.megaphone.fm/GLT1251829896.mp3?updated=1777394932,https://open.spotify.com/search/The%20Rest%20Is%20History%204.%20We%E2%80%99re%20all%20so%2017th%20Century,d7b04e6f-4dc6-4b27-aa9e-aa69b44d2cf9
5,5. 1981,2020-11-16,1981,1981,1981,Britain,Postwar,Politics & Power; Economics & Trade; Monarchy & Royalty; Sport,Margaret Thatcher; Prince Charles; Lady Diana,false,,,false,high,"The episode is explicitly titled “1981” and describes unemployment, riots, and a country governed by a divisive post-war prime minister, anchoring it to Britain in that year. It also highlights the wedding of Prince Charles and Lady Diana and the Ashes cricket series.",2480,https://pdst.fm/e/traffic.megaphone.fm/GLT3026558838.mp3?updated=1777394965,https://open.spotify.com/search/The%20Rest%20Is%20History%205.%201981,8583b546-9a5d-4d2c-82bb-5251b5cd1808
6,6. Troy,2020-11-23,-1300,-1150,1300 BCE – 1150 BCE,Mediterranean,Ancient,War & Military; Culture & Arts,,false,,,false,medium,"The episode focuses on the legendary Trojan War and asks whether it actually happened. The war is conventionally placed in the Late Bronze Age, roughly 1300–1150 BCE, though the description emphasizes uncertainty about its historicity.",2322,https://pdst.fm/e/traffic.megaphone.fm/GLT4742295987.mp3?updated=1777395028,https://open.spotify.com/search/The%20Rest%20Is%20History%206.%20Troy,19f9fd6c-418e-4d54-935d-ae0fe7e797b6
7,7. The Lessons of History,2020-11-30,0,0,Undated,Undated,Undated,Meta/Podcast,,false,,,false,high,"The episode asks broadly whether we can learn from history and describes the hosts roaming 'through the centuries,' without identifying a specific period or event.",2893,https://pdst.fm/e/traffic.megaphone.fm/GLT2771707131.mp3?updated=1777395007,https://open.spotify.com/search/The%20Rest%20Is%20History%207.%20The%20Lessons%20of%20History,9c12bcb9-a366-4c17-8511-64833851e0da
8,8. The Echo of a Coffee House,2020-12-07,0,0,Undated,Global,Undated,Science & Technology; Culture & Arts,,false,,,false,high,"The episode is a broad thematic comparison of “technical innovations from the printing press to Twitter” and asks whether social media is a new phenomenon, rather than focusing on a single historical period. The London coffee-house and Swift quotation provide historical examples but do not define the episode’s primary period.",2664,https://pdst.fm/e/traffic.megaphone.fm/GLT8695060101.mp3?updated=1777394957,https://open.spotify.com/search/The%20Rest%20Is%20History%208.%20The%20Echo%20of%20a%20Coffee%20House,1686e28a-939e-4913-a179-ed0747bbfbd9
9,9. Causes of the First World War,2020-12-14,1914,1918,1914 – 1918,Europe,World Wars & Interwar,War & Military; Politics & Power; Diplomacy,,false,,,true,high,"The title explicitly identifies the episode as covering the causes of the First World War, while the description asks whether Britain should have fought or stayed out. This anchors the main focus to the European war of 1914–1918.",2767,https://pdst.fm/e/traffic.megaphone.fm/GLT8234482474.mp3?updated=1777395079,https://open.spotify.com/search/The%20Rest%20Is%20History%209.%20Causes%20of%20the%20First%20World%20War,9d6008a5-5750-40a9-a132-d72e920d83f2
10,10. Christmas,2020-12-21,1800,1900,1800 – 1900,Britain,Long 19th Century,Religion & Church; Culture & Arts; Economics & Trade,Charles Dickens,false,,,true,medium,"The description frames the episode around Christmas’s transformation into a private and commercial celebration, asking whether it was “invented by Dickens”; this points primarily to the 19th-century Victorian reshaping of Christmas, while acknowledging older religious origins.",2371,https://pdst.fm/e/traffic.megaphone.fm/GLT9855064623.mp3?updated=1777394940,https://open.spotify.com/search/The%20Rest%20Is%20History%2010.%20Christmas,b3da5f03-3b6c-4e27-804c-48abf5dd70af
11,11. Brexit,2020-12-28,2016,2020,2016 – 2020,Britain,Contemporary,Politics & Power; Diplomacy,,false,,,false,medium,"The description explicitly centers on Britain leaving the EU and comparisons made to Brexit, placing the episode in the contemporary Brexit period, approximately from the 2016 referendum through the UK's departure in 2020.",2698,https://pdst.fm/e/traffic.megaphone.fm/GLT9171248177.mp3?updated=1777395016,https://open.spotify.com/search/The%20Rest%20Is%20History%2011.%20Brexit,b42d85a5-8b97-4c13-8529-4c43c6619b51
12,12. Conspiracy Theories,2021-01-04,0,0,Undated,Global,Undated,Politics & Power; Crime & Mystery; Assassination,John F. Kennedy,false,,,false,high,"The episode is a thematic examination of conspiracy theories “through the ages,” ranging from Popish plots to JFK’s assassination and coronavirus-vaccine stories, rather than a focus on one dated period.",2869,https://pdst.fm/e/traffic.megaphone.fm/GLT7580472793.mp3?updated=1777394982,https://open.spotify.com/search/The%20Rest%20Is%20History%2012.%20Conspiracy%20Theories,b7f5d597-24b2-44a4-a673-e27ceeb1e626
13,13. Stephen Fry and Troy,2021-01-07,-1300,-1100,1300 BCE – 1100 BCE,Mediterranean,Ancient,Culture & Arts; Literature,,false,,,false,low,"The title identifies Troy, while the description focuses on Stephen Fry’s fascination with the Greek myths. These point to the ancient/mythic Greek world, but no precise historical dates are given, so the Bronze Age range is approximate.",3795,https://pdst.fm/e/traffic.megaphone.fm/GLT5875934078.mp3?updated=1777395057,https://open.spotify.com/search/The%20Rest%20Is%20History%2013.%20Stephen%20Fry%20and%20Troy,e184b185-bbad-4a9a-be77-e5402184fb9e
14,14. Historical Fiction,2021-01-11,0,0,Undated,Undated,Undated,Literature; Culture & Arts,,false,,,false,high,"The episode asks about “the truth of history” in novels and ranges across literature to discuss “the best of historical fiction,” without identifying a specific historical period or event.",3569,https://pdst.fm/e/traffic.megaphone.fm/GLT2461510190.mp3?updated=1777395054,https://open.spotify.com/search/The%20Rest%20Is%20History%2014.%20Historical%20Fiction,d34eec88-c4b0-4fa9-b717-8557d548e8ab
15,15. Walls and Borders,2021-01-18,0,0,Undated,Global,Undated,Politics & Power; War & Military; Empire & Colonialism,,false,,,false,high,"The episode is a broad thematic history of separation, explicitly ranging from “the Great Wall of China to the Berlin Wall” rather than focusing on a single period or event. Its central themes are walls, borders, exclusion, and political power.",2760,https://pdst.fm/e/traffic.megaphone.fm/GLT1636005045.mp3?updated=1777395052,https://open.spotify.com/search/The%20Rest%20Is%20History%2015.%20Walls%20and%20Borders,9c8ffd81-a713-4ca2-a6a6-8a183bd74f94
16,16. Pompeii,2021-01-21,79,79,79,Italy,Ancient,Disaster & Plague; Exploration & Discovery,,false,,,false,high,"The episode focuses on Pompeii, described as the ruined Italian city and a site buried beneath ashes, clearly anchoring it to the AD 79 eruption and the Ancient era.",3089,https://pdst.fm/e/traffic.megaphone.fm/GLT3349011345.mp3?updated=1777395023,https://open.spotify.com/search/The%20Rest%20Is%20History%2016.%20Pompeii,d3a2f394-441d-4924-9717-c8c0f94c4eee
17,17. Fascism,2021-01-25,1919,1945,1919 – 1945,Europe,World Wars & Interwar,Ideology; Politics & Power,,false,,,false,low,"The description asks about the origins and history of fascism as a political model, indicating its main 20th-century European period, but it gives no explicit dates or countries. A broad 1919–1945 range is therefore inferred from the topic rather than directly stated.",2968,https://pdst.fm/e/traffic.megaphone.fm/GLT5738760220.mp3?updated=1777394968,https://open.spotify.com/search/The%20Rest%20Is%20History%2017.%20Fascism,3032a55e-8d16-40a9-b5da-d15add95ab9f
18,18. The North South Divide,2021-01-28,0,0,Undated,Britain,Undated,Culture & Arts,,false,,,false,high,"The description focuses on the enduring regional and cultural divide between northern and southern England, including comparisons with Scotland and Wales and differences in meal customs, but gives no specific historical dates.",3307,https://pdst.fm/e/traffic.megaphone.fm/GLT3709184192.mp3?updated=1777394862,https://open.spotify.com/search/The%20Rest%20Is%20History%2018.%20The%20North%20South%20Divide,a1957320-8c6d-459f-a135-662c21c29b2b
19,19. King Arthur,2021-02-01,500,600,500 – 600,Britain,Medieval,Monarchy & Royalty; Culture & Arts,King Arthur,false,,,false,low,"The description focuses on the legend of King Arthur and asks whether he was 'even English,' pointing to the Arthurian tradition in early medieval Britain. Because it explicitly questions whether Arthur was historical or mythical, the dates are approximate.",3091,https://pdst.fm/e/traffic.megaphone.fm/GLT1076701162.mp3?updated=1777394962,https://open.spotify.com/search/The%20Rest%20Is%20History%2019.%20King%20Arthur,33d3108e-c3ba-4256-9f1b-1760422edcb6
20,20. China,2021-02-04,1839,1976,1839 – 1976,China,Postwar,Empire & Colonialism; War & Military; Politics & Power; Ideology,Mao Zedong,false,,,false,medium,"The description specifically highlights the Opium Wars, the birth of the Chinese Communist Party, and the legacy of Chairman Mao, indicating a focus from the mid-19th century through Mao's era. The inclusion of both 19th-century imperial conflict and post-1945 Communist China makes the dominant span multi-era, with the later period particularly prominent.",3532,https://pdst.fm/e/traffic.megaphone.fm/GLT4329327216.mp3?updated=1777395005,https://open.spotify.com/search/The%20Rest%20Is%20History%2020.%20China,4922323b-c339-41dd-a666-ebad0b5179ed
21,21. The History of the Future,2021-02-08,0,0,Undated,Undated,Undated,Science & Technology; Religion & Church; Meta/Podcast,,false,,,false,high,"The episode is a thematic discussion of “history’s take on the future,” covering oracles, prophecies, apocalypse, and scientific projection rather than a specific historical period.",2560,https://pdst.fm/e/traffic.megaphone.fm/GLT7103118075.mp3?updated=1777394956,https://open.spotify.com/search/The%20Rest%20Is%20History%2021.%20The%20History%20of%20the%20Future,e9923700-1c29-48eb-a2d8-77a0d953ea1d
22,22. Weird Wars,2021-02-11,0,0,Undated,Global,Undated,War & Military,,false,,,false,high,"The description presents a selection of the “top ten strangest conflicts of all time” without identifying a specific period, region, or named historical event, so it is genuinely undated and global in scope.",2777,https://pdst.fm/e/traffic.megaphone.fm/GLT2360848948.mp3?updated=1777395020,https://open.spotify.com/search/The%20Rest%20Is%20History%2022.%20Weird%20Wars,63673d87-8fb9-43f9-8371-a0d57cbc48cb
23,23. The 90s,2021-02-15,1990,1999,1990 – 1999,Britain,Contemporary,Culture & Arts; Politics & Power; Economics & Trade; Science & Technology,Tony Blair; Monica Lewinsky,false,,,false,high,"The title is 'The 90s', and the description explicitly identifies the subject as 'the 1990s', highlighting ecstasy, emails, economic stability, Oasis, Tony Blair, Monica Lewinsky and Mr Blobby. The examples are predominantly British, though the episode also touches the United States.",2844,https://pdst.fm/e/traffic.megaphone.fm/GLT8035489270.mp3?updated=1777394993,https://open.spotify.com/search/The%20Rest%20Is%20History%2023.%20The%2090s,daf1885b-b936-46e1-9909-9fa745f46f67
24,24. Sex in the City,2021-02-18,1700,1900,1700 – 1900,Britain,Long 19th Century,Sex & Scandal; Culture & Arts,,false,,,false,high,"The description explicitly frames the episode as covering sex in the “18th and 19th Century.” The reference to Hallie Rubenhold’s work on Covent Garden supports Britain, particularly London, as the dominant setting.",2878,https://pdst.fm/e/traffic.megaphone.fm/GLT9221135938.mp3?updated=1777394968,https://open.spotify.com/search/The%20Rest%20Is%20History%2024.%20Sex%20in%20the%20City,d433c765-33ca-42aa-9e93-131377438491
25,25. Empires,2021-02-22,0,0,Undated,Global,Undated,Empire & Colonialism; Politics & Power,,false,,,false,high,"The description presents a broad thematic discussion asking whether “the age of empires” is over and examining “empires through history,” rather than focusing on a specific period or event.",3225,https://pdst.fm/e/traffic.megaphone.fm/GLT2896270746.mp3?updated=1777395048,https://open.spotify.com/search/The%20Rest%20Is%20History%2025.%20Empires,28df9627-236f-4391-baf8-96fa282d3013
26,26. Witches,2021-02-25,1500,1800,1500 – 1800,Europe,Early Modern,Religion & Church; Crime & Mystery; Politics & Power,,false,,,false,low,"The description offers a broad “history of witches and witchcraft” and focuses on why society saw witches “as a threat,” which most strongly suggests the early-modern European witch-hunt era, though no dates or specific region are stated.",2978,https://pdst.fm/e/traffic.megaphone.fm/GLT8850594772.mp3?updated=1777395029,https://open.spotify.com/search/The%20Rest%20Is%20History%2026.%20Witches,2c270509-347d-458e-8f98-f1c70232876b
27,27. Tutankhamun,2021-03-01,-1341,-1323,1341 BCE – 1323 BCE,Africa,Ancient,Monarchy & Royalty; Biography; Exploration & Discovery,Tutankhamun; Akhenaten,false,,,false,medium,"The episode is primarily about the Egyptian pharaoh Tutankhamun and his family, especially his father Akhenaten, placing the main focus in the 14th century BCE. Howard Carter’s discovery of the tomb in 1922 is discussed as a later framing event rather than the central period.",2936,https://pdst.fm/e/traffic.megaphone.fm/GLT2697164979.mp3?updated=1777394975,https://open.spotify.com/search/The%20Rest%20Is%20History%2027.%20Tutankhamun,d4913283-8d30-436e-aeae-a0ce01cce49d
28,28. The Kings of Comedy,2021-03-04,0,0,Undated,Undated,Undated,Culture & Arts,,false,,,false,high,"The description presents this as a broad discussion of “the history of comedy” and asks whether comedy has “changed through time,” without identifying a dominant period or region.",3414,https://pdst.fm/e/traffic.megaphone.fm/GLT5677879972.mp3?updated=1777395093,https://open.spotify.com/search/The%20Rest%20Is%20History%2028.%20The%20Kings%20of%20Comedy,2342a41f-33fa-493a-8d21-7da9a9dc0cef
29,29. Americanisation,2021-03-08,1900,2020,1900 – 2020,United States,Postwar,Empire & Colonialism; Culture & Arts; Economics & Trade; Politics & Power,,false,,,false,medium,"The episode examines the rise of US influence through 'the dollar and Hollywood,' its replacement of 'the British empire,' and whether that power is 'now waning,' indicating a primarily 20th-century-to-contemporary focus. The dominant emphasis appears to be the post-1945 global order, though the discussion spans a broader period.",2826,https://pdst.fm/e/traffic.megaphone.fm/GLT9683168458.mp3?updated=1777394981,https://open.spotify.com/search/The%20Rest%20Is%20History%2029.%20Americanisation,f88db45e-dcdb-4e19-ad2d-9586fdff4ca3
30,30. A Royal Row,2021-03-09,2021,2021,2021,Britain,Contemporary,Monarchy & Royalty; Politics & Power; Sex & Scandal,Harry; Meghan; Oprah Winfrey,false,,,false,medium,"The description focuses on the contemporary British monarchy's scrutiny following the interview with Harry and Meghan conducted by Oprah Winfrey, indicating a present-day episode centered on the 2021 interview.",1808,https://pdst.fm/e/traffic.megaphone.fm/GLT5120507213.mp3?updated=1777394855,https://open.spotify.com/search/The%20Rest%20Is%20History%2030.%20A%20Royal%20Row,64a4684e-1492-4e02-87a8-2bbc4712bc4e
31,31. The Second Reich,2021-03-11,1871,1918,1871 – 1918,Germany,Long 19th Century,Politics & Power; Monarchy & Royalty; War & Military,,false,,,true,high,"The episode focuses on the German Second Reich, which emerged after the Prussian victory over France in 1870 and was destroyed by the First World War less than fifty years later, corresponding to approximately 1871–1918.",3161,https://pdst.fm/e/traffic.megaphone.fm/GLT1008050219.mp3?updated=1777394991,https://open.spotify.com/search/The%20Rest%20Is%20History%2031.%20The%20Second%20Reich,089fa561-6b20-476f-975a-344e3618f47d
32,32. What if?,2021-03-15,0,0,Undated,Global,Undated,Meta/Podcast,,false,,,false,high,"The episode is a thematic discussion of historical counterfactuals, explicitly asking whether imagining scenarios such as “the Nazis winning World War 2” or “the Roman Empire never falling” is valid historical enquiry. It does not focus on a single dated period.",2760,https://pdst.fm/e/traffic.megaphone.fm/GLT7767131043.mp3?updated=1777394951,https://open.spotify.com/search/The%20Rest%20Is%20History%2032.%20What%20if%3F,f2338a37-e91c-4b16-b937-217d8ba8fb50
33,33. The Beautiful Game,2021-03-18,0,0,Undated,Britain,Undated,Sport; Culture & Arts,,false,,,false,high,"The description discusses “the history of the game” and how football became “Britain’s most successful export,” but gives no specific historical dates or period. The focus is therefore best treated as a broad, undated history of football with Britain as the dominant regional context.",3061,https://pdst.fm/e/traffic.megaphone.fm/GLT5860295083.mp3?updated=1777395012,https://open.spotify.com/search/The%20Rest%20Is%20History%2033.%20The%20Beautiful%20Game,5b039623-75a4-4a58-8dd3-8e6a248b242b
34,34. St Cuthbert’s Day,2021-03-20,634,687,634 – 687,Britain,Medieval,Religion & Church; Biography,St Cuthbert,false,,,false,high,"The description identifies Cuthbert as a Northumbrian saint from the 7th century and focuses on his life, death, and preserved body. His central historical period is therefore approximately 634–687 in medieval Britain.",1891,https://pdst.fm/e/traffic.megaphone.fm/GLT9977520388.mp3?updated=1777394852,https://open.spotify.com/search/The%20Rest%20Is%20History%2034.%20St%20Cuthbert%E2%80%99s%20Day,10fe3003-4f6a-425e-94a2-bb957b28ab47
35,35. The Prime Ministers’ World Cup,2021-03-22,1868,1990,1868 – 1990,Britain,Postwar,Politics & Power; Biography,Winston Churchill; William Gladstone; Margaret Thatcher; Clement Attlee,false,,,false,medium,"The episode compares major British Prime Ministers, specifically Gladstone, Churchill, Attlee and Thatcher, spanning Gladstone’s late-19th-century premierships through Thatcher’s tenure ending in 1990. Its focus is political leadership rather than a single narrowly defined period.",2546,https://pdst.fm/e/traffic.megaphone.fm/GLT6124252189.mp3?updated=1777394950,https://open.spotify.com/search/The%20Rest%20Is%20History%2035.%20The%20Prime%20Ministers%E2%80%99%20World%20Cup,d138fe38-704b-4806-9577-d898d5d2efaf
36,36. Our Greatest Prime Minister,2021-03-23,0,0,Undated,Britain,Undated,Politics & Power; Meta/Podcast,,false,,,false,high,The episode compares British Prime Ministers “through the centuries” and focuses on a public vote rather than a specific dated historical period. The description discusses the final stages of the “Prime Ministers’ World Cup” and public voting patterns.,2807,https://pdst.fm/e/traffic.megaphone.fm/GLT9826873277.mp3?updated=1777394980,https://open.spotify.com/search/The%20Rest%20Is%20History%2036.%20Our%20Greatest%20Prime%20Minister,f95a40c8-8186-4861-8864-9796e5c1652a
37,"37. Spies, with Ben MacIntyre",2021-03-25,0,0,Undated,Global,Undated,Espionage; Politics & Power; Science & Technology,,false,,,false,high,"The description presents a broad discussion of “the history of spying,” asking whether spying matters and whether human operatives have been replaced by computers. It provides no specific period, event, or region, so the episode is undated and global in scope.",2681,https://pdst.fm/e/traffic.megaphone.fm/GLT4382644548.mp3?updated=1777394940,https://open.spotify.com/search/The%20Rest%20Is%20History%2037.%20Spies%2C%20with%20Ben%20MacIntyre,a88c290d-13ec-4aee-82b8-2ea79e69ac72
38,38. Communism,2021-03-29,1848,1991,1848 – 1991,Europe,Postwar,Ideology; Politics & Power; Revolution,,false,,,false,medium,"The description explicitly frames communism as a major ideology of the “20th century,” while also discussing its origins as a theory and its repressive attempts to govern. The broad focus therefore runs from the 19th-century development of communist theory through the decline of communism at the end of the 20th century.",3093,https://pdst.fm/e/traffic.megaphone.fm/GLT7587678050.mp3?updated=1777394990,https://open.spotify.com/search/The%20Rest%20Is%20History%2038.%20Communism,ddc645b9-4217-4ec0-9ebb-d231ab04ef62
39,39. Elizabeth I,2021-04-01,1558,1603,1558 – 1603,Britain,Early Modern,Monarchy & Royalty; Politics & Power; Biography,Elizabeth I,false,,,false,high,"The description focuses on Elizabeth I, described as one of Britain’s monarchs who reigned more than 400 years ago. Her primary historical focus is her reign from 1558 to 1603.",2700,https://pdst.fm/e/traffic.megaphone.fm/GLT7302124935.mp3?updated=1777394989,https://open.spotify.com/search/The%20Rest%20Is%20History%2039.%20Elizabeth%20I,8d2e64a4-b34e-43f0-8dbc-9e8ea34dd249
40,40. History as Entertainment,2021-04-05,0,0,Undated,Global,Undated,Culture & Arts; Economics & Trade; Meta/Podcast,,false,,,false,high,"The episode examines the broad history of games, from re-enactment to Monopoly, and how history is portrayed in games. It is thematic rather than focused on a specific historical period.",2601,https://pdst.fm/e/traffic.megaphone.fm/GLT9519276470.mp3?updated=1777395013,https://open.spotify.com/search/The%20Rest%20Is%20History%2040.%20History%20as%20Entertainment,d5b55802-f8be-456e-bb4f-49a65a166fc3
41,41. Persia,2021-04-08,0,0,Undated,Middle East,Undated,Empire & Colonialism; Culture & Arts; Politics & Power,,false,,,false,low,"The description presents Persia as a major civilisation whose influence reaches 'the modern world' but gives no specific dates or period focus. Because the episode appears to survey Persia broadly without a clear dominant era, it is tagged as undated.",2775,https://pdst.fm/e/traffic.megaphone.fm/GLT6414068538.mp3?updated=1777394967,https://open.spotify.com/search/The%20Rest%20Is%20History%2041.%20Persia,940b4a38-d7e2-4412-b8f3-cb3f5724df7c
42,42. The Wild West,2021-04-12,1800,1900,1800 – 1900,United States,Long 19th Century,Culture & Arts; Exploration & Discovery,,false,,,true,medium,"The description focuses on the historical American western frontier and the 19th-century-associated myth of the Wild West, while contrasting fact with fiction and film. Butch Cassidy and the Sundance Kid are used as illustrative references rather than the episode's primary subjects.",3050,https://pdst.fm/e/traffic.megaphone.fm/GLT7464073840.mp3?updated=1777394984,https://open.spotify.com/search/The%20Rest%20Is%20History%2042.%20The%20Wild%20West,166679b4-ec45-499c-b5f5-fa39c5a45a60
43,43. 1940,2021-04-15,1940,1940,1940,Europe,World Wars & Interwar,War & Military; Politics & Power; Diplomacy,Neville Chamberlain; Winston Churchill,false,,,false,high,"The episode is explicitly titled “1940” and describes the British Expeditionary Force at Dunkirk, Chamberlain’s replacement by Churchill, and France’s collapse during the Second World War.",3495,https://pdst.fm/e/traffic.megaphone.fm/GLT2702093158.mp3?updated=1777394987,https://open.spotify.com/search/The%20Rest%20Is%20History%2043.%201940,31e45225-8cab-4479-bf12-1609dbdc3e64
44,44. 1066,2021-04-19,1066,1066,1066,Britain,Medieval,War & Military; Monarchy & Royalty; Politics & Power,Harold Godwinson,false,,,false,high,"The episode is titled “1066” and explicitly discusses the Battle of Hastings, the end of the Anglo-Saxons, and whether King Harold was killed by an arrow in the eye, anchoring the focus to Britain in 1066.",3308,https://pdst.fm/e/traffic.megaphone.fm/GLT5177665423.mp3?updated=1777395024,https://open.spotify.com/search/The%20Rest%20Is%20History%2044.%201066,51230fba-9dd0-4ad3-a00c-53ae81f40fbb
45,45. Top Ten Eunuchs,2021-04-22,0,0,Undated,Global,Undated,Religion & Church; Culture & Arts; Sex & Scandal,,false,,,false,high,"The episode is a broad ranking of “the best Eunuchs in history,” explicitly ranging from “religious fanatics to operatic singers,” without identifying a specific period or region.",3256,https://pdst.fm/e/traffic.megaphone.fm/GLT5221212176.mp3?updated=1777395081,https://open.spotify.com/search/The%20Rest%20Is%20History%2045.%20Top%20Ten%20Eunuchs,445fa225-ad0a-48b8-b081-7ee12288c8e9
46,46. Culture Wars,2021-04-26,0,0,Undated,Global,Undated,Politics & Power; Culture & Arts,,false,,,false,high,"The episode is a broad thematic discussion of the historical significance of “culture wars,” ranging from “Ancient Rome to the US Civil Rights movement,” rather than a focused account of one dated period or event.",3533,https://pdst.fm/e/traffic.megaphone.fm/GLT4237848862.mp3?updated=1777394968,https://open.spotify.com/search/The%20Rest%20Is%20History%2046.%20Culture%20Wars,3495390b-a720-45f3-9968-e18e3f15c9a9
47,47. The Seven Years' War,2021-04-29,1756,1763,1756 – 1763,Europe,Early Modern,War & Military; Empire & Colonialism; Diplomacy,,false,,,false,high,"The description explicitly identifies the subject as the “Seven Years’ War” and calls it “the biggest event of the 18th century,” anchoring the episode to the 1756–1763 conflict. Its dominant setting is Europe, although the war had wider imperial dimensions.",3060,https://pdst.fm/e/traffic.megaphone.fm/GLT8800494407.mp3?updated=1777394979,https://open.spotify.com/search/The%20Rest%20Is%20History%2047.%20The%20Seven%20Years%27%20War,9b06c6f4-ffc3-4e3e-8bc5-fa5b373fa116
48,48. The French Revolution,2021-05-03,1789,1799,1789 – 1799,France,Early Modern,Revolution; Politics & Power; Economics & Trade,,false,,,false,high,"The title explicitly identifies the French Revolution, while the description anchors it in France's economic struggles, unemployment, and an uprising. The episode therefore focuses on the revolution conventionally dated 1789–1799.",3638,https://pdst.fm/e/traffic.megaphone.fm/GLT2092335857.mp3?updated=1777395011,https://open.spotify.com/search/The%20Rest%20Is%20History%2048.%20The%20French%20Revolution,8302fd3f-ac6c-49b7-84d2-9c9b301fe0f3
49,49. Food Glorious Food,2021-05-06,0,0,Undated,Britain,Undated,Culture & Arts,,false,,,false,high,"The description presents a broad history of British food, discussing the origins of curry, British beef consumption, and cooking pigs and chickens, but provides no specific historical dates or period.",2764,https://pdst.fm/e/traffic.megaphone.fm/GLT7001895639.mp3?updated=1777394947,https://open.spotify.com/search/The%20Rest%20Is%20History%2049.%20Food%20Glorious%20Food,76760589-bffb-4853-a829-e8df6e51eecb
50,50. Teenagers,2021-05-10,0,0,Undated,Undated,Undated,Culture & Arts; Sex & Scandal,,false,,,false,high,"The description calls teenagers a “modern phenomenon” but gives no specific dates, events, or historical period. It is a thematic exploration of teenage behavior and generational attitudes rather than a clearly dated episode.",2878,https://pdst.fm/e/traffic.megaphone.fm/GLT9697541566.mp3?updated=1777394935,https://open.spotify.com/search/The%20Rest%20Is%20History%2050.%20Teenagers,4c786335-8efb-4f91-b2a4-71ab65433fc6
51,51. Aztecs,2021-05-13,1300,1521,1300 – 1521,Latin America,Medieval,Empire & Colonialism; War & Military; Religion & Church,,false,,,false,medium,"The title identifies the Aztecs, while the description places the story in Mexico 'centuries ago' and refers to Nahuatl-language sources. The date range is therefore inferred as the late pre-Columbian Aztec period, ending around the Spanish conquest in 1521.",3216,https://pdst.fm/e/traffic.megaphone.fm/GLT9590586130.mp3?updated=1777395015,https://open.spotify.com/search/The%20Rest%20Is%20History%2051.%20Aztecs,fae4c18e-dd54-4143-8831-c43197795688
53,53. Game of Thrones,2021-05-17,500,1500,500 – 1500,Europe,Medieval,Culture & Arts; Politics & Power; Monarchy & Royalty; Meta/Podcast,,false,,,false,medium,"The description explicitly asks what can be learned about “medieval history” from Game of Thrones, making the medieval period the primary focus. It is a thematic discussion of books, television, and historical imagination rather than a specific dated event.",3553,https://pdst.fm/e/traffic.megaphone.fm/GLT6687512105.mp3?updated=1777394997,https://open.spotify.com/search/The%20Rest%20Is%20History%2053.%20Game%20of%20Thrones,75d73372-5a16-4691-9ef5-64d056d9f1ec
54,54. Cromwell and the Protectorate,2021-05-20,1653,1659,1653 – 1659,Britain,Early Modern,Politics & Power; Revolution; Monarchy & Royalty; Biography,Oliver Cromwell,false,,,false,high,"The description explicitly focuses on Oliver Cromwell's Protectorate and the ""short-lived British Republic,"" which dates primarily to the Protectorate period of 1653–1659.",3356,https://pdst.fm/e/traffic.megaphone.fm/GLT5457562231.mp3?updated=1777395002,https://open.spotify.com/search/The%20Rest%20Is%20History%2054.%20Cromwell%20and%20the%20Protectorate,77677bed-56e1-49e0-a9e7-cc0c7c56855f
55,55. The World Cup of Gods - Preview,2021-05-22,0,0,Undated,Undated,Undated,Meta/Podcast; Sport,,false,,,false,high,"The description explicitly says Tom Holland and Dominic Sandbrook “preview” the World Cup of Gods and its “sixteen competitors,” making this a podcast event preview rather than a focused historical episode.",1274,https://pdst.fm/e/traffic.megaphone.fm/GLT7465078719.mp3?updated=1775851945,https://open.spotify.com/search/The%20Rest%20Is%20History%2055.%20The%20World%20Cup%20of%20Gods%20-%20Preview,c6ac542f-709f-46f2-8e3c-3965e77ac7e7
56,56. Nero,2021-05-24,54,68,54 – 68,Italy,Ancient,Biography; Politics & Power; Monarchy & Royalty; Culture & Arts,Nero,false,,,false,high,"The episode is explicitly about Nero, the Roman emperor, whose reign lasted from 54 to 68 CE. The description focuses on whether he was “depraved, corrupt and evil” or “an artist,” anchoring the themes in political power and culture.",3629,https://pdst.fm/e/traffic.megaphone.fm/GLT7241559003.mp3?updated=1777394991,https://open.spotify.com/search/The%20Rest%20Is%20History%2056.%20Nero,24444bde-5780-4589-b94f-03d5cfc69c17
57,57. Paris,2021-05-27,0,0,Undated,France,Undated,Culture & Arts,,false,,,false,high,"The description presents Paris as a city considered “throughout history” and focuses on its culture, architecture, and people without identifying a specific historical period.",3283,https://pdst.fm/e/traffic.megaphone.fm/GLT6186083108.mp3?updated=1777394987,https://open.spotify.com/search/The%20Rest%20Is%20History%2057.%20Paris,12dda801-86ca-44f4-9499-8ce17ee3edde
58,58. The World Cup of Gods - Part 1,2021-05-31,0,0,Undated,Global,Undated,Religion & Church; Meta/Podcast,,true,The World Cup of Gods,1,false,high,"The description presents a competition among “sixteen gods” and discusses its “group stages,” but gives no historical dates or period. This is therefore a purely thematic/meta episode rather than a datable historical narrative.",3374,https://pdst.fm/e/traffic.megaphone.fm/GLT8884399326.mp3?updated=1777395005,https://open.spotify.com/search/The%20Rest%20Is%20History%2058.%20The%20World%20Cup%20of%20Gods%20-%20Part%201,539af2e2-1615-4abc-a81f-03cfb8a9b0bc
59,59. The World Cup of Gods - Part 2,2021-06-01,0,0,Undated,Undated,Undated,Religion & Church; Meta/Podcast,,true,The World Cup of Gods,2,false,high,"The description presents this as a competition reviewing the knockout stages and final outcome of the podcast's “World Cup of Gods,” with no specific historical dates or period identified.",3594,https://pdst.fm/e/traffic.megaphone.fm/GLT6474253297.mp3?updated=1777394994,https://open.spotify.com/search/The%20Rest%20Is%20History%2059.%20The%20World%20Cup%20of%20Gods%20-%20Part%202,9f0ff553-a296-4a7f-bcb8-29ccc3766fb0
60,60. Muhammad,2021-06-03,570,632,570 – 632,Middle East,Medieval,Religion & Church; Politics & Power; Biography,Muhammad,false,,,false,medium,"The description focuses on Muhammad's life and historical context, placing the episode in the early 7th century; the exact dates are inferred from the standard dating of his life.",3831,https://pdst.fm/e/traffic.megaphone.fm/GLT7621065751.mp3?updated=1777395002,https://open.spotify.com/search/The%20Rest%20Is%20History%2060.%20Muhammad,d464710d-c131-4cc2-9238-4e2d454c135f
61,61. California,2021-06-07,1846,2020,1846 – 2020,United States,Contemporary,Politics & Power; Economics & Trade; Culture & Arts,,false,,,false,low,"The description covers California's “origins” as well as its “modern day politics,” indicating a broad history from its emergence as a U.S. state in the mid-19th century through the present. Because the description emphasizes both historical origins and contemporary political and economic issues, no single period clearly dominates.",3042,https://pdst.fm/e/traffic.megaphone.fm/GLT2438679240.mp3?updated=1777394958,https://open.spotify.com/search/The%20Rest%20Is%20History%2061.%20California,f4e1d59c-1b28-4100-9d28-3a9c329936ec
62,62. Magna Carta,2021-06-10,1215,1215,1215,Britain,Medieval,Politics & Power; Monarchy & Royalty,King John,false,,,false,high,"The description centers on the Magna Carta, described as the bill of rights King John was forced to sign, anchoring the episode to 1215 in medieval England.",2925,https://pdst.fm/e/traffic.megaphone.fm/GLT5613809659.mp3?updated=1777394820,https://open.spotify.com/search/The%20Rest%20Is%20History%2062.%20Magna%20Carta,395171bc-67dd-49e4-bd18-cb840942c169
63,"63. Hitler, with Ian Kershaw - part 1",2021-06-14,1933,1945,1933 – 1945,Germany,World Wars & Interwar,Politics & Power; Ideology; Biography,Adolf Hitler,true,"Hitler, with Ian Kershaw",1,false,medium,"The description calls Hitler the “Nazi dictator” and describes a two-part investigation of him, anchoring the episode in Nazi Germany, chiefly 1933–1945. The title explicitly identifies this as “part 1.”",3043,https://pdst.fm/e/traffic.megaphone.fm/GLT1996418919.mp3?updated=1777394961,https://open.spotify.com/search/The%20Rest%20Is%20History%2063.%20Hitler%2C%20with%20Ian%20Kershaw%20-%20part%201,10211afc-1466-48ec-bd00-76704502dcad
64,"64. Hitler, with Ian Kershaw - part 2",2021-06-17,1933,1945,1933 – 1945,Germany,World Wars & Interwar,Politics & Power; War & Military; Ideology; Biography,Adolf Hitler,true,"Hitler, with Ian Kershaw",2,false,high,"The description identifies this as the second part of an examination of Adolf Hitler, focusing on his years leading up to and during the Second World War. This supports a primary range from the Nazi era beginning in 1933 through the end of the war in 1945.",2849,https://pdst.fm/e/traffic.megaphone.fm/GLT5766781968.mp3?updated=1777394965,https://open.spotify.com/search/The%20Rest%20Is%20History%2064.%20Hitler%2C%20with%20Ian%20Kershaw%20-%20part%202,40fe5c86-dd10-4d7f-bb93-8d8c65e96098
65,65. A Very British Scandal,2021-06-21,1967,1979,1967 – 1979,Britain,Postwar,Politics & Power; Crime & Mystery; Sex & Scandal; Biography,Jeremy Thorpe; Norman Scott,false,,,false,high,"The episode focuses on Jeremy Thorpe's leadership of the Liberal Party, his relationship with Norman Scott, and the conspiracy-to-murder trial at the Old Bailey. The central events fall in the late 1960s through the 1970s, including the murder of Scott's dog Rinka and Thorpe's 1979 trial.",3413,https://pdst.fm/e/traffic.megaphone.fm/GLT1741780940.mp3?updated=1777395055,https://open.spotify.com/search/The%20Rest%20Is%20History%2065.%20A%20Very%20British%20Scandal,2f727673-0de5-43d1-8244-cbf3f6ad0976
66,66. Ghosts,2021-06-24,0,0,Undated,Undated,Undated,Culture & Arts,,false,,,false,high,"The episode is a thematic discussion of ghosts and ghost stories, asking whether they evolve to reflect “the age in which the apparition appears,” without identifying a specific historical period or region.",3203,https://pdst.fm/e/traffic.megaphone.fm/GLT2309926019.mp3?updated=1777394789,https://open.spotify.com/search/The%20Rest%20Is%20History%2066.%20Ghosts,9f36e36e-f9a0-403e-99a4-929bd7315359
67,67. Anglo-German Relations,2021-06-28,0,0,Undated,Europe,Undated,Politics & Power; Diplomacy,,false,,,false,low,"The description only says the hosts explore the historical events shaping the relationship between England and Germany, without naming a specific period, event, or figure. The sporting reference is promotional context rather than a historical date anchor.",3336,https://pdst.fm/e/traffic.megaphone.fm/GLT1735608678.mp3?updated=1777395010,https://open.spotify.com/search/The%20Rest%20Is%20History%2067.%20Anglo-German%20Relations,3d5ac069-51f6-4ca1-a135-e9338608cc07
68,68. The British Empire,2021-07-01,1600,1997,1600 – 1997,Britain,Long 19th Century,Empire & Colonialism; Politics & Power; Slavery,,false,,,false,low,"The title and description focus broadly on “The British Empire” and its legacy “today,” without specifying a particular episode or date range. The empire’s dominant historical significance is commonly associated with the 19th century, but the description supports a broad span rather than a narrowly 1800–1934 focus.",3303,https://pdst.fm/e/traffic.megaphone.fm/GLT6076978409.mp3?updated=1777395093,https://open.spotify.com/search/The%20Rest%20Is%20History%2068.%20The%20British%20Empire,ed17f321-feb6-439f-a085-32407cd68709
69,69. England v Ukraine,2021-07-02,1853,1856,1853 – 1856,Eastern Europe,Long 19th Century,War & Military; Diplomacy; Biography,Florence Nightingale,false,,,true,medium,"The description foregrounds Crimea and the Light Brigade, anchoring the episode in the Crimean War (1853–1856), with Florence Nightingale as a prominent figure. The England–Ukraine framing makes Eastern Europe the dominant region.",2570,https://pdst.fm/e/traffic.megaphone.fm/GLT5469973001.mp3?updated=1777394941,https://open.spotify.com/search/The%20Rest%20Is%20History%2069.%20England%20v%20Ukraine,02408d95-4de6-4dca-a393-9c3d3e71ad9f
70,70. Children’s History,2021-07-05,0,0,Undated,Undated,Undated,Meta/Podcast; Literature,,false,,,false,high,"The episode is explicitly about how to write history books for children, including suitable topics, detail, and depictions of violence, rather than a specific historical period.",2754,https://pdst.fm/e/traffic.megaphone.fm/GLT3229015713.mp3?updated=1777394975,https://open.spotify.com/search/The%20Rest%20Is%20History%2070.%20Children%E2%80%99s%20History,f806aa0a-e2bf-4b1c-a5ca-d85d87d05636
71,71. England v Denmark,2021-07-06,793,1807,793 – 1807,Britain,Medieval,War & Military; Monarchy & Royalty; Politics & Power,,false,,,false,low,"The description presents “Anglo-Danish history through the ages,” with “Vikings” anchoring the medieval period and the “destruction of Copenhagen” indicating a later episode in the relationship, plausibly the 1807 bombardment. Because the description is deliberately broad and non-specific, the date range and dominant era are uncertain.",3595,https://pdst.fm/e/traffic.megaphone.fm/GLT2805859297.mp3?updated=1777395103,https://open.spotify.com/search/The%20Rest%20Is%20History%2071.%20England%20v%20Denmark,fb760d2b-8039-4380-8403-66c241c9a797
72,72. The Vietnam War,2021-07-08,1955,1975,1955 – 1975,Southeast Asia,Postwar,War & Military; Politics & Power; Diplomacy,,false,,,false,high,"The title identifies “The Vietnam War,” and the description refers to the “conflict in Vietnam” and its surrounding international politics, anchoring the episode to the Vietnam War period of 1955–1975.",3536,https://pdst.fm/e/traffic.megaphone.fm/GLT4906340188.mp3?updated=1777395077,https://open.spotify.com/search/The%20Rest%20Is%20History%2072.%20The%20Vietnam%20War,7167be21-0733-48fd-98c8-09d2a5d16066
73,73. England v Italy,2021-07-09,0,0,Undated,Europe,Undated,Culture & Arts; Politics & Power,,false,,,false,low,"The description only says they explore “the history of Rome, Italy and England” and does not identify a specific period or dated event. The episode is therefore best treated as broadly thematic and undated.",3721,https://pdst.fm/e/traffic.megaphone.fm/GLT3184835237.mp3?updated=1777395000,https://open.spotify.com/search/The%20Rest%20Is%20History%2073.%20England%20v%20Italy,762f9f98-4ce2-44f8-8b8f-d51bd7f360f4
74,74. The Six Wives of Henry VIII,2021-07-12,1509,1547,1509 – 1547,Britain,Early Modern,Monarchy & Royalty; Sex & Scandal; Religion & Church; Biography,Henry VIII; Catherine of Aragon; Anne Boleyn; Jane Seymour; Catherine Howard,false,,,false,high,"The episode focuses on Henry VIII's six marriages during his reign (1509–1547), explicitly asking how his queens influenced the Reformation. The title and description identify Henry VIII and his six wives as the central subjects.",3281,https://pdst.fm/e/traffic.megaphone.fm/GLT6913826589.mp3?updated=1777395007,https://open.spotify.com/search/The%20Rest%20Is%20History%2074.%20The%20Six%20Wives%20of%20Henry%20VIII,481adbbd-0def-49a1-9945-040d94ddc86d
75,75. The East India Company,2021-07-15,1700,1800,1700 – 1800,India,Early Modern,Empire & Colonialism; Economics & Trade; Politics & Power,,false,,,false,high,"The description explicitly identifies the East India Company’s story as taking place “in the 18th century,” focusing on its merchant conquest of Asia and the transition to British government rule in India.",3763,https://pdst.fm/e/traffic.megaphone.fm/GLT7809915873.mp3?updated=1777395041,https://open.spotify.com/search/The%20Rest%20Is%20History%2075.%20The%20East%20India%20Company,ce60fa8d-a531-46b9-9f2b-499f4315db48
76,76. Statues: Trafalgar Square,2021-07-19,1805,1900,1805 – 1900,Britain,Long 19th Century,Culture & Arts; Politics & Power,,true,,,true,low,"The episode is a walking tour of Trafalgar Square examining its statues and the stories behind them. The title anchors the setting to Trafalgar, while the square’s statue-focused history is most plausibly centred in 19th-century London, though the description gives no specific dates or figures.",2342,https://pdst.fm/e/traffic.megaphone.fm/GLT4670878913.mp3?updated=1777394917,https://open.spotify.com/search/The%20Rest%20Is%20History%2076.%20Statues%3A%20Trafalgar%20Square,d229e714-8029-4ff6-b2f1-c736314a854f
77,77. Statues: Whitehall,2021-07-20,0,0,Undated,Britain,Undated,Culture & Arts; War & Military; Monarchy & Royalty,,false,,,false,high,"The description is a tour of London’s Whitehall statues, featuring broad categories including “war leaders, useless royals and courtesans,” but gives no specific dates or dominant historical period. Therefore the episode is genuinely undated and thematic.",2050,https://pdst.fm/e/traffic.megaphone.fm/GLT3402485088.mp3?updated=1777394864,https://open.spotify.com/search/The%20Rest%20Is%20History%2077.%20Statues%3A%20Whitehall,e7d2b31d-534c-4e84-8f16-bcbed39e1d1b
78,78. Statues: Parliament Square,2021-07-22,1800,2013,1800 – 2013,Global,Postwar,Culture & Arts; Politics & Power; Biography,Winston Churchill; Nelson Mandela; Mahatma Gandhi,true,,,false,medium,"The episode explores the statues of modern world leaders in Parliament Square, specifically Winston Churchill, Nelson Mandela and Mahatma Gandhi. Their associated political histories span the 19th and 20th centuries, with the postwar era especially represented by Mandela and the episode's modern commemorative focus.",2768,https://pdst.fm/e/traffic.megaphone.fm/GLT3870229260.mp3?updated=1777394999,https://open.spotify.com/search/The%20Rest%20Is%20History%2078.%20Statues%3A%20Parliament%20Square,1a4e11ca-1b80-4e40-a83c-8c8207f26059
79,79. Ancient Olympics,2021-07-26,-776,393,776 BCE – 393,Mediterranean,Ancient,Sport; Culture & Arts,,false,,,false,medium,The episode explicitly looks back to the “Ancient Olympics” and describes Greek athletic stories from “2500 years ago.” The conventional span of the ancient Games is used for the date range.,3402,https://pdst.fm/e/traffic.megaphone.fm/GLT9627584488.mp3?updated=1777395054,https://open.spotify.com/search/The%20Rest%20Is%20History%2079.%20Ancient%20Olympics,56bf0aee-2580-48b4-ab76-616a22682d0c
80,80. Modern Olympics - Part 1,2021-07-29,1896,1939,1896 – 1939,Global,World Wars & Interwar,Sport,,true,Modern Olympics,1,false,high,"The description explicitly dates the rebirth of the modern Olympic Games to 1896 in Athens and follows them through to the outbreak of the Second World War, implying a focus of approximately 1896–1939. The episode is primarily about the Olympic Games and their sporting history.",3030,https://pdst.fm/e/traffic.megaphone.fm/GLT3795252606.mp3?updated=1777395096,https://open.spotify.com/search/The%20Rest%20Is%20History%2080.%20Modern%20Olympics%20-%20Part%201,394d9185-83e0-4a16-92ca-186baa146325
81,81. Modern Olympics - Part 2,2021-07-30,1945,2023,1945 – 2023,Global,Contemporary,Sport; Politics & Power; Economics & Trade; Culture & Arts,,true,Modern Olympics,2,false,high,"The description explicitly says the episode covers the Olympics from the “post-war to the present day,” including Cold War rivalries, television, and modern financial extravagance. This anchors the focus in the post-1945 period through the contemporary era.",2811,https://pdst.fm/e/traffic.megaphone.fm/GLT4846758176.mp3?updated=1777394963,https://open.spotify.com/search/The%20Rest%20Is%20History%2081.%20Modern%20Olympics%20-%20Part%202,264d4017-decf-4d2a-897c-c8a11b5fc49b
82,82. Sparta,2021-08-02,-700,-300,700 BCE – 300 BCE,Mediterranean,Ancient,War & Military; Politics & Power; Culture & Arts,,false,,,false,medium,"The description explicitly places the episode in the “Ancient Greek world” and focuses on Spartan society, while its analysis of the film “300” anchors part of the discussion in the classical Greek wars. The broad social and military focus supports an approximate span of 700–300 BCE rather than a single event.",3864,https://pdst.fm/e/traffic.megaphone.fm/GLT1755395266.mp3?updated=1777395019,https://open.spotify.com/search/The%20Rest%20Is%20History%2082.%20Sparta,86a37dda-5087-43fa-ac35-f9f411334cc3
83,83. The Berlin Wall,2021-08-05,1961,1989,1961 – 1989,Germany,Postwar,Politics & Power; Ideology; War & Military,,false,,,false,high,The description dates the Berlin Wall to the German Democratic Republic beginning construction in 1961 and states that it stood until 1989. It explicitly frames the Wall as a symbol of the Cold War and its ideological divide.,3904,https://pdst.fm/e/traffic.megaphone.fm/GLT1824879961.mp3?updated=1777395052,https://open.spotify.com/search/The%20Rest%20Is%20History%2083.%20The%20Berlin%20Wall,bfeba0d0-0283-47ad-8623-80d97b8f5957
84,84. Exams,2021-08-09,0,0,Undated,Britain,Undated,Politics & Power,,false,,,false,high,"The episode is described as discussing “the fascinating history of the examination,” but no specific historical period or dated events are given. References to British A-level and GCSE results support Britain as the regional focus, while the topic remains broadly thematic and undated.",3495,https://pdst.fm/e/traffic.megaphone.fm/GLT6507641896.mp3?updated=1777394961,https://open.spotify.com/search/The%20Rest%20Is%20History%2084.%20Exams,f33a4351-223d-40cf-86c6-529ff21a881e
85,85. Sherlock Holmes,2021-08-12,1837,1914,1837 – 1914,Britain,Long 19th Century,Literature; Crime & Mystery; Culture & Arts,,false,,,true,high,"The description explicitly focuses on “Victorian and Edwardian London,” anchoring the episode to roughly 1837–1914. Its subject is Sherlock Holmes and the enduring popularity of the detective stories, making literature, crime, and urban culture the central themes.",3342,https://pdst.fm/e/traffic.megaphone.fm/GLT8342867383.mp3?updated=1777394980,https://open.spotify.com/search/The%20Rest%20Is%20History%2085.%20Sherlock%20Holmes,98c3ab8e-6fe2-41d2-84fa-bc05154b5682
86,86. The Enlightenment,2021-08-16,1650,1800,1650 – 1800,Europe,Early Modern,Science & Technology; Ideology; Revolution; Politics & Power,,false,,,false,high,"The episode explicitly explores “the Enlightenment” and its path toward “reason, science, revolution and the guillotine,” anchoring it in the European intellectual and political movements of the late 17th and 18th centuries.",3397,https://pdst.fm/e/traffic.megaphone.fm/GLT8077157127.mp3?updated=1777394988,https://open.spotify.com/search/The%20Rest%20Is%20History%2086.%20The%20Enlightenment,39cf5698-cca7-4295-b821-a57ba1ea3e5b
87,87. Afghanistan - Part 1,2021-08-18,1800,1901,1800 – 1901,Central Asia,Long 19th Century,Empire & Colonialism; Diplomacy; Politics & Power; War & Military,,true,,,true,medium,"The description presents this as a history of Afghanistan focused especially on its relationships with empires and its role in the 19th-century 'Great Game.' The exact span is not specified, so the range is anchored broadly to the Great Game era.",4001,https://pdst.fm/e/traffic.megaphone.fm/GLT7464087190.mp3?updated=1777395018,https://open.spotify.com/search/The%20Rest%20Is%20History%2087.%20Afghanistan%20-%20Part%201,8e63ed26-878e-40a1-be47-dabd37769463
88,88. The First Anglo-Afghan War,2021-08-19,1839,1842,1839 – 1842,Central Asia,Long 19th Century,War & Military; Empire & Colonialism; Diplomacy,,false,,,true,high,"The episode is explicitly about the First Anglo-Afghan War, described as being fought in the “early-mid 19th Century,” conventionally dated 1839–1842. Its focus on a British war in Afghanistan supports the themes of military conflict and empire.",3525,https://pdst.fm/e/traffic.megaphone.fm/GLT5156371854.mp3?updated=1777395000,https://open.spotify.com/search/The%20Rest%20Is%20History%2088.%20The%20First%20Anglo-Afghan%20War,badbe559-f3c9-4e02-9471-04be3bf2ac47
89,89. Climate & Weather,2021-08-23,0,0,Undated,Global,Undated,War & Military; Politics & Power,,false,,,false,high,"The episode is a broad thematic review spanning “the Ice Age to the Winter of Discontent,” presenting a “top ten” of weather-affected historical moments rather than focusing on one period. The description mentions wars and Prime Ministers but does not identify a dominant date range.",3642,https://pdst.fm/e/traffic.megaphone.fm/GLT6521438447.mp3?updated=1777395012,https://open.spotify.com/search/The%20Rest%20Is%20History%2089.%20Climate%20%26%20Weather,b0f75939-b2d9-4da9-a9e8-85ebaf11f8ba
90,90. The Western Front,2021-08-26,1914,1918,1914 – 1918,France,World Wars & Interwar,War & Military,,false,,,true,high,"The description explicitly identifies the subject as the Western Front in “World War One” and discusses events there, anchoring the episode to 1914–1918. The dominant setting is the Western Front, chiefly in France.",3736,https://pdst.fm/e/traffic.megaphone.fm/GLT9972346188.mp3?updated=1777395054,https://open.spotify.com/search/The%20Rest%20Is%20History%2090.%20The%20Western%20Front,e669ceff-1446-4868-80c5-add20c7e0227
91,91. The Beatles,2021-08-30,1960,1970,1960 – 1970,Britain,Postwar,Music; Culture & Arts,John Lennon; Paul McCartney; George Harrison; Ringo Starr,false,,,false,high,"The episode focuses on the Beatles’ cultural impact and the social conditions behind their success, placing the main focus in their 1960s career. The description explicitly identifies the “Fab Four” and mentions John Lennon’s house.",3544,https://pdst.fm/e/traffic.megaphone.fm/GLT5767145023.mp3?updated=1777395060,https://open.spotify.com/search/The%20Rest%20Is%20History%2091.%20The%20Beatles,7df16ca8-7510-4340-b39b-3e3fd17693df
92,92. Nuclear Weapons,2021-09-01,1983,1983,1983,Global,Postwar,War & Military; Science & Technology; Disaster & Plague,,false,,,false,high,"The episode is explicitly set in 1983 and focuses on November 8, when “the world is the closest it’s ever been to nuclear destruction.” The subject is the Cold War nuclear crisis and the near-avoidance of Armageddon.",3574,https://pdst.fm/e/traffic.megaphone.fm/GLT2236644203.mp3?updated=1777394991,https://open.spotify.com/search/The%20Rest%20Is%20History%2092.%20Nuclear%20Weapons,47f41526-a1d2-425c-8fb1-fa9605e6166f
93,93. Silicon Valley Part 1,2021-09-06,1960,1995,1960 – 1995,United States,Postwar,Science & Technology; War & Military; Economics & Trade,Marc Andreessen,true,Silicon Valley,1,false,medium,"The description focuses on how the internet developed out of military technology and on the emergence of the World Wide Web, placing the main focus in the late 20th century. The Silicon Valley framing and appearance of tech pioneer Marc Andreessen support a primarily United States-centered episode.",2893,https://pdst.fm/e/traffic.megaphone.fm/GLT5734449332.mp3?updated=1777394995,https://open.spotify.com/search/The%20Rest%20Is%20History%2093.%20Silicon%20Valley%20Part%201,bac07ad2-7448-4ee0-9481-01da499e14e1
94,94. Silicon Valley Part 2,2021-09-07,2000,2023,2000 – 2023,United States,Contemporary,Science & Technology; Politics & Power; Culture & Arts,Marc Andreessen,true,Silicon Valley,2,false,medium,"The episode is anchored by the description's focus on “the rise of social media,” its effects on “populist politics,” and Silicon Valley tech pioneer Marc Andreessen. These indicate a primarily 21st-century, U.S.-centered subject, though no precise dates are given.",2788,https://pdst.fm/e/traffic.megaphone.fm/GLT3075342575.mp3?updated=1777394919,https://open.spotify.com/search/The%20Rest%20Is%20History%2094.%20Silicon%20Valley%20Part%202,468128a6-9841-46eb-82b5-fc0e069b85af
95,95. 9/11,2021-09-09,2001,2001,2001,United States,Contemporary,War & Military; Politics & Power; Ideology,,false,,,false,high,"The episode is explicitly about the September 11, 2001 attacks, described as occurring on “Tuesday, September 11, 2001,” and examines their subsequent impact. The attacks took place in the United States, making it the dominant region.",3355,https://pdst.fm/e/traffic.megaphone.fm/GLT8208243510.mp3?updated=1777394983,https://open.spotify.com/search/The%20Rest%20Is%20History%2095.%209/11,3746793b-dbb9-4a9d-a2fa-c10d2c3217c2
96,96. The UK’s Best Churches,2021-09-13,0,0,Undated,Britain,Undated,Religion & Church; Culture & Arts,,false,,,false,high,"The episode is a thematic ranking of the UK's finest churches, described as choosing a 'top ten' from around 16,000 churches, without anchoring the discussion to a specific historical period.",4127,https://pdst.fm/e/traffic.megaphone.fm/GLT7919970372.mp3?updated=1777395033,https://open.spotify.com/search/The%20Rest%20Is%20History%2096.%20The%20UK%E2%80%99s%20Best%20Churches,656e224b-65e2-458a-9985-6fe0dc099678
97,97. Top Ten Mistresses,2021-09-16,0,0,Undated,Global,Undated,Sex & Scandal; Biography; Politics & Power,,false,,,false,high,"The description presents a thematic discussion of the “most influential mistresses in history” without identifying a specific period, region, or individual. Its live-recording context also supports treating it as undated rather than assigning a historical era.",4663,https://pdst.fm/e/traffic.megaphone.fm/GLT8855582591.mp3?updated=1777395011,https://open.spotify.com/search/The%20Rest%20Is%20History%2097.%20Top%20Ten%20Mistresses,51b9fccd-77fe-4e93-8443-63246035e085
98,98. Thermopylae & Salamis Episode 1,2021-09-20,-480,-480,480 BCE,Mediterranean,Ancient,War & Military; Empire & Colonialism; Politics & Power,Leonidas; Xerxes,true,,,false,high,"The description explicitly dates the battles to 480 BC and focuses on the Persian invasion of Greece, the stand at Thermopylae, and the Greek victory at Salamis. The title's “Episode 1” indicates a multi-part series.",3334,https://pdst.fm/e/traffic.megaphone.fm/GLT3813381992.mp3?updated=1777394994,https://open.spotify.com/search/The%20Rest%20Is%20History%2098.%20Thermopylae%20%26%20Salamis%20Episode%201,0e5cd120-bc6c-4adc-892a-880e8bb12e43
99,99. Thermopylae & Salamis Episode 2,2021-09-21,-480,-479,480 BCE – 479 BCE,Mediterranean,Ancient,War & Military; Empire & Colonialism,,true,,,false,high,"The description explicitly discusses the 2,500th anniversary of the Persian invasion of Greece and the battles of Thermopylae and Salamis, fought in 480 BCE during the Greco-Persian Wars.",3527,https://pdst.fm/e/traffic.megaphone.fm/GLT9857497334.mp3?updated=1777395009,https://open.spotify.com/search/The%20Rest%20Is%20History%2099.%20Thermopylae%20%26%20Salamis%20Episode%202,252bdb4f-1758-41cc-bd96-b19f3bfb26e4
100,100. Decolonising Africa,2021-09-23,1900,1991,1900 – 1991,Africa,Postwar,Empire & Colonialism; Politics & Power; Ideology,,false,,,false,medium,"The description explicitly focuses on the pan-African movement and the independence of African states from European colonisers “during the 20th century.” Because decolonisation is primarily associated with the post-1945 period, the episode is placed in the Postwar era, though no narrower dates are given.",3184,https://pdst.fm/e/traffic.megaphone.fm/GLT2427735251.mp3?updated=1777394971,https://open.spotify.com/search/The%20Rest%20Is%20History%20100.%20Decolonising%20Africa,f857e62f-37bc-4199-b744-68cd33f80397
101,101. James Bond,2021-09-27,0,0,Undated,Britain,Undated,Culture & Arts; Espionage; Literature,Ian Fleming,false,,,false,high,"The description presents James Bond as a fictional British agent and focuses on the “history and evolution” of Ian Fleming’s character across book and cinematic forms, without identifying a specific historical period.",3354,https://pdst.fm/e/traffic.megaphone.fm/GLT6304120514.mp3?updated=1777395057,https://open.spotify.com/search/The%20Rest%20Is%20History%20101.%20James%20Bond,062078e4-8a13-4b1f-a5ed-19302ee84450
102,102. Germany from Adenauer to Angela,2021-09-28,1949,2021,1949 – 2021,Germany,Postwar,Politics & Power; Ideology; Religion & Church; Biography,Konrad Adenauer; Helmut Kohl; Angela Merkel,false,,,false,high,"The episode is explicitly about Germany’s chancellors “since the Second World War,” beginning with Adenauer and ending as Angela Merkel leaves German politics. The description also specifically highlights Helmut Kohl and Merkel’s East German background.",3621,https://pdst.fm/e/traffic.megaphone.fm/GLT6085378369.mp3?updated=1777394990,https://open.spotify.com/search/The%20Rest%20Is%20History%20102.%20Germany%20from%20Adenauer%20to%20Angela,96c4441e-e730-485d-8e34-b164eaa499a1
103,103. The Norse Sagas,2021-09-30,793,1066,793 – 1066,Scandinavia,Medieval,Exploration & Discovery; War & Military; Culture & Arts,,false,,,false,medium,"The episode is framed around “the Norse sagas” and asks about “the Vikings,” their society in Iceland, and how they reached America. These references point broadly to the Viking Age, conventionally dated from the late eighth to mid-eleventh centuries.",3481,https://pdst.fm/e/traffic.megaphone.fm/GLT8280648151.mp3?updated=1777394993,https://open.spotify.com/search/The%20Rest%20Is%20History%20103.%20The%20Norse%20Sagas,5a0fa846-d826-43fb-b212-7a3cb44c00cd
104,104. Macbeth,2021-10-04,1040,1057,1040 – 1057,Britain,Medieval,Monarchy & Royalty; Politics & Power; Literature; Culture & Arts,Macbeth; William Shakespeare,false,,,false,medium,"The description centers on the “real history of Scotland’s most notorious king,” Macbeth, whose reign was approximately 1040–1057. Discussion of Shakespeare’s play and its political context adds an early modern literary layer, but the dominant focus is the medieval Scottish king.",3260,https://pdst.fm/e/traffic.megaphone.fm/GLT3313769671.mp3?updated=1777395088,https://open.spotify.com/search/The%20Rest%20Is%20History%20104.%20Macbeth,f2a79c98-8fc7-43ef-ae0b-094bd6bf9715
105,105. Classics,2021-10-07,500,2023,500 – 2023,Europe,Medieval,Culture & Arts; Literature,,false,,,false,medium,"The episode discusses how the legacy of classical Greece and Rome has been interpreted over “the past millennium and a half,” ranging from Dante to recent debates in the United States. Its dominant focus is therefore the post-classical reception of antiquity, beginning broadly in the medieval period rather than ancient events themselves.",3644,https://pdst.fm/e/traffic.megaphone.fm/GLT1093096549.mp3?updated=1777394977,https://open.spotify.com/search/The%20Rest%20Is%20History%20105.%20Classics,d6627ec2-e15a-467f-bdde-4050d824ba09
106,106. Watergate: Part 1,2021-10-11,1913,1974,1913 – 1974,United States,Postwar,Politics & Power; Sex & Scandal; Biography,Richard Nixon,true,Watergate,1,false,medium,"The episode is centered on Richard Nixon's life, political rise, and downfall in the Watergate scandal, a primarily 20th-century American story. The description explicitly traces him from his “humble beginnings” to “the precipice of his downfall,” with Watergate placing the climax in the early 1970s.",2871,https://pdst.fm/e/traffic.megaphone.fm/GLT6675580126.mp3?updated=1777394990,https://open.spotify.com/search/The%20Rest%20Is%20History%20106.%20Watergate%3A%20Part%201,6383b166-5fdf-48d2-a449-a454d593a5c0
107,107. Watergate: Part 2,2021-10-12,1972,1974,1972 – 1974,United States,Postwar,Politics & Power; Crime & Mystery; Espionage,Richard Nixon,true,Watergate,2,false,high,"The description explicitly identifies the Watergate scandal, Richard Nixon's criminal actions, and the conspiracy's unravelling; Watergate primarily unfolded from the 1972 break-in through Nixon's resignation in 1974.",3104,https://pdst.fm/e/traffic.megaphone.fm/GLT9677344742.mp3?updated=1777395036,https://open.spotify.com/search/The%20Rest%20Is%20History%20107.%20Watergate%3A%20Part%202,2708c81e-a91b-4dc2-9214-72f1b4c4df33
108,108. The Industrial Revolution,2021-10-14,1760,1840,1760 – 1840,Britain,Long 19th Century,Economics & Trade; Science & Technology,,false,,,false,high,"The episode is explicitly about the Industrial Revolution, asking why Britain was first to industrialise and whether industrialisation improved people’s lives. The conventional focus is approximately 1760–1840, spanning the late 18th and early 19th centuries, so it is not exclusively within 1800–1934.",3606,https://pdst.fm/e/traffic.megaphone.fm/GLT2130563458.mp3?updated=1777395061,https://open.spotify.com/search/The%20Rest%20Is%20History%20108.%20The%20Industrial%20Revolution,4bf020ee-f9ec-4da8-9887-60769afbbc8e
109,109. Dinosaurs,2021-10-18,1820,2023,1820 – 2023,Global,Contemporary,Science & Technology; Culture & Arts; Disaster & Plague,,false,,,false,medium,"The episode focuses on how dinosaurs were discovered and their role in the popular imagination over “the past 200 years,” while also discussing their prehistoric extinction and modern cultural afterlife. Because the subject spans the nineteenth century to the present, it is not strongly confined to 1800–1934.",3158,https://pdst.fm/e/traffic.megaphone.fm/GLT4328792494.mp3?updated=1777395015,https://open.spotify.com/search/The%20Rest%20Is%20History%20109.%20Dinosaurs,14e81769-ff93-42c7-a76c-92d60301532f
110,110. History of India in 10 Buildings,2021-10-21,-2500,2023,2500 BCE – 2023,India,Ancient,Culture & Arts; Empire & Colonialism,,false,,,false,high,"The description explicitly presents a survey of India’s past over 4,500 years, ranging from the ancient site of Mohenjo-daro to the modern era of Narendra Modi. Because the episode spans multiple eras, the earliest anchor is placed around the Indus Valley period and the era bucket reflects its ancient starting point.",3504,https://pdst.fm/e/traffic.megaphone.fm/GLT7972990176.mp3?updated=1777395001,https://open.spotify.com/search/The%20Rest%20Is%20History%20110.%20History%20of%20India%20in%2010%20Buildings,5d4ca792-8d87-4301-8bee-a4b473fbe64e
111,111. Golden Ages,2021-10-25,0,0,Undated,Europe,Undated,Politics & Power; Culture & Arts,,false,,,false,high,"The episode is a thematic debate about the merits of different “Golden Ages,” citing the Dutch seventeenth century, Rome in 150 AD, and Britain in the 1990s rather than focusing on one dated period. The tour announcement is promotional and does not alter the historical focus.",3356,https://pdst.fm/e/traffic.megaphone.fm/GLT9885576415.mp3?updated=1777394997,https://open.spotify.com/search/The%20Rest%20Is%20History%20111.%20Golden%20Ages,39b6b258-46cc-4d1a-a4e5-c69a2bf1ef02
112,112. Medieval Science,2021-10-28,500,1500,500 – 1500,Europe,Medieval,Science & Technology; Culture & Arts,,false,,,false,high,"The title is ""Medieval Science,"" and the description explicitly discusses how ""the Middle Ages shaped and influenced the development of science,"" anchoring the episode in the medieval period.",3011,https://pdst.fm/e/traffic.megaphone.fm/GLT3839934134.mp3?updated=1777394945,https://open.spotify.com/search/The%20Rest%20Is%20History%20112.%20Medieval%20Science,5662c1c8-a2b8-4d51-8333-6b08cfd2f55a
113,113. Hallowe'en and modern paganism,2021-11-01,1800,2000,1800 – 2000,Britain,Postwar,Religion & Church; Culture & Arts,,true,,,false,medium,"The description explicitly frames this as a history of “modern paganism,” including Wicca, Druids, Himmler, and the Glastonbury Festival, indicating a mainly 19th- and 20th-century focus. Britain is the dominant region through the references to Wicca, Druids, and Glastonbury; the description calls it “the first of a two part” special.",3237,https://pdst.fm/e/traffic.megaphone.fm/GLT4064224583.mp3?updated=1777395048,https://open.spotify.com/search/The%20Rest%20Is%20History%20113.%20Hallowe%27en%20and%20modern%20paganism,6f7080a8-9023-4c91-ba12-e189cf44200e
114,"114. Stonehenge, ancient ritual and the origins of paganism",2021-11-02,-3000,-1500,3000 BCE – 1500 BCE,Britain,Prehistory,Religion & Church; Culture & Arts,,false,,,false,medium,"The title and description centre on “Stonehenge,” “ancient ritual,” and the “oldest evidence ever found of pagan practice in Britain,” indicating a prehistoric focus. The description also ranges backward through Hadrian’s Wall, the early caliphate, and the Renaissance, but Stonehenge and the earliest British pagan evidence are the dominant anchors.",3114,https://pdst.fm/e/traffic.megaphone.fm/GLT2588049137.mp3?updated=1777394823,https://open.spotify.com/search/The%20Rest%20Is%20History%20114.%20Stonehenge%2C%20ancient%20ritual%20and%20the%20origins%20of%20paganism,7f7a05bd-8980-4dce-8a55-795ce513f3f1
115,115. The Gunpowder Plot,2021-11-04,1605,1605,1605,Britain,Early Modern,Politics & Power; Religion & Church; Crime & Mystery,,false,,,false,high,"The episode is explicitly about the Gunpowder Plot remembered on “the Fifth of November,” with the description focusing on the planned attack and its background and legacy. The central event occurred in 1605 in Britain.",3540,https://pdst.fm/e/traffic.megaphone.fm/GLT1711431752.mp3?updated=1777394980,https://open.spotify.com/search/The%20Rest%20Is%20History%20115.%20The%20Gunpowder%20Plot,c308fe47-01dc-4f71-ad03-583b2b1c4b6a
116,116. Alexander the Great Part 1,2021-11-08,-356,-331,356 BCE – 331 BCE,Mediterranean,Ancient,War & Military; Empire & Colonialism; Biography; Religion & Church,Alexander the Great,true,Alexander the Great,1,false,medium,"The episode traces Alexander's career from Macedonia to his journey to the oracle at Siwa, placing the main focus in his conquests during the late 4th century BCE. The description explicitly identifies it as the first of a two-part special about Alexander the Great.",3438,https://pdst.fm/e/traffic.megaphone.fm/GLT3321594885.mp3?updated=1777395016,https://open.spotify.com/search/The%20Rest%20Is%20History%20116.%20Alexander%20the%20Great%20Part%201,269b1ed6-0191-4725-9d4f-de6328d2c323
117,117. Alexander the Great part 2,2021-11-09,-334,-323,334 BCE – 323 BCE,Mediterranean,Ancient,War & Military; Empire & Colonialism; Biography; Monarchy & Royalty,Alexander the Great,true,Alexander the Great,2,false,high,"The episode is explicitly the second part of an Alexander the Great special and describes his campaigns, the limits of the known world, and his death. These events primarily date to Alexander's conquests and final years, approximately 334–323 BCE.",3477,https://pdst.fm/e/traffic.megaphone.fm/GLT9707946822.mp3?updated=1777394999,https://open.spotify.com/search/The%20Rest%20Is%20History%20117.%20Alexander%20the%20Great%20part%202,351a6b8d-8ee4-495f-a780-a0a6d90eac80
118,118. End of the First World War & Remembrance,2021-11-11,1914,1919,1914 – 1919,Europe,World Wars & Interwar,War & Military; Culture & Arts,,false,,,true,high,"The episode is anchored by the “last moments of the First World War” and the day “the guns fell silent on the Western Front,” with follow-up discussion of the origins of Remembrance Day, the Cenotaph, the Unknown Warrior, and poppies.",3403,https://pdst.fm/e/traffic.megaphone.fm/GLT2743125909.mp3?updated=1777395022,https://open.spotify.com/search/The%20Rest%20Is%20History%20118.%20End%20of%20the%20First%20World%20War%20%26%20Remembrance,04198c43-c8de-45ed-b0a2-b61bb918e2f2
119,119. World Cup of Kings & Queens preview,2021-11-12,0,0,Undated,Undated,Undated,Meta/Podcast; Monarchy & Royalty,,false,,,false,high,"The episode is a preview inviting listeners to vote in the “World Cup of Kings & Queens” and includes live tour information, without focusing on a specific historical period or monarch.",2537,https://pdst.fm/e/traffic.megaphone.fm/GLT7656399161.mp3?updated=1777394815,https://open.spotify.com/search/The%20Rest%20Is%20History%20119.%20World%20Cup%20of%20Kings%20%26%20Queens%20preview,f810cb14-7d21-4e53-acbb-9e48ff367a5b
120,120. The Oil Weapon,2021-11-15,1973,1973,1973,Middle East,Postwar,Economics & Trade; Politics & Power,,false,,,false,high,"The description explicitly dates the episode to 1973 and focuses on major oil-producing nations led by Saudi Arabia quadrupling oil prices, triggering a crisis in the West and reshaping 20th-century geopolitics.",3536,https://pdst.fm/e/traffic.megaphone.fm/GLT6620754143.mp3?updated=1777395076,https://open.spotify.com/search/The%20Rest%20Is%20History%20120.%20The%20Oil%20Weapon,53767100-b130-42a8-92c2-a1f58e41cecb
121,121. Australia Before Cook,2021-11-18,-50000,1770,50000 BCE – 1770,Oceania,Prehistory,Exploration & Discovery; Empire & Colonialism,Captain Cook,false,,,false,low,"The description explicitly anchors Captain Cook's sighting of Botany Bay to 1770 and says the episode explores the 'long story of human settlement in Australia' plus European explorers who arrived before him. The exact beginning of settlement is not stated, so the very early start date is necessarily approximate.",3145,https://pdst.fm/e/traffic.megaphone.fm/GLT2957294549.mp3?updated=1777394961,https://open.spotify.com/search/The%20Rest%20Is%20History%20121.%20Australia%20Before%20Cook,fd5491b8-b8d0-43e1-8f2f-cefca3de1568
122,122. Athelstan: England's Greatest Monarch,2021-11-19,924,939,924 – 939,Britain,Medieval,Monarchy & Royalty; Politics & Power; War & Military; Biography,Athelstan,false,,,false,high,"The episode focuses on Athelstan, described as the 10th-century grandson of Alfred the Great who united the Anglo-Saxon kingdoms and fought the Vikings. His main reign was 924–939, placing the episode in the medieval period.",3455,https://pdst.fm/e/traffic.megaphone.fm/GLT8211065813.mp3?updated=1777394965,https://open.spotify.com/search/The%20Rest%20Is%20History%20122.%20Athelstan%3A%20England%27s%20Greatest%20Monarch,48e2940e-4f5d-4a64-86d7-94304e8d9c22
123,123. World Cup of Kings and Queens part 1,2021-11-22,924,1936,924 – 1936,Britain,Long 19th Century,Monarchy & Royalty; Politics & Power,Athelstan; Oliver Cromwell; Queen Victoria; George V,true,World Cup of Kings and Queens,1,false,low,"The episode is about a poll of ""England's greatest monarch"" and runs through sovereigns including Athelstan, Oliver Cromwell, Queen Victoria, and George V, spanning medieval to modern British history. The dominant focus cannot be restricted to 1800–1934 despite the prominence of Victorian and early twentieth-century figures.",3380,https://pdst.fm/e/traffic.megaphone.fm/GLT3062961015.mp3?updated=1777394962,https://open.spotify.com/search/The%20Rest%20Is%20History%20123.%20World%20Cup%20of%20Kings%20and%20Queens%20part%201,f1d7f9c9-a246-4903-b310-d73754d45bc6
124,124. World Cup of Kings and Queens part 2,2021-11-23,1066,2022,1066 – 2022,Britain,Medieval,Monarchy & Royalty; Politics & Power; Sex & Scandal,Elizabeth II; Henry V; William the Conqueror; Henry VIII,true,World Cup of Kings and Queens,2,false,medium,"The episode is a monarch-ranking discussion spanning figures from William the Conqueror and Henry V to Henry VIII and Elizabeth II; the description also highlights an anecdote about Henry VIII's personal hygiene. Because the named figures range across many centuries, the date range is broad and the Medieval bucket reflects the concentration of prominent medieval monarchs.",3701,https://pdst.fm/e/traffic.megaphone.fm/GLT4467647081.mp3?updated=1777395053,https://open.spotify.com/search/The%20Rest%20Is%20History%20124.%20World%20Cup%20of%20Kings%20and%20Queens%20part%202,f7edc2b0-2055-4996-b07e-dc30fb1c48e5
125,125. The CIA,2021-11-25,1947,2023,1947 – 2023,United States,Postwar,Espionage; Politics & Power; Assassination; Revolution,,false,,,false,low,"The episode focuses on the CIA and its covert activities, including assassinations, influencing governments, and encouraging revolutions. No specific historical dates are given; the range is estimated from the agency's modern, post-Second World War context through the contemporary period indicated by the 2023 live-tour announcement.",3304,https://pdst.fm/e/traffic.megaphone.fm/GLT6232412389.mp3?updated=1777394986,https://open.spotify.com/search/The%20Rest%20Is%20History%20125.%20The%20CIA,0a68dc9c-05c1-4df5-90b2-f0e1b75bb007
126,126. Napoleon in Egypt,2021-11-29,1798,1801,1798 – 1801,Middle East,Early Modern,War & Military; Empire & Colonialism; Religion & Church; Biography,Napoleon Bonaparte,false,,,false,high,"The description explicitly focuses on “Napoleon’s campaign in Egypt,” conventionally dated 1798–1801, along with his ambition to become “the next Alexander the Great” and the history between France and Islam. Because the campaign begins before 1800, it is not strongly within 1800–1934.",3708,https://pdst.fm/e/traffic.megaphone.fm/GLT3691914095.mp3?updated=1777395008,https://open.spotify.com/search/The%20Rest%20Is%20History%20126.%20Napoleon%20in%20Egypt,9d0e17df-7438-48c6-9bb2-12738e072485
127,127. Neanderthals,2021-12-02,-400000,-40000,400000 BCE – 40000 BCE,Europe,Prehistory,Science & Technology,,false,,,false,medium,"The episode is titled “Neanderthals” and asks where they came from, how they related to Homo sapiens, and why they disappeared, anchoring it in deep prehistory. The description gives no precise dates, so the range reflects the broadly recognized Neanderthal era.",3534,https://pdst.fm/e/traffic.megaphone.fm/GLT5202048433.mp3?updated=1777395073,https://open.spotify.com/search/The%20Rest%20Is%20History%20127.%20Neanderthals,2d1ddad9-d146-4107-a9f1-7461d4778698
128,128. Rasputin,2021-12-06,1910,1917,1910 – 1917,Russia,World Wars & Interwar,Biography; Politics & Power; Monarchy & Royalty; Sex & Scandal,Grigori Rasputin,false,,,true,medium,"The description focuses on Rasputin's influence during “the final days of the Russian Empire” and the gossip, rumour, and scandal surrounding him, placing the main story in the late imperial period, especially the 1910s.",3643,https://pdst.fm/e/traffic.megaphone.fm/GLT1290733613.mp3?updated=1777394969,https://open.spotify.com/search/The%20Rest%20Is%20History%20128.%20Rasputin,c640242c-5fd0-4fad-96d6-8f82cc599f99
129,129. Cricket,2021-12-09,1600,1900,1600 – 1900,Britain,Long 19th Century,Sport; Empire & Colonialism,,false,,,true,high,The episode traces cricket from games played in the English countryside in the early 17th century through its Victorian transformation and connection with Empire. Its dominant focus is the sport's 19th-century development and global spread.,4138,https://pdst.fm/e/traffic.megaphone.fm/GLT9095163579.mp3?updated=1777395042,https://open.spotify.com/search/The%20Rest%20Is%20History%20129.%20Cricket,e8f69f75-b1d5-48b8-8b06-eff7c4ac0f6e
130,130. Superheroes,2021-12-13,1930,2023,1930 – 2023,United States,Contemporary,Culture & Arts; Politics & Power; Ideology,Adam West,false,,,false,medium,"The episode traces superheroes from their origins in the 1930s through the Adam West era of the 1960s to modern reboots, making the 20th and 21st centuries the dominant focus. Its discussion of fascism and superheroes as a cultural mirror supports themes of ideology, politics, and culture.",3711,https://pdst.fm/e/traffic.megaphone.fm/GLT5186846131.mp3?updated=1777395088,https://open.spotify.com/search/The%20Rest%20Is%20History%20130.%20Superheroes,93320b56-9478-46c7-a8e7-1461ec573045
131,131. Burgundy: Europe's forgotten superpower,2021-12-16,500,1500,500 – 1500,Europe,Medieval,Politics & Power; Monarchy & Royalty; Culture & Arts,,false,,,false,high,"The description explicitly places Burgundy's prominence during “the Middle Ages” and describes it as a major political and cultural power in western Europe, rivaling France and England. No individual historical figures are identified as the episode's subjects.",3712,https://pdst.fm/e/traffic.megaphone.fm/GLT6941072856.mp3?updated=1777395010,https://open.spotify.com/search/The%20Rest%20Is%20History%20131.%20Burgundy%3A%20Europe%27s%20forgotten%20superpower,61ba65c0f75b720012467225
132,132. A Christmas Carol,2021-12-20,1843,1843,1843,Britain,Long 19th Century,Literature; Culture & Arts; Politics & Power,Charles Dickens,false,,,true,high,"The episode is dedicated to Charles Dickens' 'A Christmas Carol', published in the Victorian period, and traces its London setting while discussing the text's history and politics.",2915,https://pdst.fm/e/traffic.megaphone.fm/GLT9074696790.mp3?updated=1777394915,https://open.spotify.com/search/The%20Rest%20Is%20History%20132.%20A%20Christmas%20Carol,61bf08db45cc6900146d3515
133,133. Christmas churches,2021-12-23,0,0,Undated,Undated,Undated,Religion & Church; Culture & Arts,,false,,,false,high,"The episode is a countdown of churches with a “festive connection,” but the description gives no specific historical dates or period. It is therefore genuinely undated and primarily concerns religious and architectural heritage.",4071,https://pdst.fm/e/traffic.megaphone.fm/GLT8843719433.mp3?updated=1777395009,https://open.spotify.com/search/The%20Rest%20Is%20History%20133.%20Christmas%20churches,61c42ccd9bcf610012819d44
12,12 Days: Coronation of Charlemagne and the collapse of the Soviet Union,2021-12-25,800,800,800,Europe,Medieval,Monarchy & Royalty; Politics & Power; Meta/Podcast,Charlemagne; Mikhail Gorbachev,true,,,false,low,"The title foregrounds the coronation of Charlemagne and the 'birth of the Holy Roman Empire,' anchoring the primary focus in 800 and the medieval period. It also mentions Mikhail Gorbachev's resignation and the collapse of the Soviet Union, but the episode covers two widely separated historical moments.",2202,https://pdst.fm/e/traffic.megaphone.fm/GLT9083951211.mp3?updated=1777394936,https://open.spotify.com/search/The%20Rest%20Is%20History%2012%20Days%3A%20Coronation%20of%20Charlemagne%20and%20the%20collapse%20of%20the%20Soviet%20Union,61c44db9d30f8c00129ed6b8
12,12 Days: Good King Wenceslas and the first Gilbert & Sullivan,2021-12-26,907,935,907 – 935,Europe,Medieval,Monarchy & Royalty; Biography; Culture & Arts; Music,Wenceslas; W. S. Gilbert; Arthur Sullivan,false,,,false,medium,"The opening questions focus on Wenceslas—“Was Wenceslas good? Was he a king?”—anchoring the main historical focus in the medieval period. The episode also discusses Gilbert and Sullivan’s “popular Victorian light opera” and their first production, “Thespis,” making it a mixed-period episode rather than a narrowly 1800–1934 story.",1346,https://pdst.fm/e/traffic.megaphone.fm/GLT4255677286.mp3?updated=1777394755,https://open.spotify.com/search/The%20Rest%20Is%20History%2012%20Days%3A%20Good%20King%20Wenceslas%20and%20the%20first%20Gilbert%20%26%20Sullivan,61c44efb83ae940013b3eeea
12,12 Days: Port wine and Darwin sets sail,2021-12-27,1831,1836,1831 – 1836,Global,Long 19th Century,Exploration & Discovery; Science & Technology; Economics & Trade,Charles Darwin,false,,,true,medium,"The description highlights the voyage that inspired Charles Darwin's natural philosophy, referring to his famous voyage of 1831–1836; the port-wine story adds an earlier Anglo-Portuguese trade context but appears secondary.",1786,https://pdst.fm/e/traffic.megaphone.fm/GLT6423200478.mp3?updated=1777394826,https://open.spotify.com/search/The%20Rest%20Is%20History%2012%20Days%3A%20Port%20wine%20and%20Darwin%20sets%20sail,61c44ff888e78000124be259
12,12 Days: Massacre of the Innocents and the Tay Bridge disaster,2021-12-28,-4,-4,4 BCE,Ancient Near East,Ancient,Monarchy & Royalty; Religion & Church; Disaster & Plague,King Herod,false,,,false,medium,"The title and description lead with the biblical “Massacre of the Innocents,” identified as King Herod’s massacre of babies in Jerusalem, placing the primary focus in the ancient period. The episode also includes the Tay Bridge rail disaster of 1879, but the biblical story is treated as the first and principal topic.",1499,https://pdst.fm/e/traffic.megaphone.fm/GLT2451242270.mp3?updated=1777394811,https://open.spotify.com/search/The%20Rest%20Is%20History%2012%20Days%3A%20Massacre%20of%20the%20Innocents%20and%20the%20Tay%20Bridge%20disaster,61c4509b33b4eb0014c65c3a
12,12 Days: The Murder of Thomas Becket and the Wounded Knee Massacre,2021-12-29,1170,1890,1170 – 1890,Global,Medieval,Assassination; Religion & Church; War & Military; Genocide & Atrocity,Thomas Becket,false,,,false,medium,"The episode explicitly covers Thomas Becket's murder at Canterbury Cathedral in 1170 and the Battle of Wounded Knee in 1890. These are two distinct historical episodes across Britain and the United States; the medieval Becket story is listed first, while the overall span is cross-period and cross-regional.",2313,https://pdst.fm/e/traffic.megaphone.fm/GLT4510547363.mp3?updated=1777394876,https://open.spotify.com/search/The%20Rest%20Is%20History%2012%20Days%3A%20The%20Murder%20of%20Thomas%20Becket%20and%20the%20Wounded%20Knee%20Massacre,61c45382b33a5f0014775dda
12,12 Days: The Battle of Wakefield and Emperor Karl I,2021-12-30,1460,1460,1460,Britain,Medieval,War & Military; Monarchy & Royalty; Biography,"Richard, Duke of York; Karl I of Austria",false,,,false,medium,"The episode prominently describes Tom dissecting the Battle of Wakefield and the subsequent fall of Richard, Duke of York, anchoring the primary focus in 1460 England. Dominic also discusses Karl I of Austria, but this is a separate secondary topic spanning the late 1910s and early 1920s.",1838,https://pdst.fm/e/traffic.megaphone.fm/GLT9919744248.mp3?updated=1777394720,https://open.spotify.com/search/The%20Rest%20Is%20History%2012%20Days%3A%20The%20Battle%20of%20Wakefield%20and%20Emperor%20Karl%20I,61c454c883ae940013b406e5
12,12 Days: Jean-Bédel Bokassa and the memory of pandemics,2021-12-31,1965,1979,1965 – 1979,Africa,Postwar,Politics & Power; Monarchy & Royalty; Disaster & Plague,Jean-Bédel Bokassa,false,,,false,medium,"The main narrative is Dominic’s account of “coups, cousins and the rise of an emperor in the Central African Republic,” centring on Jean-Bédel Bokassa in the postwar period. The later discussion of the current pandemic and the Spanish flu is a secondary, thematic segment.",1649,https://pdst.fm/e/traffic.megaphone.fm/GLT8335317305.mp3?updated=1777394844,https://open.spotify.com/search/The%20Rest%20Is%20History%2012%20Days%3A%20Jean-B%C3%A9del%20Bokassa%20and%20the%20memory%20of%20pandemics,61c455a5f3deb70014e7de70
12,12 Days: Nero's succession and the fall of the Byzantine Empire,2022-01-01,54,69,54 – 69,Mediterranean,Ancient,Politics & Power; Monarchy & Royalty; War & Military,Nero,false,,,false,medium,"The Roman segment is anchored by Nero's succession and Rome's “Year of the four Emperors,” corresponding to Nero's reign and the succession crisis of 54–69 CE. The description also mentions a separate Byzantine battle beginning the empire's decline, but gives no specific date, so the primary focus is assigned to the explicitly framed Roman episode.",1924,https://pdst.fm/e/traffic.megaphone.fm/GLT6148714296.mp3?updated=1777394847,https://open.spotify.com/search/The%20Rest%20Is%20History%2012%20Days%3A%20Nero%27s%20succession%20and%20the%20fall%20of%20the%20Byzantine%20Empire,61c4568688e78000124bfe5c
12,12 Days: Reconquest of Spain and the Old Queen of Hawaii,2022-01-02,1492,1492,1492,Spain,Early Modern,War & Military; Religion & Church; Monarchy & Royalty,,false,,,false,medium,"The description centres on the Christian conquest of the kingdom of Grenada, which marks the 1492 completion of the Reconquest in southern Spain. The Hawaiian monarchs are also mentioned, but the Spanish Reconquest is the more clearly developed and dominant historical focus.",1870,https://pdst.fm/e/traffic.megaphone.fm/GLT9407596415.mp3?updated=1777394811,https://open.spotify.com/search/The%20Rest%20Is%20History%2012%20Days%3A%20Reconquest%20of%20Spain%20and%20the%20Old%20Queen%20of%20Hawaii,61c45740a5110f0014ac3069
12,12 Days: Martin Luther and J.R.R. Tolkien,2022-01-03,1521,1892,1521 – 1892,Europe,Early Modern,Religion & Church; Literature; Biography,Martin Luther; J.R.R. Tolkien,false,,,false,medium,"The description explicitly links Luther's excommunication from the Catholic Church with the birth of J.R.R. Tolkien, spanning an early-modern religious event and a nineteenth-century literary biography. The main anchors are Luther's excommunication in 1521 and Tolkien's birth in 1892.",1515,https://pdst.fm/e/traffic.megaphone.fm/GLT9800831013.mp3?updated=1777394826,https://open.spotify.com/search/The%20Rest%20Is%20History%2012%20Days%3A%20Martin%20Luther%20and%20J.R.R.%20Tolkien,61c4580855c7a60013fc7410
12,12 Days: Solomon Northup and Albert Camus,2022-01-04,1841,1960,1841 – 1960,Global,Postwar,Slavery; Biography; Literature,Solomon Northup; Albert Camus,false,,,false,medium,"The episode covers Solomon Northup's enslavement story, made famous by '12 Years a Slave', and Albert Camus's death, placing its subjects broadly from the mid-19th century to 1960. Because the description gives substantial attention to both an American slavery narrative and a French intellectual, the dominant region is best treated as Global.",1636,https://pdst.fm/e/traffic.megaphone.fm/GLT6039583450.mp3?updated=1777394817,https://open.spotify.com/search/The%20Rest%20Is%20History%2012%20Days%3A%20Solomon%20Northup%20and%20Albert%20Camus,61c5a7fe35c4e30012ea4e49
12,12 Days: Death of Edward the Confessor and the Dreyfus Affair,2022-01-05,1066,1906,1066 – 1906,Europe,Long 19th Century,Monarchy & Royalty; Politics & Power; Crime & Mystery; Biography,Edward the Confessor; Alfred Dreyfus,false,,,false,medium,"The title explicitly combines Edward the Confessor's death in 1066 with the Dreyfus Affair, which unfolded chiefly from 1894 to 1906. Because the episode spans medieval England and modern France, the range covers both events; the Long 19th Century bucket reflects the Dreyfus Affair as the later and more specifically named controversy.",1868,https://pdst.fm/e/traffic.megaphone.fm/GLT1738062149.mp3?updated=1777394832,https://open.spotify.com/search/The%20Rest%20Is%20History%2012%20Days%3A%20Death%20of%20Edward%20the%20Confessor%20and%20the%20Dreyfus%20Affair,61c5a94e8fdfaf0014dfa1dc
12,12 Days: Alfred the Great and Pepys' 'Fanatiques',2022-01-06,871,1699,871 – 1699,Britain,Early Modern,War & Military; Politics & Power; Monarchy & Royalty; Religion & Church,Alfred the Great; Samuel Pepys,false,,,false,low,"The episode combines a battle associated with Alfred the Great and a 'forgotten uprising in 17th century London' involving Pepys's 'Fanatiques.' Because it spans Alfred's medieval England and the seventeenth century, the date range is broad and the dominant era is uncertain.",1840,https://pdst.fm/e/traffic.megaphone.fm/GLT3956381618.mp3?updated=1777394832,https://open.spotify.com/search/The%20Rest%20Is%20History%2012%20Days%3A%20Alfred%20the%20Great%20and%20Pepys%27%20%27Fanatiques%27,61c5ab822989b30012be9684
134,134. Crossing the Rubicon: The rise of Julius Caesar,2022-01-10,-60,-49,60 BCE – 49 BCE,Italy,Ancient,Politics & Power; War & Military; Biography,Julius Caesar,true,,,false,medium,"The description focuses on Caesar's rise to power and his crossing of the Rubicon with a legion, an event traditionally dated to 49 BCE, leading toward his becoming sole dictator of Rome. As the episode is explicitly described as 'the first of a two-parter,' it is marked as part of a series.",2372,https://pdst.fm/e/traffic.megaphone.fm/GLT1501343977.mp3?updated=1777394760,https://open.spotify.com/search/The%20Rest%20Is%20History%20134.%20Crossing%20the%20Rubicon%3A%20The%20rise%20of%20Julius%20Caesar,61d9bde269b475001240e9f4
135,135. Crossing the Rubicon: The die is cast,2022-01-11,-49,-49,49 BCE,Italy,Ancient,War & Military; Politics & Power; Biography,Julius Caesar; Pompey,false,,,false,high,"The description focuses on Julius Caesar’s final step of crossing the Rubicon into Italy while preparing to confront Pompey and the Senate, an event traditionally dated to 49 BCE.",2240,https://pdst.fm/e/traffic.megaphone.fm/GLT1750785311.mp3?updated=1777394859,https://open.spotify.com/search/The%20Rest%20Is%20History%20135.%20Crossing%20the%20Rubicon%3A%20The%20die%20is%20cast,61d9c0de4881dd0012429914
136,136. 1922: The Birth of the Modern World Part 1,2022-01-13,1922,1922,1922,Europe,World Wars & Interwar,Politics & Power; Ideology; Literature,,true,1922,1,true,high,"The episode explicitly focuses on “1922” and discusses Bolshevism, fascism, and the significance of The Waste Land and Ulysses, placing it firmly in the interwar period.",3306,https://pdst.fm/e/traffic.megaphone.fm/GLT1607440485.mp3?updated=1777394940,https://open.spotify.com/search/The%20Rest%20Is%20History%20136.%201922%3A%20The%20Birth%20of%20the%20Modern%20World%20Part%201,61df11d5051a2f00127141d6
137,137. 1922: The Birth of the Modern World Part 2,2022-01-14,1922,1922,1922,Britain,World Wars & Interwar,Politics & Power; War & Military; Culture & Arts; Exploration & Discovery,Winston Churchill; Michael Collins; Howard Carter,true,1922,2,true,high,"The episode is explicitly framed as a 1922 centennial episode and covers the Irish Civil War, the birth of the BBC, and Howard Carter's 'Tutmania.' These references firmly anchor the main focus in 1922, with Britain and Ireland providing the dominant setting despite the Egyptian archaeology segment.",3822,https://pdst.fm/e/traffic.megaphone.fm/GLT5281126494.mp3?updated=1777394956,https://open.spotify.com/search/The%20Rest%20Is%20History%20137.%201922%3A%20The%20Birth%20of%20the%20Modern%20World%20Part%202,61dffa0a051a2f0012752f6a
138,138. The Princes in the Tower Part 1,2022-01-17,1455,1485,1455 – 1485,Britain,Medieval,Monarchy & Royalty; Politics & Power; Crime & Mystery,"Edward IV; Richard III; George, Duke of Clarence",true,The Princes in the Tower,1,false,high,"The description focuses on the Princes in the Tower and says the episode begins with their father, Edward IV, placing the main narrative in the Wars of the Roses and the late fifteenth-century English monarchy. It explicitly frames the princes' murder as a historical mystery and mentions Edward IV, the Duke of Clarence, and Richard III.",2964,https://pdst.fm/e/traffic.megaphone.fm/GLT6274021473.mp3?updated=1777394752,https://open.spotify.com/search/The%20Rest%20Is%20History%20138.%20The%20Princes%20in%20the%20Tower%20Part%201,61e45de190c70c0012660174
139,139. The Princes in the Tower Part 2,2022-01-18,1483,1485,1483 – 1485,Britain,Medieval,Crime & Mystery; Monarchy & Royalty; Politics & Power,Richard III; Edward IV,true,The Princes in the Tower,2,false,high,"The description focuses on the disappearance and likely murder of Edward IV's sons and turns specifically to Richard III, placing the episode in the late 15th century, around 1483–1485. It is explicitly described as the second of two episodes.",3490,https://pdst.fm/e/traffic.megaphone.fm/GLT4685691538.mp3?updated=1777394945,https://open.spotify.com/search/The%20Rest%20Is%20History%20139.%20The%20Princes%20in%20the%20Tower%20Part%202,61e55ed08ed56f0012142796
140,140. The Birth of the Railways,2022-01-20,1800,1884,1800 – 1884,Britain,Long 19th Century,Science & Technology; Economics & Trade,,false,,,true,medium,"The episode focuses on “the birth of the railways,” their creation and arrival in England, and their relationship to the standardisation of GMT in Britain. These developments are primarily associated with the 19th century, though the description does not give exact dates.",3381,https://pdst.fm/e/traffic.megaphone.fm/GLT2177757841.mp3?updated=1777395082,https://open.spotify.com/search/The%20Rest%20Is%20History%20140.%20The%20Birth%20of%20the%20Railways,61e83ba601f8e3001244e355
141,141. General Gordon: The Ultimate Victorian Hero,2022-01-24,1833,1885,1833 – 1885,Britain,Long 19th Century,Biography; War & Military; Empire & Colonialism,General Gordon,false,,,true,medium,"The episode is explicitly about General Gordon and his “life and times,” described as an “emblematic martyr of the Victorian age.” That anchors the focus in the Victorian 19th century, with Gordon’s military and imperial career as the central subject.",2507,https://pdst.fm/e/traffic.megaphone.fm/GLT2700696137.mp3?updated=1775852119,https://open.spotify.com/search/The%20Rest%20Is%20History%20141.%20General%20Gordon%3A%20The%20Ultimate%20Victorian%20Hero,61ed92b0ff2e1400135a0ef8
142,142. General Gordon and the Siege of Khartoum,2022-01-25,1884,1885,1884 – 1885,Africa,Long 19th Century,War & Military; Biography; Empire & Colonialism,Charles Gordon,true,,,true,high,"The episode focuses on General Gordon during the Siege of Khartoum, identified as a major event of the Victorian era; the siege took place in 1884–1885. The description explicitly calls it a “second parter,” indicating a series.",3501,https://pdst.fm/e/traffic.megaphone.fm/GLT6227664313.mp3?updated=1775852109,https://open.spotify.com/search/The%20Rest%20Is%20History%20142.%20General%20Gordon%20and%20the%20Siege%20of%20Khartoum,61ee84130b5e910012b79e93
143,143. The Trial of Charles I Part 1,2022-01-27,1640,1650,1640 – 1650,Britain,Early Modern,Politics & Power; Monarchy & Royalty,Charles I,true,The Trial of Charles I,1,false,high,"The description centers on the trial and execution of Charles I on 30 January 1649, including its build-up and aftermath, placing the main focus in the 1640s. The title explicitly identifies this as Part 1 of a series.",3334,https://pdst.fm/e/traffic.megaphone.fm/GLT4850801452.mp3?updated=1777394936,https://open.spotify.com/search/The%20Rest%20Is%20History%20143.%20The%20Trial%20of%20Charles%20I%20Part%201,61f16dbccb2c6b00128636df
144,144. The Trial of Charles I Part 2,2022-01-28,1649,1660,1649 – 1660,Britain,Early Modern,Politics & Power; Monarchy & Royalty; Revolution,Charles I,true,The Trial of Charles I,2,false,high,"The description explicitly focuses on the execution of Charles I on 30 January 1649 and its aftermath, placing the episode primarily in the English republican period through the Restoration in 1660.",2704,https://pdst.fm/e/traffic.megaphone.fm/GLT2968292003.mp3?updated=1777394902,https://open.spotify.com/search/The%20Rest%20Is%20History%20144.%20The%20Trial%20of%20Charles%20I%20Part%202,61f17722f07dcd001272a3ad
145,145. Babylon,2022-01-31,-2000,-500,2000 BCE – 500 BCE,Ancient Near East,Ancient,Empire & Colonialism; Politics & Power; Economics & Trade; Culture & Arts,,false,,,false,medium,"The episode is explicitly about “the ancient city of Babylon,” described as an “imperial oppressor” associated with wealth and power. The description gives no precise dates, so the range broadly reflects Babylon’s main ancient historical period.",3572,https://pdst.fm/e/traffic.megaphone.fm/GLT7141377161.mp3?updated=1777394964,https://open.spotify.com/search/The%20Rest%20Is%20History%20145.%20Babylon,61f70595a8fffe00137c8b5e
146,146. Disease vs. the rise of civilisation,2022-02-03,0,0,Undated,Global,Undated,Disaster & Plague; Science & Technology; Economics & Trade,,false,,,false,high,"The description presents a broad history of infectious disease, spanning roughly 10,000 generations and asking about technological progress and globalisation 'over the course of history,' rather than focusing on a defined period. It is therefore a thematic, undated episode.",2401,https://pdst.fm/e/traffic.megaphone.fm/GLT4238916512.mp3?updated=1775852124,https://open.spotify.com/search/The%20Rest%20Is%20History%20146.%20Disease%20vs.%20the%20rise%20of%20civilisation,61fa791f45375600137afc07
147,"147. Disease, the New World and modern pandemics",2022-02-04,1492,2020,1492 – 2020,Latin America,Early Modern,Disaster & Plague; Empire & Colonialism; Science & Technology,,false,,,false,medium,"The description centers on European arrivals in the Americas, colonial expansion, the origins of the 1918 Spanish flu, and modern infectious disease. Because it spans the Columbian encounter through modern pandemics, the dominant period is treated as beginning around 1492 and extending into the contemporary era, with Early Modern as the closest single era bucket.",2387,https://pdst.fm/e/traffic.megaphone.fm/GLT1023018457.mp3?updated=1777394863,https://open.spotify.com/search/The%20Rest%20Is%20History%20147.%20Disease%2C%20the%20New%20World%20and%20modern%20pandemics,61fa7a63a14cbd001340dafc
148,148. The Vikings Go East,2022-02-07,800,1100,800 – 1100,Eastern Europe,Medieval,War & Military; Politics & Power; Exploration & Discovery,,false,,,false,medium,"The episode focuses on the Vikings' actions and influence in Eastern Europe, including their role in the formation of Russia and Ukraine. These events are broadly associated with the Viking Age, so a medieval range of approximately 800–1100 is appropriate.",2576,https://pdst.fm/e/traffic.megaphone.fm/GLT1476178706.mp3?updated=1706888368,https://open.spotify.com/search/The%20Rest%20Is%20History%20148.%20The%20Vikings%20Go%20East,62001a3dacd47d00133afe59
149,149. The Birth of Russia,2022-02-08,800,1000,800 – 1000,Russia,Medieval,Politics & Power; Exploration & Discovery; War & Military,,true,,,false,medium,"The description identifies this as the second of two episodes on the “Vikings in the East” and focuses on their role in “the birth of Russia,” pointing to the formation of early Rus polities in the ninth and tenth centuries.",3029,https://pdst.fm/e/traffic.megaphone.fm/GLT2354182753.mp3?updated=1777394951,https://open.spotify.com/search/The%20Rest%20Is%20History%20149.%20The%20Birth%20of%20Russia,62015be2f36f9f0012516be4
150,150. Smuggling,2022-02-10,1700,1800,1700 – 1800,Britain,Early Modern,Crime & Mystery; Economics & Trade,,false,,,false,low,"The episode focuses on historical smuggling in Britain, specifically mentioning wrecking, the Hawkhurst Gang, and coastal militias. The description gives no explicit dates, so the early-18th-century range is approximate and low-confidence.",4195,https://pdst.fm/e/traffic.megaphone.fm/GLT2228422151.mp3?updated=1777395067,https://open.spotify.com/search/The%20Rest%20Is%20History%20150.%20Smuggling,6203fd2245f2980014101817
151,151. Valentine's Day,2022-02-14,1800,1929,1800 – 1929,United States,Long 19th Century,Culture & Arts; Crime & Mystery; Sex & Scandal,Al Capone,false,,,true,medium,"The episode focuses on the development of Valentine's cards and 'Vinegar Valentines', culminating in Al Capone's 1929 St Valentine's Day Massacre. The modern Valentine's traditions are chiefly associated with the 19th century, while the named massacre anchors the end date.",3272,https://pdst.fm/e/traffic.megaphone.fm/GLT1795443565.mp3?updated=1777394901,https://open.spotify.com/search/The%20Rest%20Is%20History%20151.%20Valentine%27s%20Day,6206a18b0f41fb0012e4e814
152,152. American Crusades,2022-02-17,1776,1945,1776 – 1945,United States,Long 19th Century,Religion & Church; War & Military; Diplomacy; Politics & Power,,false,,,false,low,"The description presents a broad history of religion in American war and diplomacy, contrasting pacifism with a 'crusading mentality.' It gives no precise dates; 1776–1945 is a cautious estimate for the main historical arc rather than a narrowly dated episode.",2749,https://pdst.fm/e/traffic.megaphone.fm/GLT4400059090.mp3?updated=1777394894,https://open.spotify.com/search/The%20Rest%20Is%20History%20152.%20American%20Crusades,620d4c3087baa90013aa7963
153,153. God and the American Empire,2022-02-18,1900,2023,1900 – 2023,United States,Postwar,Religion & Church; Politics & Power; Ideology; Empire & Colonialism,,false,,,false,medium,"The description explicitly focuses on the relationship between the US and religion “in the 20th and 21st centuries,” including the Cold War and contemporary religious belief. The dominant focus is therefore the post-1945 US, though the episode spans the wider modern period.",1783,https://pdst.fm/e/traffic.megaphone.fm/GLT8752091834.mp3?updated=1777394623,https://open.spotify.com/search/The%20Rest%20Is%20History%20153.%20God%20and%20the%20American%20Empire,620e89ac7a2f8f00116a7dda
154,154. The Most Disastrous Party in History,2022-02-21,0,0,Undated,Global,Undated,Politics & Power,,false,,,false,high,"The episode asks for the “most disastrous party in human history” and compares “the ten parties” suggested by listeners, but the description does not identify specific events, people, or periods. It is therefore a broad, undated thematic discussion of political parties.",3809,https://pdst.fm/e/traffic.megaphone.fm/GLT6506112996.mp3?updated=1777394804,https://open.spotify.com/search/The%20Rest%20Is%20History%20154.%20The%20Most%20Disastrous%20Party%20in%20History,62126b99959a2d0013081621
155,155. Ukraine and Russia,2022-02-23,882,2022,882 – 2022,Eastern Europe,Contemporary,Politics & Power; War & Military; Revolution; Empire & Colonialism,,false,,,false,medium,"The description presents a broad history “from the Viking conquest and Kyivan Rus’” through the early modern period and the “Russian Civil War,” continuing “right up to the modern day.” The Viking/Kyivan Rus’ focus anchors the start in the ninth century, while the contemporary Ukraine-Russia crisis anchors the end around 2022.",4599,https://pdst.fm/e/traffic.megaphone.fm/GLT2859413707.mp3?updated=1777395031,https://open.spotify.com/search/The%20Rest%20Is%20History%20155.%20Ukraine%20and%20Russia,6215344a79e03f0013fe31b8
156,156. When did the Roman Empire fall?,2022-02-28,235,476,235 – 476,Mediterranean,Ancient,Politics & Power; War & Military; Empire & Colonialism,,false,,,false,medium,"The description explicitly focuses on “the decline and fall of the Roman Empire,” a process generally centered on the later Roman Empire from the third century through the western empire’s collapse in 476. The dominant region is the Mediterranean world, and Edward Gibbon is mentioned as a framing historian rather than a subject.",3251,https://pdst.fm/e/traffic.megaphone.fm/GLT4933356600.mp3?updated=1777394939,https://open.spotify.com/search/The%20Rest%20Is%20History%20156.%20When%20did%20the%20Roman%20Empire%20fall%3F,621ba2c82836410012a04094
157,157. Byzantium and the Ghosts of Rome,2022-03-01,476,1453,476 – 1453,Byzantine,Medieval,Empire & Colonialism; Politics & Power; Monarchy & Royalty,,false,,,false,medium,"The description focuses on what happened to the Roman Empire “after its fall,” especially “where Rome endured,” indicating the Byzantine Empire from late antiquity through its medieval end. References to its influence on “21st century geopolitics” are framed as the modern legacy rather than the dominant historical focus.",2899,https://pdst.fm/e/traffic.megaphone.fm/GLT1014708592.mp3?updated=1777394971,https://open.spotify.com/search/The%20Rest%20Is%20History%20157.%20Byzantium%20and%20the%20Ghosts%20of%20Rome,621ced84c1e780001259466e
158,158. Killer Fashion,2022-03-03,0,0,Undated,Global,Undated,Culture & Arts; Disaster & Plague,,false,,,false,high,"The description presents a thematic history of garments and fashion 'over the centuries' without identifying a dominant period or specific historical events, so it is undated.",3397,https://pdst.fm/e/traffic.megaphone.fm/GLT5960489800.mp3?updated=1777394962,https://open.spotify.com/search/The%20Rest%20Is%20History%20158.%20Killer%20Fashion,621fbb83c576710013c9757d
159,"159. Young Putin, the KGB and the Soviet Union",2022-03-07,1964,1991,1964 – 1991,Russia,Postwar,Politics & Power; Espionage; Ideology; Biography,Leonid Brezhnev; Vladimir Putin; Mikhail Gorbachev,true,,,false,high,"The description explicitly focuses on the latter years of the Soviet Union, beginning with Brezhnev, Putin's formative years and early KGB career, and ending with Gorbachev's rule and the Soviet twilight years. The period is therefore best dated from Brezhnev's 1964 rise to the Soviet Union's fall in 1991.",2128,https://pdst.fm/e/traffic.megaphone.fm/GLT7336670203.mp3?updated=1777394844,https://open.spotify.com/search/The%20Rest%20Is%20History%20159.%20Young%20Putin%2C%20the%20KGB%20and%20the%20Soviet%20Union,62248d35a61d950013afd261
160,160. The Fall of the Soviet Union,2022-03-08,1987,1991,1987 – 1991,Russia,Postwar,Politics & Power; Revolution; Ideology,Boris Yeltsin; Vladimir Putin,true,,,false,high,"The description explicitly dates the episode from the 70th anniversary of the Russian Revolution in 1987 to the fall of the Soviet Union on Christmas Day 1991, focusing on the failed Soviet coup, Yeltsin, and Putin. It is labeled ""Episode 2 of 4,"" indicating a multi-part series.",1925,https://pdst.fm/e/traffic.megaphone.fm/GLT9472343994.mp3?updated=1777394738,https://open.spotify.com/search/The%20Rest%20Is%20History%20160.%20The%20Fall%20of%20the%20Soviet%20Union,6226428a1b0ed0001425a3cb
161,"161. Yeltsin, Economic Chaos and President Putin",2022-03-09,1991,2000,1991 – 2000,Russia,Contemporary,Politics & Power; Economics & Trade; War & Military; Biography,Boris Yeltsin; Vladimir Putin,true,,,false,high,"The description explicitly focuses on the “chaos in 90s Russia,” Yeltsin’s decline, and Putin’s rise to power connected to the Second Chechen War. This anchors the episode primarily in the 1990s through Putin’s accession around 2000.",2253,https://pdst.fm/e/traffic.megaphone.fm/GLT3048619920.mp3?updated=1777394773,https://open.spotify.com/search/The%20Rest%20Is%20History%20161.%20Yeltsin%2C%20Economic%20Chaos%20and%20President%20Putin,622776f667ac55001271e6d1
162,162. Putin's Russia,2022-03-10,1999,2023,1999 – 2023,Russia,Contemporary,Politics & Power; Espionage; Economics & Trade,Vladimir Putin,true,,,false,high,"The description focuses on Putin's rise to power, his presidency, and the 'noughties,' placing the episode from the late 1990s through the contemporary period. It explicitly identifies him as a former KGB agent and discusses his relationship with oligarchs.",2103,https://pdst.fm/e/traffic.megaphone.fm/GLT4575290976.mp3?updated=1777394824,https://open.spotify.com/search/The%20Rest%20Is%20History%20162.%20Putin%27s%20Russia,6228eabbe58e26001381465d
163,163. The Last Emperor of Mexico,2022-03-14,1864,1867,1864 – 1867,Latin America,Long 19th Century,Monarchy & Royalty; Politics & Power; Empire & Colonialism; Biography,Maximilian I of Mexico,false,,,true,high,"The episode is explicitly about “the incredible story of the Last Emperor of Mexico,” placing the focus on Maximilian I’s Mexican reign during the 1860s, amid references to the Mexican Republic, Napoleon III and the Hapsburgs.",4128,https://pdst.fm/e/traffic.megaphone.fm/GLT3817272823.mp3?updated=1777394971,https://open.spotify.com/search/The%20Rest%20Is%20History%20163.%20The%20Last%20Emperor%20of%20Mexico,622b8c6ac28a800013089c66
164,164. Saint Patrick,2022-03-17,390,460,390 – 460,Ireland,Ancient,Religion & Church; Biography,Saint Patrick,false,,,false,medium,"The episode is about the “mysterious Apostle of Ireland,” Saint Patrick, including when he was alive, his origins, and his kidnapping by pirates. These clues place the focus in late antiquity, approximately the 5th century, in Ireland.",3512,https://pdst.fm/e/traffic.megaphone.fm/GLT2665917893.mp3?updated=1777395038,https://open.spotify.com/search/The%20Rest%20Is%20History%20164.%20Saint%20Patrick,62321466a9fb150013a69b1b
165,165. The Rise of Genghis Khan,2022-03-21,1162,1206,1162 – 1206,Central Asia,Medieval,War & Military; Politics & Power; Empire & Colonialism; Biography,Genghis Khan,false,,,false,medium,"The description focuses on Genghis Khan's origins, early life as Temujin, and his rise to become leader of the Mongols. The dates are inferred from the rise-to-power narrative rather than explicitly stated in the description.",2041,https://pdst.fm/e/traffic.megaphone.fm/GLT3370086758.mp3?updated=1777394926,https://open.spotify.com/search/The%20Rest%20Is%20History%20165.%20The%20Rise%20of%20Genghis%20Khan,62376eef7442620013b1f466
166,166. Genghis Khan: Lord of the Mongols,2022-03-22,1206,1227,1206 – 1227,Central Asia,Medieval,Biography; Empire & Colonialism; War & Military; Politics & Power,Genghis Khan,true,,,false,high,"The description identifies this as the second of two episodes on Genghis Khan and focuses on his rise as the leader of the Mongols, his kingdom or 'Mongol Empire,' and his aims. The main focus is therefore his rule from the establishment of his paramount leadership in 1206 through his death in 1227.",3042,https://pdst.fm/e/traffic.megaphone.fm/GLT4398796320.mp3?updated=1777395013,https://open.spotify.com/search/The%20Rest%20Is%20History%20166.%20Genghis%20Khan%3A%20Lord%20of%20the%20Mongols,62388edbbb650e0012e42065
167,167. Oil: The Making of the Modern World,2022-03-24,1859,1960,1859 – 1960,Global,World Wars & Interwar,Economics & Trade; Politics & Power; War & Military,Adolf Hitler,false,,,false,medium,"The description spans the modern oil era, anchored by “the first oil well ever drilled,” Hitler’s wartime obsession with oil, and the formation of OPEC after the Suez Crisis. These references suggest a focus from the mid-19th century through the mid-20th century, with especially strong emphasis on the World Wars and postwar geopolitics.",2584,https://pdst.fm/e/traffic.megaphone.fm/GLT7483911964.mp3?updated=1777394864,https://open.spotify.com/search/The%20Rest%20Is%20History%20167.%20Oil%3A%20The%20Making%20of%20the%20Modern%20World,623b5f968be1590014c78e0b
168,"168. Oil: Conflict, Chaos and Climate Change",2022-03-25,1970,2023,1970 – 2023,Global,Postwar,Economics & Trade; Politics & Power; Science & Technology; War & Military,,false,,,false,medium,"The episode is described as a history of oil focused on its impact on US politics, Ukraine, geopolitics, China's recent growth, Putin's actions, and the future of green energy. These references anchor the main focus in the late 20th and early 21st centuries, broadly from the oil-driven geopolitical era after 1970 to the present.",2708,https://pdst.fm/e/traffic.megaphone.fm/GLT4572551005.mp3?updated=1777394988,https://open.spotify.com/search/The%20Rest%20Is%20History%20168.%20Oil%3A%20Conflict%2C%20Chaos%20and%20Climate%20Change,623b5c332cf67f0012e18775
169,169. The Falklands War: Countdown to Invasion (Part 1),2022-03-28,1970,1982,1970 – 1982,Britain,Postwar,War & Military; Politics & Power; Diplomacy,Rex Hunt,true,The Falklands War,1,false,high,"The description explicitly identifies the Falklands War and discusses the Argentine invasion, the domestic situations in Britain and Argentina in the late 1970s and early 1980s, and the build-up to the conflict, which began in 1982.",3047,https://pdst.fm/e/traffic.megaphone.fm/GLT6828599585.mp3?updated=1777394990,https://open.spotify.com/search/The%20Rest%20Is%20History%20169.%20The%20Falklands%20War%3A%20Countdown%20to%20Invasion%20%28Part%201%29,623dd6910bbc6600121e2c29
170,170. The Falklands War: The Task Force Sails (Part 2),2022-03-29,1982,1982,1982,Britain,Postwar,War & Military; Politics & Power; Diplomacy,Margaret Thatcher; Tony Benn,true,The Falklands War,2,false,high,"The episode is explicitly about the Falklands War, describing the Argentine occupation, Britain's preparations for war, and the Task Force sailing with assistance from the US, France, and Chile. The episode's focus is the 1982 conflict and Margaret Thatcher's political response, including the Saturday Parliament sitting since Suez.",3028,https://pdst.fm/e/traffic.megaphone.fm/GLT1917394924.mp3?updated=1777394981,https://open.spotify.com/search/The%20Rest%20Is%20History%20170.%20The%20Falklands%20War%3A%20The%20Task%20Force%20Sails%20%28Part%202%29,623dd7ac93448e0012f685eb
171,171. The Falklands War: Battle for the Islands (Part 3),2022-03-31,1982,1982,1982,Britain,Postwar,War & Military; Politics & Power; Diplomacy,Margaret Thatcher; Ronald Reagan,true,The Falklands War,3,false,high,"The description explicitly identifies this as the third episode of a Falklands War mini-series and recounts the sinking of the Belgrano, the British Task Force landing, and the battle leading to victory, all referring to the 1982 war. It also mentions Reagan's plea to Thatcher, supporting Thatcher and Reagan as the principal named political figures.",3095,https://pdst.fm/e/traffic.megaphone.fm/GLT4679725480.mp3?updated=1777394987,https://open.spotify.com/search/The%20Rest%20Is%20History%20171.%20The%20Falklands%20War%3A%20Battle%20for%20the%20Islands%20%28Part%203%29,623dd898fa0aa00013b1a849
172,172. The Falklands War: Afterlife (Part 4),2022-04-04,1982,2016,1982 – 2016,Global,Contemporary,War & Military; Politics & Power; Ideology,,true,The Falklands War,4,false,high,"The episode explicitly concerns the legacy of the Falklands War, fought in 1982, and debates whether postwar nostalgia laid the foundations for Brexit. Its focus therefore extends from the war's aftermath into contemporary British and Argentine politics.",3152,https://pdst.fm/e/traffic.megaphone.fm/GLT5779306068.mp3?updated=1777395025,https://open.spotify.com/search/The%20Rest%20Is%20History%20172.%20The%20Falklands%20War%3A%20Afterlife%20%28Part%204%29,623dd927dc5cd9001589a698
173,173. Chairman Mao & the Cultural Revolution,2022-04-07,1966,1976,1966 – 1976,China,Postwar,Revolution; Politics & Power; Ideology,Mao Zedong,false,,,false,high,"The description explicitly identifies the subject as China's Cultural Revolution under Chairman Mao, which occurred from 1966 to 1976. The tour announcement is ancillary and does not affect the episode's historical focus.",3828,https://pdst.fm/e/traffic.megaphone.fm/GLT2886812821.mp3?updated=1777395023,https://open.spotify.com/search/The%20Rest%20Is%20History%20173.%20Chairman%20Mao%20%26%20the%20Cultural%20Revolution,624dc825cc8fb60013263ac0
174,"174. Merlin, Magic and the British",2022-04-11,500,2000,500 – 2000,Britain,Medieval,Religion & Church; Politics & Power; Monarchy & Royalty,Merlin; Richard II; Prince Charles; Tony Blair,false,,,false,medium,"The description explicitly ranges from “Merlin” and “the middle ages” to “the modern day,” with Richard II, Prince Charles, and Tony Blair as examples of British figures connected to magic and occult politics. The broad medieval-to-modern span makes the medieval era the closest primary bucket, but the dating is necessarily approximate.",3337,https://pdst.fm/e/traffic.megaphone.fm/GLT5141910845.mp3?updated=1777394926,https://open.spotify.com/search/The%20Rest%20Is%20History%20174.%20Merlin%2C%20Magic%20and%20the%20British,62505cddadae5f001496c134
175,175. Crucifixion (Part 1),2022-04-14,-500,33,500 BCE – 33,Mediterranean,Ancient,Religion & Church; Crime & Mystery,Jesus,true,,,false,medium,"The episode traces the ancient origins and evolution of crucifixion and focuses on the historical accuracy of Jesus' death, with the Romans explicitly identified as practitioners. These references anchor the main focus in the ancient Mediterranean, broadly from the pre-Roman era through the first century CE.",3887,https://pdst.fm/e/traffic.megaphone.fm/GLT5186420966.mp3?updated=1777395049,https://open.spotify.com/search/The%20Rest%20Is%20History%20175.%20Crucifixion%20%28Part%201%29,6255ac88ccddaf001242e939
176,176. The Jews Against Rome (Part 2),2022-04-18,66,73,66 – 73,Middle East,Ancient,War & Military; Religion & Church; Empire & Colonialism,Pontius Pilate; Nero; Jesus,true,,,false,high,"The description centers on the Jewish Revolt and the Roman destruction of Jerusalem, which occurred in the late 60s and culminated in 70 CE. It explicitly mentions Judea, the Romans, Pontius Pilate, Nero, and Jesus.",1941,https://pdst.fm/e/traffic.megaphone.fm/GLT3414103581.mp3?updated=1777394755,https://open.spotify.com/search/The%20Rest%20Is%20History%20176.%20The%20Jews%20Against%20Rome%20%28Part%202%29,625c93bac030a00012e354af
177,177. The Jewish Revolt (Part 3),2022-04-21,66,73,66 – 73,Middle East,Ancient,War & Military; Religion & Church; Empire & Colonialism,Vespasian; Titus,true,,,false,high,"The episode focuses on the Jewish Revolt in Roman Judea, anchored by the burning of the Temple, Vespasian and Titus's triumph, and the siege of Masada. These events date the main focus to approximately 66–73 CE.",3227,https://pdst.fm/e/traffic.megaphone.fm/GLT1109135413.mp3?updated=1777394981,https://open.spotify.com/search/The%20Rest%20Is%20History%20177.%20The%20Jewish%20Revolt%20%28Part%203%29,626045214371e200121f227d
178,178. French Presidents: 1958-1981 (Part 1),2022-04-25,1958,1981,1958 – 1981,France,Postwar,Politics & Power; Biography,Charles de Gaulle; Georges Pompidou; Valéry Giscard d'Estaing,true,French Presidents,1,false,high,"The title explicitly dates the episode to 1958–1981, and the description identifies it as covering the first three post-war French presidents: Charles de Gaulle, Georges Pompidou, and Valéry Giscard d'Estaing.",2438,https://pdst.fm/e/traffic.megaphone.fm/GLT1396593896.mp3?updated=1777394918,https://open.spotify.com/search/The%20Rest%20Is%20History%20178.%20French%20Presidents%3A%201958-1981%20%28Part%201%29,6262cb13114c2a00131c4c13
179,179. French Presidents: 1981-2022 (Part 2),2022-04-26,1981,2022,1981 – 2022,France,Postwar,Politics & Power; Biography,François Mitterrand; Jacques Chirac; Nicolas Sarkozy; François Hollande; Emmanuel Macron,true,French Presidents,2,false,high,"The title explicitly dates the episode to 1981–2022 and identifies it as the second part of a series on French presidents. The description names Mitterrand, Chirac, Sarkozy, Hollande, and Macron and says it covers France’s post-war presidents up to the current day.",2673,https://pdst.fm/e/traffic.megaphone.fm/GLT2206497694.mp3?updated=1777394784,https://open.spotify.com/search/The%20Rest%20Is%20History%20179.%20French%20Presidents%3A%201981-2022%20%28Part%202%29,6262cc548c8aea00129ee5d2
180,180. England & Englishness,2022-04-28,1900,2000,1900 – 2000,Britain,Postwar,Politics & Power; Culture & Arts; Ideology,George Orwell; Raheem Sterling,false,,,false,medium,"The description explicitly frames the episode as a discussion of “England and Englishness in the 20th century,” with George Orwell and Raheem Sterling as examples. Because the stated focus spans the full twentieth century and reaches the modern world, it is not confined to 1800–1934.",3437,https://pdst.fm/e/traffic.megaphone.fm/GLT7388885434.mp3?updated=1777394987,https://open.spotify.com/search/The%20Rest%20Is%20History%20180.%20England%20%26%20Englishness,6269c60a504dee00135bea9f
181,181. The Birth of Babylon,2022-05-02,-1894,-626,1894 BCE – 626 BCE,Ancient Near East,Ancient,Politics & Power; War & Military; Religion & Church; Empire & Colonialism,,false,,,false,medium,"The description explicitly presents this as Babylon's “earlier period,” contrasting it with the previous episode on Babylon “from Nebuchadnezzar onwards,” and highlights the Assyrians and the Statue of Marduk. This supports a focus on Babylon's rise from the Old Babylonian period through the Assyrian-dominated era, roughly c. 1894–626 BCE.",2926,https://pdst.fm/e/traffic.megaphone.fm/GLT1570061216.mp3?updated=1775852082,https://open.spotify.com/search/The%20Rest%20Is%20History%20181.%20The%20Birth%20of%20Babylon,626e48719a4d1700124f30ad
182,182. Operation Barbarossa,2022-05-05,1941,1941,1941,Russia,World Wars & Interwar,War & Military; Genocide & Atrocity; Politics & Power,Adolf Hitler,false,,,false,high,The description explicitly identifies Operation Barbarossa as the Nazi invasion of the Soviet Union in 1941 and discusses its role in the escalation of the Holocaust. The episode is therefore centered on the Eastern Front of the Second World War.,3511,https://pdst.fm/e/traffic.megaphone.fm/GLT3299389649.mp3?updated=1777395023,https://open.spotify.com/search/The%20Rest%20Is%20History%20182.%20Operation%20Barbarossa,6272b79f3275630013d37438
183,183. History's Biggest Questions with Dan Carlin (Part 1),2022-05-09,0,0,Undated,Global,Undated,Meta/Podcast; Politics & Power; War & Military,,true,History's Biggest Questions with Dan Carlin,1,false,high,"The episode is framed around “ten of the biggest questions in history,” including counterfactuals and hypothetical matchups spanning the 20th century, the American Civil War, and ancient empires. Because it is a broad, multi-era discussion rather than a focused historical narrative, it is undated.",3635,https://pdst.fm/e/traffic.megaphone.fm/GLT3395544177.mp3?updated=1694617962,https://open.spotify.com/search/The%20Rest%20Is%20History%20183.%20History%27s%20Biggest%20Questions%20with%20Dan%20Carlin%20%28Part%201%29,62753b5a5798790017e27c51
184,184. History's Biggest Questions with Dan Carlin (Part 2),2022-05-12,0,0,Undated,Undated,Undated,Meta/Podcast; War & Military,Dan Carlin,true,History's Biggest Questions with Dan Carlin,2,false,high,"The episode is framed as a discussion of “the biggest questions in history,” ranging from whether the West could have lost the Cold War to choosing a samurai, Viking, or Spartan bodyguard, rather than focusing on one dated period. The description identifies Dan Carlin as the main guest, but not as the subject of a historical biography.",3808,https://pdst.fm/e/traffic.megaphone.fm/GLT1976082798.mp3?updated=1777394996,https://open.spotify.com/search/The%20Rest%20Is%20History%20184.%20History%27s%20Biggest%20Questions%20with%20Dan%20Carlin%20%28Part%202%29,62753d21ae754500155bc3ff
185,185. Agatha Christie,2022-05-16,1900,2000,1900 – 2000,Britain,Postwar,Biography; Literature; Crime & Mystery; Religion & Church,Agatha Christie,false,,,false,medium,"The description explicitly presents Christie as a “mirror held up to the 20th century” and discusses her novels, Christianity, evil, and Poirot. Because no narrower dates are given, the main focus is treated as the 20th century broadly.",3406,https://pdst.fm/e/traffic.megaphone.fm/GLT9092045420.mp3?updated=1777394933,https://open.spotify.com/search/The%20Rest%20Is%20History%20185.%20Agatha%20Christie,627bec72078979001586d0fd
186,186. The New Elizabethan Age,2022-05-19,1952,2022,1952 – 2022,Britain,Postwar,Monarchy & Royalty; Culture & Arts,Elizabeth II,false,,,false,high,"The episode focuses on Elizabeth II's reign, explicitly described as beginning with her accession 70 years ago and covering the cultural, artistic, and historic happenings during her reign. The references to the Platinum Jubilee and Princess Diana's wedding place the focus in postwar and contemporary Britain.",3350,https://pdst.fm/e/traffic.megaphone.fm/GLT7640926802.mp3?updated=1777395011,https://open.spotify.com/search/The%20Rest%20Is%20History%20186.%20The%20New%20Elizabethan%20Age,6285255582c6d8001334f3b7
187,187. Australian Prime Ministers: Edmund Barton - Robert Menzies (Part 1),2022-05-23,1901,1966,1901 – 1966,Oceania,Postwar,Politics & Power; Biography; War & Military,Edmund Barton; Robert Menzies,true,Australian Prime Ministers,1,false,medium,"The description says the episode “begins in 1901 with Edmund Barton,” covers both World Wars, and focuses on the premierships of Robert Menzies, whose second premiership ended in 1966. The emphasis on Menzies’ post-1945 premiership makes the Postwar era the best fit despite the broad chronological span.",3222,https://pdst.fm/e/traffic.megaphone.fm/GLT3017584065.mp3?updated=1777394824,https://open.spotify.com/search/The%20Rest%20Is%20History%20187.%20Australian%20Prime%20Ministers%3A%20Edmund%20Barton%20-%20Robert%20Menzies%20%28Part%201%29,628aa09414ebb70012452102
188,188. Australian Prime Ministers: Harold Holt - Malcolm Fraser (Part 2),2022-05-24,1966,1983,1966 – 1983,Oceania,Postwar,Politics & Power; Biography; Crime & Mystery,Harold Holt; Malcolm Fraser,true,Australian Prime Ministers,2,false,high,"The title identifies the focus as Australian Prime Ministers Harold Holt and Malcolm Fraser, whose premierships span 1966–1983. The description specifically mentions Chinese Communist conspiracy theories, likely in connection with Holt, and calls this the second part of an Australian PMs trilogy.",2740,https://pdst.fm/e/traffic.megaphone.fm/GLT4635125602.mp3?updated=1777394832,https://open.spotify.com/search/The%20Rest%20Is%20History%20188.%20Australian%20Prime%20Ministers%3A%20Harold%20Holt%20-%20Malcolm%20Fraser%20%28Part%202%29,628bc0a14b3d6f0012a99f26
189,189. Australian Prime Ministers: Bob Hawke - Scott Morrison (Part 3),2022-05-26,1983,2022,1983 – 2022,Oceania,Contemporary,Politics & Power; Biography,Bob Hawke; Scott Morrison,true,Australian Prime Ministers,3,false,high,"The description explicitly identifies this as the final episode of an Australian prime-ministerial series covering the “most recent stretch of prime ministers, spanning from Bob Hawke to Scott Morrison.” Hawke became prime minister in 1983 and Morrison served through 2022, placing the focus in the contemporary era.",2783,https://pdst.fm/e/traffic.megaphone.fm/GLT2222829202.mp3?updated=1777394946,https://open.spotify.com/search/The%20Rest%20Is%20History%20189.%20Australian%20Prime%20Ministers%3A%20Bob%20Hawke%20-%20Scott%20Morrison%20%28Part%203%29,628d36e0fb49a700137b24d0
190,190. Jubilees,2022-05-30,1809,2022,1809 – 2022,Britain,Long 19th Century,Monarchy & Royalty; Politics & Power; Culture & Arts,George III; Queen Victoria; George V; Elizabeth II,false,,,false,medium,"The episode traces British jubilees from the celebrations of George III and Queen Victoria through George V to Elizabeth II's Platinum Jubilee, spanning 1809 to 2022. Because it explicitly includes the modern Platinum Jubilee, the dominant focus is not confined to 1800–1934.",3519,https://pdst.fm/e/traffic.megaphone.fm/GLT4093596173.mp3?updated=1777394929,https://open.spotify.com/search/The%20Rest%20Is%20History%20190.%20Jubilees,629341f80252da00138414f1
191,191. Childbirth,2022-06-02,0,0,Undated,Global,Undated,Religion & Church; Science & Technology,,false,,,false,high,"The episode is explicitly about “the history of childbirth” and changes in maternal mortality “throughout history,” but the description gives no specific period or region. It therefore cannot be assigned a dated primary focus.",2821,https://pdst.fm/e/traffic.megaphone.fm/GLT5119375504.mp3?updated=1777394903,https://open.spotify.com/search/The%20Rest%20Is%20History%20191.%20Childbirth,629785bc6fbd440012661c81
192,192. Robin Hood,2022-06-06,1200,1500,1200 – 1500,Britain,Medieval,Literature; Culture & Arts; Crime & Mystery,Robin Hood,false,,,false,medium,"The description focuses on the “origins of Robin Hood,” the “earliest mention” of him in text, and the development of the legend. These clues point primarily to medieval Britain, although no precise dates are given.",3509,https://pdst.fm/e/traffic.megaphone.fm/GLT1296880830.mp3?updated=1777394938,https://open.spotify.com/search/The%20Rest%20Is%20History%20192.%20Robin%20Hood,6297880738f0a60012928e23
193,193. How Prime Ministers Fall,2022-06-07,1916,2022,1916 – 2022,Britain,Postwar,Politics & Power; Biography,Boris Johnson; H. H. Asquith; Neville Chamberlain; Margaret Thatcher; Tony Blair,false,,,false,medium,"The episode is framed by Boris Johnson surviving a no-confidence vote and surveys the history of bringing down British Prime Ministers, naming Asquith, Chamberlain, Thatcher and Blair. The named examples span from Asquith's premiership in the 1910s to the contemporary Johnson episode, with the dominant emphasis on modern British political history.",4152,https://pdst.fm/e/traffic.megaphone.fm/GLT7608869237.mp3?updated=1777395041,https://open.spotify.com/search/The%20Rest%20Is%20History%20193.%20How%20Prime%20Ministers%20Fall,629e90432b929d0012c4143e
194,194. The First Fascist,2022-06-09,1919,1920,1919 – 1920,Italy,World Wars & Interwar,Ideology; Politics & Power; Biography; Literature,Gabriele D'Annunzio,false,,,true,medium,"The episode focuses on D'Annunzio's transition from Italian literary figure to political influencer and his impact on Mussolini, pointing to the post-First World War emergence of fascist politics, especially around 1919–1920.",3803,https://pdst.fm/e/traffic.megaphone.fm/GLT5479566212.mp3?updated=1777394985,https://open.spotify.com/search/The%20Rest%20Is%20History%20194.%20The%20First%20Fascist,62a0d033eadb83001324a5a9
195,195. Young Cleopatra (Part 1),2022-06-13,-69,-48,69 BCE – 48 BCE,Africa,Ancient,Biography; Monarchy & Royalty; Politics & Power,Cleopatra,true,,,false,medium,The description identifies this as episode 1 of a four-part series about Cleopatra and focuses on her “early life in Ptolemaic Egypt.” Cleopatra’s early life is conventionally dated from her birth in 69 BCE to her rise to power in 48 BCE.,2617,https://pdst.fm/e/traffic.megaphone.fm/GLT1502910094.mp3?updated=1777395036,https://open.spotify.com/search/The%20Rest%20Is%20History%20195.%20Young%20Cleopatra%20%28Part%201%29,62a333e6ca364e00134d572f
196,196. Julius Caesar & Cleopatra (Part 2),2022-06-14,-48,-44,48 BCE – 44 BCE,Mediterranean,Ancient,Politics & Power; Monarchy & Royalty; Biography,Julius Caesar; Cleopatra,true,,,false,high,"The description focuses on Cleopatra’s relationship with Julius Caesar and its role in Roman politics, anchoring the episode to their alliance during the late Roman Republic, approximately 48–44 BCE.",2500,https://pdst.fm/e/traffic.megaphone.fm/GLT3216275988.mp3?updated=1777394758,https://open.spotify.com/search/The%20Rest%20Is%20History%20196.%20Julius%20Caesar%20%26%20Cleopatra%20%28Part%202%29,62a3366843f27e00128e0b0e
197,197. Antony & Cleopatra (Part 3),2022-06-15,-44,-30,44 BCE – 30 BCE,Mediterranean,Ancient,Politics & Power; Monarchy & Royalty; Economics & Trade; Biography,Mark Antony; Cleopatra; Octavian,true,,,false,high,"The episode focuses on Cleopatra and Mark Antony's relationship and the rise of Octavian as a threat, placing it in the late Roman Republic, approximately 44–30 BCE. The description explicitly frames the relationship around power, money, and territorial gains rather than romance.",2416,https://pdst.fm/e/traffic.megaphone.fm/GLT1953107818.mp3?updated=1777394952,https://open.spotify.com/search/The%20Rest%20Is%20History%20197.%20Antony%20%26%20Cleopatra%20%28Part%203%29,62a3375c25c70a001567ac7c
198,198. Cleopatra's Downfall (Part 4),2022-06-16,-32,-30,32 BCE – 30 BCE,Mediterranean,Ancient,War & Military; Politics & Power; Propaganda; Monarchy & Royalty,Cleopatra; Mark Antony; Octavian,true,,,false,high,"The description focuses on Octavian's propaganda, his war against Antony and Cleopatra, and their ultimate demise, anchoring the episode in the final Roman civil war of 32–30 BCE.",2744,https://pdst.fm/e/traffic.megaphone.fm/GLT1186341405.mp3?updated=1777394709,https://open.spotify.com/search/The%20Rest%20Is%20History%20198.%20Cleopatra%27s%20Downfall%20%28Part%204%29,62a339bc43f27e00128e185c
199,199. Stonehenge,2022-06-23,-3000,-1500,3000 BCE – 1500 BCE,Britain,Ancient,Science & Technology; Religion & Church,,false,,,false,medium,"The episode is explicitly about Stonehenge, including questions of who built it, how it was constructed, and what it was built for. Stonehenge is a prehistoric monument generally dated to roughly 3000–1500 BCE, placing the main focus at the Ancient/prehistoric boundary.",3613,https://pdst.fm/e/traffic.megaphone.fm/GLT3612348466.mp3?updated=1775852135,https://open.spotify.com/search/The%20Rest%20Is%20History%20199.%20Stonehenge,62b1c40df3ac6800127c845d
200,200: American Civil War: The Causes (Part 1),2022-06-27,1800,1861,1800 – 1861,United States,Long 19th Century,War & Military; Slavery; Politics & Power; Economics & Trade,Abraham Lincoln,true,American Civil War,1,true,high,"The description identifies this as the first episode in an 'American Civil War' series and focuses on 'the origins of the war,' including the moral, political, and economic problems of slavery and Abraham Lincoln. These causes are primarily rooted in the antebellum United States up to the war's outbreak in 1861.",3478,https://pdst.fm/e/traffic.megaphone.fm/GLT1124511401.mp3?updated=1777394940,https://open.spotify.com/search/The%20Rest%20Is%20History%20200%3A%20American%20Civil%20War%3A%20The%20Causes%20%28Part%201%29,62b1aed0c7aea90012713821
201,201. American Civil War: Outbreak (Part 2),2022-06-28,1861,1862,1861 – 1862,United States,Long 19th Century,War & Military; Politics & Power; Diplomacy; Biography,Robert E. Lee; Stonewall Jackson,true,American Civil War,2,true,high,"The description explicitly identifies the episode as covering the American Civil War and discusses its “opening exchanges” and the tactics used by both sides, anchoring the focus to the outbreak in 1861 and the early war. It also names Robert E. Lee and Stonewall Jackson and considers possible European involvement.",3025,https://pdst.fm/e/traffic.megaphone.fm/GLT4100428000.mp3?updated=1777394891,https://open.spotify.com/search/The%20Rest%20Is%20History%20201.%20American%20Civil%20War%3A%20Outbreak%20%28Part%202%29,62b1b082ab73180012ade1fc
202,202. American Civil War: Gettysburg (Part 3),2022-06-30,1863,1863,1863,United States,Long 19th Century,War & Military; Politics & Power; Slavery; Biography,Abraham Lincoln,true,American Civil War,3,true,high,"The description explicitly identifies Gettysburg as “the most famous battle of the war” and discusses Abraham Lincoln’s Gettysburg Address, anchoring the episode in the American Civil War in 1863. It also mentions the conditions of the Black population during the conflict.",3002,https://pdst.fm/e/traffic.megaphone.fm/GLT5256515778.mp3?updated=1777395017,https://open.spotify.com/search/The%20Rest%20Is%20History%20202.%20American%20Civil%20War%3A%20Gettysburg%20%28Part%203%29,62b1b21ccdd8c80011eefc7f
203,203. American Civil War: Aftermath & Legacy (Part 4),2022-07-04,1865,1865,1865,United States,Long 19th Century,War & Military; Assassination; Politics & Power,Abraham Lincoln,true,American Civil War,4,true,high,"The description identifies this as the final episode, focusing on “the end of the conflict” and the subsequent assassination of Abraham Lincoln, anchoring the main historical focus in 1865. References to how the war is viewed in modern-day America concern its legacy rather than the dominant period.",2952,https://pdst.fm/e/traffic.megaphone.fm/GLT3990109453.mp3?updated=1777394871,https://open.spotify.com/search/The%20Rest%20Is%20History%20203.%20American%20Civil%20War%3A%20Aftermath%20%26%20Legacy%20%28Part%204%29,62b1b3443369580012832fa0
204,204. Gone with the Wind,2022-07-07,1865,1939,1865 – 1939,United States,World Wars & Interwar,Culture & Arts; Literature; Ideology; Politics & Power,,false,,,false,medium,"The description centers on the 'Lost Cause' myth in post-Civil War America and its embodiment in the novel and film Gone with the Wind, published and released in the 1930s. The main focus therefore spans from the post-Civil War era to the 1936 novel and 1939 film.",3683,https://pdst.fm/e/traffic.megaphone.fm/GLT3666140136.mp3?updated=1777395032,https://open.spotify.com/search/The%20Rest%20Is%20History%20204.%20Gone%20with%20the%20Wind,62c5acb8257f9c0012f58b71
205,205. The Last Days of Boris Johnson,2022-07-08,2022,2022,2022,Britain,Contemporary,Politics & Power; Biography,Boris Johnson,false,,,false,high,"The episode focuses on Boris Johnson's resignation and the “tumultuous last few days in British politics,” clearly anchoring it in contemporary Britain in 2022.",3426,https://pdst.fm/e/traffic.megaphone.fm/GLT2329301983.mp3?updated=1777394940,https://open.spotify.com/search/The%20Rest%20Is%20History%20205.%20The%20Last%20Days%20of%20Boris%20Johnson,62c71669051b120014effdd5
206,206. Historical Love Island,2022-07-11,0,0,Undated,Undated,Undated,Meta/Podcast; Culture & Arts,,false,,,false,high,"The episode is a playful, thematic 'Love Island' format in which historical figures are placed in a fictional villa and paired up; it does not focus on a specific period or region. The description explicitly presents it as a poll about 'favourite historical couple[s]' rather than a dated historical narrative.",3912,https://pdst.fm/e/traffic.megaphone.fm/GLT8073929093.mp3?updated=1777394901,https://open.spotify.com/search/The%20Rest%20Is%20History%20206.%20Historical%20Love%20Island,62c8564ed8149000145635ce
207,207. Historical Love Island: THE WINNER,2022-07-13,0,0,Undated,Undated,Undated,Meta/Podcast,,false,,,false,high,"The description calls this a “special episode” announcing the winner of the podcast’s “Historical Love Island” vote, rather than covering a defined historical period.",1024,https://pdst.fm/e/traffic.megaphone.fm/GLT4172810067.mp3?updated=1775851769,https://open.spotify.com/search/The%20Rest%20Is%20History%20207.%20Historical%20Love%20Island%3A%20THE%20WINNER,62cda62d0a6d14001392aa51
208,208. George Orwell,2022-07-14,1903,1950,1903 – 1950,Britain,World Wars & Interwar,Biography; Literature; Politics & Power,George Orwell,false,,,false,medium,"The episode is explicitly about George Orwell’s “life and legacy” as a modern British novelist, essayist, and journalist, including his works Nineteen Eighty-Four, Animal Farm, and Homage to Catalonia. The focus is therefore his early-to-mid-20th-century life and writing, spanning the interwar and Second World War era rather than ending in 1934.",4197,https://pdst.fm/e/traffic.megaphone.fm/GLT5823999588.mp3?updated=1777395017,https://open.spotify.com/search/The%20Rest%20Is%20History%20208.%20George%20Orwell,62ceecbd4c28a4001489813c
209,209. Londinium (Part 1),2022-07-18,43,410,43 – 410,Britain,Ancient,Empire & Colonialism; Politics & Power,,true,,,false,low,"The title identifies “Londinium,” the Roman-era name for London, while the description places it within “London’s past” but gives no explicit dates. The date range therefore represents the broad Roman period in Britain rather than a specifically stated episode timeframe.",3223,https://pdst.fm/e/traffic.megaphone.fm/GLT8659020002.mp3?updated=1777394849,https://open.spotify.com/search/The%20Rest%20Is%20History%20209.%20Londinium%20%28Part%201%29,62d170ec2159da0013480026
210,210. London: Places (Part 2),2022-07-19,666,1958,666 – 1958,Britain,Postwar,Religion & Church; Culture & Arts,,true,London,2,false,low,"The episode focuses on Barking Abbey, an early medieval religious site, and the 2i's Coffee Bar, a postwar London music venue. Because the description explicitly spans these very different periods, the dominant era is uncertain; the postwar setting of the 2i's Coffee Bar is used for the era bucket.",2274,https://pdst.fm/e/traffic.megaphone.fm/GLT8561271853.mp3?updated=1777394755,https://open.spotify.com/search/The%20Rest%20Is%20History%20210.%20London%3A%20Places%20%28Part%202%29,62d176dcdbfc6f0013bdf659
211,211. London: People (Part 3),2022-07-20,1707,1989,1707 – 1989,Britain,Postwar,Biography; Literature; Culture & Arts; Politics & Power,Henry Fielding; C.L.R. James,true,London,3,false,medium,"The description explicitly focuses on “Henry Fielding and C.L.R. James” and discusses “their lives and legacy.” Their lifespans span the eighteenth through twentieth centuries, with James's later life and legacy extending into the postwar period.",2394,https://pdst.fm/e/traffic.megaphone.fm/GLT1562041230.mp3?updated=1777394897,https://open.spotify.com/search/The%20Rest%20Is%20History%20211.%20London%3A%20People%20%28Part%203%29,62d179983d9a85001430cee0
212,212. Haunted London (Part 4),2022-07-21,0,0,Undated,Britain,Undated,Crime & Mystery; Meta/Podcast,,true,,,false,high,"The description presents this as a live, on-location exploration of “the haunted remnants of the past” in central London, but gives no specific historical dates or named figures. The title identifies it as “Haunted London (Part 4),” establishing the series format.",3022,https://pdst.fm/e/traffic.megaphone.fm/GLT8938796735.mp3?updated=1777394993,https://open.spotify.com/search/The%20Rest%20Is%20History%20212.%20Haunted%20London%20%28Part%204%29,62d17f064a18060014379d6a
213,213. London: Moments (Part 5),2022-07-22,1800,1934,1800 – 1934,Britain,Long 19th Century,Science & Technology; Monarchy & Royalty; Culture & Arts,,true,London,5,true,medium,"The description highlights the expansion of the metropolitan railway and Metroland, anchoring the episode in London’s 19th- and early-20th-century development. It also discusses the older Royal Menagerie at the Tower of London, making the episode somewhat multi-era.",2023,https://pdst.fm/e/traffic.megaphone.fm/GLT4986306476.mp3?updated=1729785469,https://open.spotify.com/search/The%20Rest%20Is%20History%20213.%20London%3A%20Moments%20%28Part%205%29,62d18180c13efe0012aa7e82
214,214. The Battle of Stalingrad (Part 1),2022-07-25,1942,1943,1942 – 1943,Russia,World Wars & Interwar,War & Military,,true,,,false,high,"The description explicitly calls Stalingrad “the bloodiest battle of the Second World War” and discusses the build-up, context, and outbreak of the Battle of Stalingrad, which took place in 1942–1943.",2921,https://pdst.fm/e/traffic.megaphone.fm/GLT4564292022.mp3?updated=1729785212,https://open.spotify.com/search/The%20Rest%20Is%20History%20214.%20The%20Battle%20of%20Stalingrad%20%28Part%201%29,62ddadd6519edb001486d1a7
215,215. Stalingrad and the Red Army (Part 2),2022-07-28,1942,1943,1942 – 1943,Russia,World Wars & Interwar,War & Military,,true,,,false,high,"The description explicitly focuses on the climax of the Battle of Stalingrad and the Red Army's counteroffensive against the Axis forces, dating the episode to 1942–1943 during the Second World War.",2897,https://pdst.fm/e/traffic.megaphone.fm/GLT4269997308.mp3?updated=1777394881,https://open.spotify.com/search/The%20Rest%20Is%20History%20215.%20Stalingrad%20and%20the%20Red%20Army%20%28Part%202%29,62e1b0d942893c0012aa3bac
216,216. Pigeons,2022-08-01,1914,1945,1914 – 1945,Britain,World Wars & Interwar,War & Military; Espionage; Science & Technology,Major General Fowler,false,,,false,medium,"The description explicitly anchors the discussion in the First World War and the postwar remarks of Major General Fowler, while also highlighting Gordon Corera's book about the WWII-era 'Secret Pigeon Service' and pigeons' wider military role. This supports a primary focus across the World Wars rather than a narrowly dated episode.",3195,https://pdst.fm/e/traffic.megaphone.fm/GLT2770080110.mp3?updated=1694606770,https://open.spotify.com/search/The%20Rest%20Is%20History%20216.%20Pigeons,62e6701ec72057001368d856
217,217. Plague and the decline of the Roman Empire,2022-08-04,165,476,165 – 476,Mediterranean,Ancient,Disaster & Plague; Empire & Colonialism,,false,,,false,medium,"The episode focuses on pandemics and disease in the decline of the Roman Empire, specifically discussing the Antonine Plague and Roman life expectancy. The dating is anchored broadly from the Antonine Plague in the 2nd century CE through the decline of the Western Roman Empire in the 5th century.",3051,https://pdst.fm/e/traffic.megaphone.fm/GLT2583859060.mp3?updated=1694606702,https://open.spotify.com/search/The%20Rest%20Is%20History%20217.%20Plague%20and%20the%20decline%20of%20the%20Roman%20Empire,62eaa707207e170012609ad3
218,218. Theodora: Empress of Byzantium (Part 1),2022-08-08,500,548,500 – 548,Byzantine,Medieval,Monarchy & Royalty; Politics & Power; Biography; Sex & Scandal,Theodora; Justinian,true,,,false,medium,"The description focuses on “Justinian and Theodora,” especially the “powerful Byzantine empress,” alongside Constantinople and the collapse of the Western Roman Empire. Theodora’s central life and reign fall in the early-to-mid sixth century, approximately 500–548.",2959,https://pdst.fm/e/traffic.megaphone.fm/GLT5957583440.mp3?updated=1729785075,https://open.spotify.com/search/The%20Rest%20Is%20History%20218.%20Theodora%3A%20Empress%20of%20Byzantium%20%28Part%201%29,62ed3d6221b3c50012565b9a
219,219. Justinian: Making Rome Great Again (Part 2),2022-08-09,527,532,527 – 532,Byzantine,Medieval,Politics & Power; Monarchy & Royalty; War & Military; Religion & Church,Justinian,true,,,false,high,"The description focuses on the Nika riots in the early part of Justinian's reign and his confrontation with the Persian Empire; the riots occurred in 532 during his reign, which began in 527.",2386,https://pdst.fm/e/traffic.megaphone.fm/GLT2369595847.mp3?updated=1729785106,https://open.spotify.com/search/The%20Rest%20Is%20History%20219.%20Justinian%3A%20Making%20Rome%20Great%20Again%20%28Part%202%29,62f14538efc11c00135927f6
220,220. Justinian & Theodora: The Secret History (Part 3),2022-08-11,527,565,527 – 565,Byzantine,Medieval,War & Military; Disaster & Plague; Monarchy & Royalty; Biography,Justinian; Theodora,true,,,false,high,"The description focuses on Justinian and Theodora, specifically the Byzantine reconquest of Italy and the Justinianic plague, events centered during Justinian's reign (527–565).",3195,https://pdst.fm/e/traffic.megaphone.fm/GLT6795699757.mp3?updated=1729785125,https://open.spotify.com/search/The%20Rest%20Is%20History%20220.%20Justinian%20%26%20Theodora%3A%20The%20Secret%20History%20%28Part%203%29,62f28b64c8c50f00132f0da1
221,221. Holidays: Byron's Grand Tour,2022-08-15,1760,1815,1760 – 1815,Europe,Long 19th Century,Exploration & Discovery; Culture & Arts; Biography,Lord Byron; James Boswell,true,,,false,medium,"The description identifies this as the first of four episodes on the history of holidays and focuses on the Grand Tour adventures of Byron, Boswell, and their contemporaries. Byron's travels anchor the episode in the early 19th century, while Boswell and the broader Grand Tour tradition extend the focus back into the 18th century.",3058,https://pdst.fm/e/traffic.megaphone.fm/GLT3921798295.mp3?updated=1694606007,https://open.spotify.com/search/The%20Rest%20Is%20History%20221.%20Holidays%3A%20Byron%27s%20Grand%20Tour,62f6592fd54b3b00123bfcec
222,222. Victorian Holidays,2022-08-18,1840,1901,1840 – 1901,Britain,Long 19th Century,Exploration & Discovery; Economics & Trade; Biography,Thomas Cook,false,,,true,high,"The description explicitly frames the episode around the Victorian era and the development of guidebooks, resorts, package holidays, and Thomas Cook, placing the main focus in the mid-to-late 19th century. Britain is dominant, despite discussion of German spa treatments.",3157,https://pdst.fm/e/traffic.megaphone.fm/GLT9970456316.mp3?updated=1694605858,https://open.spotify.com/search/The%20Rest%20Is%20History%20222.%20Victorian%20Holidays,62f65c6c1a9b9f0012df1be0
223,"223. Sun, Sea, and Sex",2022-08-22,1918,2023,1918 – 2023,Europe,Postwar,Culture & Arts; Economics & Trade; Politics & Power,Francisco Franco,true,,,false,medium,"The description explicitly frames the episode as covering “the history of modern holidays in the post First World War era,” with a focus on postwar mass tourism, Butlin’s, Benidorm, package holidays, and Franco’s Spain. The description calls it “the third episode in our holiday series,” supporting its classification as part of a series.",3098,https://pdst.fm/e/traffic.megaphone.fm/GLT5217352210.mp3?updated=1694605685,https://open.spotify.com/search/The%20Rest%20Is%20History%20223.%20Sun%2C%20Sea%2C%20and%20Sex,62fe8283ff1f0c00134fc4e0
224,224. Roman Holidays,2022-08-25,-27,300,27 BCE – 300,Mediterranean,Ancient,Exploration & Discovery; Culture & Arts,,true,,,false,medium,"The description explicitly calls this the exploration of “Roman holidays” and the “ancient holidaying world,” with destinations including the Bay of Naples, Egypt, and the Levant. The focus is therefore the Roman imperial era, broadly dated from the establishment of the Empire in 27 BCE through the first few centuries CE.",3494,https://pdst.fm/e/traffic.megaphone.fm/GLT9939678940.mp3?updated=1694605641,https://open.spotify.com/search/The%20Rest%20Is%20History%20224.%20Roman%20Holidays,62fe839e4c5e0700122382ac
225,225. J.R.R. Tolkien,2022-08-29,1892,1914,1892 – 1914,Britain,Long 19th Century,Biography; Literature; Religion & Church; Culture & Arts,J.R.R. Tolkien,true,,,true,low,"The episode is the first of two exploring Tolkien's childhood, his relationship with religion, and the impact of the changing English countryside on his writing. The description does not provide explicit dates, so the early-life range is inferred from the modern British setting and biography.",3489,https://pdst.fm/e/traffic.megaphone.fm/GLT9725776786.mp3?updated=1694605536,https://open.spotify.com/search/The%20Rest%20Is%20History%20225.%20J.R.R.%20Tolkien,6308f824fc242d0012461003
226,226. The Lord of the Rings,2022-09-01,1937,1949,1937 – 1949,Britain,World Wars & Interwar,Literature; Culture & Arts; Science & Technology,J.R.R. Tolkien,false,,,false,high,"The description explicitly dates the writing of The Lord of the Rings to 1937–1949 and identifies the episode as part of a discussion of J.R.R. Tolkien’s life and work. References to industrialisation, Mordor’s air defences, and post-war Attlee Britain anchor the themes in literature and 20th-century Britain.",3833,https://pdst.fm/e/traffic.megaphone.fm/GLT1788342017.mp3?updated=1694605356,https://open.spotify.com/search/The%20Rest%20Is%20History%20226.%20The%20Lord%20of%20the%20Rings,6308f97e11fe6400138af1da
227,227. Portugal: On the Edge of the World (Part 1),2022-09-05,-218,1500,218 BCE – 1500,Europe,Medieval,War & Military; Politics & Power; Religion & Church; Diplomacy,,true,Portugal,1,false,medium,"The description explicitly frames this as Portugal's “early history,” covering the Romans, Visigoths, the Reconquista, and early alliances with England. These topics span Roman antiquity into the medieval period, with the Reconquista and political-religious development indicating a predominantly medieval focus.",2929,https://pdst.fm/e/traffic.megaphone.fm/GLT1834337589.mp3?updated=1729784908,https://open.spotify.com/search/The%20Rest%20Is%20History%20227.%20Portugal%3A%20On%20the%20Edge%20of%20the%20World%20%28Part%201%29,6315134e8c108e00131a465c
228,228. Portugal: The Golden Age of Discovery (Part 2),2022-09-06,1400,1580,1400 – 1580,Europe,Early Modern,Exploration & Discovery; Empire & Colonialism; Diplomacy; Biography,Vasco da Gama; Philip II of Spain,true,Portugal,2,false,medium,"The title identifies Portugal’s “Golden Age of Discovery,” while the description focuses on Portuguese voyages, Vasco da Gama, and relations with Philip II of Spain, placing the episode broadly in the fifteenth and sixteenth centuries.",3218,https://pdst.fm/e/traffic.megaphone.fm/GLT7949934800.mp3?updated=1729784931,https://open.spotify.com/search/The%20Rest%20Is%20History%20228.%20Portugal%3A%20The%20Golden%20Age%20of%20Discovery%20%28Part%202%29,6316209fb5acb700145287c0
229,"229. Portugal: Gold, Earthquakes, and Brazil (Part 3)",2022-09-07,1700,1800,1700 – 1800,Portugal,Early Modern,Economics & Trade; Disaster & Plague; Empire & Colonialism,,true,Portugal,3,false,medium,"The description focuses on Portugal’s gold rush, earthquakes, and Brazil within a history-of-Portugal series, pointing primarily to the eighteenth-century Portuguese imperial period. The specific dates are not stated, so the range is approximate.",3324,https://pdst.fm/e/traffic.megaphone.fm/GLT8317395817.mp3?updated=1777394992,https://open.spotify.com/search/The%20Rest%20Is%20History%20229.%20Portugal%3A%20Gold%2C%20Earthquakes%2C%20and%20Brazil%20%28Part%203%29,63177ae206a8a1001379307d
230,"230. Portugal: Football, Fado, and Fascism? (Part 4)",2022-09-08,1900,1974,1900 – 1974,Europe,World Wars & Interwar,Politics & Power; War & Military; Religion & Church; Culture & Arts,António Salazar,true,Portugal,4,false,medium,"The description explicitly focuses on “Portugal in the 20th century,” including “the two World Wars,” the Miracle of Fatima, and dictator António Salazar. The dominant material appears to center on Portugal’s wartime and authoritarian period, while extending beyond 1934 through the broader 20th-century framing.",3604,https://pdst.fm/e/traffic.megaphone.fm/GLT9147423732.mp3?updated=1729784996,https://open.spotify.com/search/The%20Rest%20Is%20History%20230.%20Portugal%3A%20Football%2C%20Fado%2C%20and%20Fascism%3F%20%28Part%204%29,631904ca37b74f0012b0270e
231,231. Queen Elizabeth II (Part 1),2022-09-09,1926,1953,1926 – 1953,Britain,Postwar,Monarchy & Royalty; Biography; Empire & Colonialism,Elizabeth II,true,Queen Elizabeth II,1,false,high,"The episode covers Elizabeth II’s early life from her birth-era childhood through her coronation, explicitly described as the period “leading up to her coronation.” Her reign over “Britain and the Commonwealth” supports Britain as the dominant region.",2849,https://pdst.fm/e/traffic.megaphone.fm/GLT2826379729.mp3?updated=1775851953,https://open.spotify.com/search/The%20Rest%20Is%20History%20231.%20Queen%20Elizabeth%20II%20%28Part%201%29,631b2fd20e34f50011afc538
232,232. Queen Elizabeth II (Part 2),2022-09-09,1952,2022,1952 – 2022,Britain,Postwar,Monarchy & Royalty; Politics & Power; Empire & Colonialism; Biography,Elizabeth II,true,Queen Elizabeth II,2,false,high,"The description explicitly dates Elizabeth's accession to February 1952 and examines her “70 years as Queen,” placing the main focus in the postwar period through 2022. The episode is primarily a biography of Elizabeth II, with emphasis on her monarchy, Prime Ministers, and role as head of the Commonwealth.",2873,https://pdst.fm/e/traffic.megaphone.fm/GLT5667149245.mp3?updated=1775852029,https://open.spotify.com/search/The%20Rest%20Is%20History%20232.%20Queen%20Elizabeth%20II%20%28Part%202%29,631b444797ab410012895db2
233,233. The Loch Ness Monster,2022-09-12,0,0,Undated,Britain,Undated,Crime & Mystery,,false,,,false,low,The description discusses the Loch Ness Monster's recorded mentions and alleged sightings but provides no specific dates or clearly defined historical period. Its Scottish setting supports Britain as the dominant region.,4324,https://pdst.fm/e/traffic.megaphone.fm/GLT3620889030.mp3?updated=1694604700,https://open.spotify.com/search/The%20Rest%20Is%20History%20233.%20The%20Loch%20Ness%20Monster,631b82336bf4ff001483fb48
234,234. Germans Behaving Badly,2022-09-15,1770,1800,1770 – 1800,Germany,Early Modern,Culture & Arts; Literature; Politics & Power; Sex & Scandal,Goethe; Friedrich Schiller,false,,,false,high,"The description explicitly focuses on “late 18th century German rebels,” including Goethe and Friedrich Schiller, and discusses the first Romantics and their progressive, often scandalous lives.",3484,https://pdst.fm/e/traffic.megaphone.fm/GLT7143029609.mp3?updated=1694604507,https://open.spotify.com/search/The%20Rest%20Is%20History%20234.%20Germans%20Behaving%20Badly,632242d085cb8e0011ee760c
235,235. China and World War II (Part 1),2022-09-20,1839,1937,1839 – 1937,China,World Wars & Interwar,War & Military; Politics & Power; Empire & Colonialism; Revolution,,true,China and World War II,1,false,high,"The description covers the Opium Wars, the fall of the last Emperor and establishment of the Chinese Republic in 1912, and the warlords and Kuomintang before arguing that the Second World War began in 1937. The dominant focus therefore runs from the Opium Wars into China’s interwar experience, ending in 1937.",3573,https://pdst.fm/e/traffic.megaphone.fm/GLT2114682484.mp3?updated=1729784689,https://open.spotify.com/search/The%20Rest%20Is%20History%20235.%20China%20and%20World%20War%20II%20%28Part%201%29,63295eb5d6d46b0012034f4e
236,236. China and World War II (Part 2),2022-09-22,1937,1945,1937 – 1945,China,World Wars & Interwar,War & Military; Genocide & Atrocity; Politics & Power; Diplomacy,Wang Jingwei; Joseph Stilwell; Chiang Kai-shek,true,China and World War II,2,false,high,"The description explicitly focuses on China's position during World War Two, including the Rape of Nanjing and Japanese military operations. These events place the episode primarily in the 1937–1945 Sino-Japanese and wider Second World War period.",3914,https://pdst.fm/e/traffic.megaphone.fm/GLT5290070743.mp3?updated=1729784729,https://open.spotify.com/search/The%20Rest%20Is%20History%20236.%20China%20and%20World%20War%20II%20%28Part%202%29,632b22e2d596860013fe1c37
237,237. Marilyn Monroe,2022-09-26,1950,1962,1950 – 1962,United States,Postwar,Biography; Culture & Arts; Sex & Scandal; Crime & Mystery,Marilyn Monroe,false,,,false,medium,"The episode focuses on Marilyn Monroe’s postwar Hollywood career and historical associations, explicitly mentioning the Korean War, JFK, and the Mafia. These references anchor the dominant period in the 1950s and early 1960s.",3534,https://pdst.fm/e/traffic.megaphone.fm/GLT5351991903.mp3?updated=1694604069,https://open.spotify.com/search/The%20Rest%20Is%20History%20237.%20Marilyn%20Monroe,632dc04c6f53290013a5cad4
238,238. The Regency Revolution,2022-09-29,1811,1820,1811 – 1820,Britain,Long 19th Century,Culture & Arts; Revolution; Politics & Power,Jane Austen,false,,,true,high,"The description explicitly identifies the subject as fashion in early 19th-century Britain during the Regency period, conventionally dated here to 1811–1820. References to bonnets, corsets, empire-line dresses, and the world of Jane Austen anchor the episode in the social and political changes of Regency Britain.",3502,https://pdst.fm/e/traffic.megaphone.fm/GLT7671750288.mp3?updated=1694603804,https://open.spotify.com/search/The%20Rest%20Is%20History%20238.%20The%20Regency%20Revolution,633480404b37860012f3ac19
239,239: Young Churchill: Born to Lead (Part 1),2022-10-03,1874,1900,1874 – 1900,Britain,Long 19th Century,Biography; Politics & Power,Winston Churchill,true,Young Churchill,1,true,medium,"The episode is explicitly about the “early life of Winston Churchill” and his development as the “future Prime Minister,” placing the focus in his late-19th-century youth and early adulthood. The date range is estimated from Churchill’s birth and the period generally covered by his early life.",3177,https://pdst.fm/e/traffic.megaphone.fm/GLT1969009161.mp3?updated=1729784554,https://open.spotify.com/search/The%20Rest%20Is%20History%20239%3A%20Young%20Churchill%3A%20Born%20to%20Lead%20%28Part%201%29,6336acc33823e2001248c854
240,240. Young Churchill: Soldier of Empire (Part 2),2022-10-06,1895,1898,1895 – 1898,Africa,Long 19th Century,Biography; Empire & Colonialism; War & Military; Literature,Winston Churchill,true,Young Churchill,2,true,medium,"The episode focuses on Churchill’s young imperial exploits, specifically his experiences “from Cuba to Sudan,” which anchor the main period in the mid-to-late 1890s, including the Sudan campaign. The description also highlights his swashbuckling prose and moral outlook.",3279,https://pdst.fm/e/traffic.megaphone.fm/GLT4710302249.mp3?updated=1729784566,https://open.spotify.com/search/The%20Rest%20Is%20History%20240.%20Young%20Churchill%3A%20Soldier%20of%20Empire%20%28Part%202%29,633aae34b7ce3c00129b6c5f
241,241. Young Churchill: Prisoner and Fugitive (Part 3),2022-10-10,1899,1902,1899 – 1902,Africa,Long 19th Century,War & Military; Biography; Empire & Colonialism; Exploration & Discovery,Winston Churchill,true,Young Churchill,3,true,high,"The description explicitly focuses on Churchill's escape from a prisoner-of-war camp during the Boer War, which took place in 1899–1902, and his emergence as an imperialist hero. The series is identified by the title's '(Part 3)' suffix.",3109,https://pdst.fm/e/traffic.megaphone.fm/GLT9087091726.mp3?updated=1729784589,https://open.spotify.com/search/The%20Rest%20Is%20History%20241.%20Young%20Churchill%3A%20Prisoner%20and%20Fugitive%20%28Part%203%29,633ab11451a8d6001152721a
242,242. French History on Film,2022-10-13,-52,1944,52 BCE – 1944,France,Long 19th Century,Culture & Arts; Politics & Power; War & Military; Monarchy & Royalty,Vercingetorix; Joan of Arc; Napoleon,false,,,false,medium,"The description explicitly says the films span “from Vercingétorix to Vichy,” anchoring the historical range from ancient Gaul to Vichy France in the Second World War. The episode is primarily a survey of French history through cinema, including films about Joan of Arc, Napoleon, monarchy, revolution, and wartime France.",5042,https://pdst.fm/e/traffic.megaphone.fm/GLT2672520929.mp3?updated=1694603446,https://open.spotify.com/search/The%20Rest%20Is%20History%20242.%20French%20History%20on%20Film,6346d74af597f1001130af00
243,243. Trafalgar: A World at War (Part 1),2022-10-17,1805,1805,1805,Europe,Long 19th Century,War & Military; Science & Technology; Biography,Horatio Nelson,true,Trafalgar,1,true,high,"The description explicitly identifies the Battle of Trafalgar, fought in 1805, and focuses on the conflict between the British Royal Navy and the combined French and Spanish fleets. It also highlights advanced naval technology and Horatio Nelson's leadership.",2961,https://pdst.fm/e/traffic.megaphone.fm/GLT3542298238.mp3?updated=1729784394,https://open.spotify.com/search/The%20Rest%20Is%20History%20243.%20Trafalgar%3A%20A%20World%20at%20War%20%28Part%201%29,63483d0cec7631001133a432
244,244. Trafalgar: Countdown to Annihilation (Part 2),2022-10-20,1805,1805,1805,Europe,Long 19th Century,War & Military; Empire & Colonialism; Biography,Napoleon Bonaparte; Horatio Nelson,true,Trafalgar,2,true,high,"The episode is the second part of a Trafalgar trilogy and focuses on Napoleon's plan to invade Britain, naval technology, and Nelson's strategy to ""annihilate the enemy,"" anchoring it to the 1805 Battle of Trafalgar.",3277,https://pdst.fm/e/traffic.megaphone.fm/GLT5489746159.mp3?updated=1729784420,https://open.spotify.com/search/The%20Rest%20Is%20History%20244.%20Trafalgar%3A%20Countdown%20to%20Annihilation%20%28Part%202%29,634986cad51c900011f33e8f
245,245. Trafalgar: Victory (Part 3),2022-10-21,1805,1805,1805,Spain,Long 19th Century,War & Military; Biography,Horatio Nelson,true,Trafalgar,3,true,high,"The description explicitly focuses on the Battle of Trafalgar, Nelson’s leadership, and his death, anchoring the episode to the 1805 naval battle during the Napoleonic Wars.",3491,https://pdst.fm/e/traffic.megaphone.fm/GLT4217731619.mp3?updated=1729784451,https://open.spotify.com/search/The%20Rest%20Is%20History%20245.%20Trafalgar%3A%20Victory%20%28Part%203%29,634e7423ce0a930011df4d56
246,246. The Fall of Liz Truss,2022-10-22,2022,2022,2022,Britain,Contemporary,Politics & Power; Biography,Liz Truss,false,,,false,high,"The episode focuses on Liz Truss's resignation after “just 45 days,” explicitly discussing her place in modern British and “post-war British history.”",3199,https://pdst.fm/e/traffic.megaphone.fm/GLT3484252092.mp3?updated=1694602901,https://open.spotify.com/search/The%20Rest%20Is%20History%20246.%20The%20Fall%20of%20Liz%20Truss,6351b6a9c768740011a06c8c
247,247. Monty & Patton vs. the Nazis,2022-10-27,1939,1945,1939 – 1945,Europe,World Wars & Interwar,War & Military; Biography,Bernard Montgomery; George S. Patton,false,,,false,high,"The description explicitly identifies the subject as the Second World War and discusses Dunkirk, Alamein, and D-Day. The title centers on Montgomery (“Monty”) and Patton as Allied commanders.",3450,https://pdst.fm/e/traffic.megaphone.fm/GLT2932235302.mp3?updated=1694602663,https://open.spotify.com/search/The%20Rest%20Is%20History%20247.%20Monty%20%26%20Patton%20vs.%20the%20Nazis,6359121f1fc1700013ada71a
248,248. Medieval Treason (Part 1),2022-10-31,1351,1625,1351 – 1625,Britain,Medieval,Politics & Power; Monarchy & Royalty; Religion & Church; Crime & Mystery,Richard III; Henry VIII; James I,true,,,false,medium,"The episode explicitly begins with the 1351 treason act and discusses medieval and Reformation-era treason in Britain, linking the story to Richard III, Henry VIII, and James I. The title identifies the main focus as medieval treason, though the named figures extend the coverage into the early seventeenth century.",3149,https://pdst.fm/e/traffic.megaphone.fm/GLT9532907553.mp3?updated=1729783899,https://open.spotify.com/search/The%20Rest%20Is%20History%20248.%20Medieval%20Treason%20%28Part%201%29,635bf48be3fc63001259fbd9
249,249. Treason in Modern Britain (Part 2),2022-11-03,1600,1916,1600 – 1916,Britain,Long 19th Century,Politics & Power; Monarchy & Royalty; Revolution; Diplomacy,Charles I,true,,,false,medium,"The description says the episode examines treason's impact 'since the 17th century' and highlights the trial of Charles I, American independence, and the Easter Rising, placing the focus broadly from the 1600s through 1916. Although much of the period falls within the long 19th century, the focus begins before 1800, so it is not strongly 1800–1934.",3238,https://pdst.fm/e/traffic.megaphone.fm/GLT2159531504.mp3?updated=1729783868,https://open.spotify.com/search/The%20Rest%20Is%20History%20249.%20Treason%20in%20Modern%20Britain%20%28Part%202%29,635bf4fee3fc63001259fcc5
250,250. Alfred the Great: Fury of the Vikings (Part 1),2022-11-07,871,878,871 – 878,Britain,Medieval,War & Military; Monarchy & Royalty; Religion & Church; Literature,Alfred the Great,true,Alfred the Great,1,false,medium,"The episode focuses on Alfred the Great's ninth-century struggle against Viking invasion, including his escape from a Christmas ambush and his anointment by the Pope. The description does not give exact dates, but these events are associated with Alfred's campaigns from 871 to 878.",3306,https://pdst.fm/e/traffic.megaphone.fm/GLT7924523463.mp3?updated=1777395005,https://open.spotify.com/search/The%20Rest%20Is%20History%20250.%20Alfred%20the%20Great%3A%20Fury%20of%20the%20Vikings%20%28Part%201%29,63654855e71f4a00118a8984
251,251. Alfred the Great: Return of the King (Part 2),2022-11-10,871,899,871 – 899,Britain,Medieval,War & Military; Monarchy & Royalty; Biography,Alfred the Great,true,Alfred the Great,2,false,high,"The episode focuses on King Alfred the Great battling the expanding power of the Vikings, placing the main narrative in Alfred's reign in late ninth-century England (871–899).",3109,https://pdst.fm/e/traffic.megaphone.fm/GLT9621369023.mp3?updated=1729783806,https://open.spotify.com/search/The%20Rest%20Is%20History%20251.%20Alfred%20the%20Great%3A%20Return%20of%20the%20King%20%28Part%202%29,63654c293247200011405078
252,"252. The World Cup: British Imperialism, South American rivalries, and Mussolini (Part 1)",2022-11-14,1930,1938,1930 – 1938,Global,World Wars & Interwar,Sport; Empire & Colonialism; Politics & Power; War & Military,Benito Mussolini; Adolf Hitler,true,The World Cup,1,false,medium,"The episode is the first part of a history of the FIFA World Cup and specifically highlights the tournament's early era, including Mussolini, Hitler, and the 'looming shadow of the Second World War.' This supports a primary focus on the inaugural tournaments from 1930 through the pre-war 1938 competition, with global sporting and geopolitical themes.",3502,https://pdst.fm/e/traffic.megaphone.fm/GLT2171290588.mp3?updated=1777394983,https://open.spotify.com/search/The%20Rest%20Is%20History%20252.%20The%20World%20Cup%3A%20British%20Imperialism%2C%20South%20American%20rivalries%2C%20and%20Mussolini%20%28Part%201%29,636e915792fc360012799bdc
253,"253. The World Cup: Post-war reconciliation, Brazilian dictatorship, and North Koreans in Middlesbrough (Part 2)",2022-11-15,1953,1966,1953 – 1966,Global,Postwar,Sport; Politics & Power; Diplomacy,,true,The World Cup,2,false,medium,"The description explicitly anchors the episode in the “1953 Match of the Century” and discusses post-war reconciliation, Brazilian dictatorship, and North Koreans in Middlesbrough, pointing to the postwar World Cup era, approximately 1953–1966.",3836,https://pdst.fm/e/traffic.megaphone.fm/GLT3874165711.mp3?updated=1777395066,https://open.spotify.com/search/The%20Rest%20Is%20History%20253.%20The%20World%20Cup%3A%20Post-war%20reconciliation%2C%20Brazilian%20dictatorship%2C%20and%20North%20Koreans%20in%20Middlesbrough%20%28Part%202%29,63724988e08ffd0011baef4a
254,"254. The World Cup: The Falklands, despots, and corruption (Part 3)",2022-11-16,1986,2022,1986 – 2022,Global,Postwar,Sport; Politics & Power; Economics & Trade,,true,The World Cup,3,false,high,"The episode focuses on England versus Argentina in the 1986 World Cup, the competition’s globalisation beginning with USA 1994, and corruption surrounding the upcoming Qatar tournament. These references anchor the episode in the late 20th and early 21st centuries.",3446,https://pdst.fm/e/traffic.megaphone.fm/GLT5891154284.mp3?updated=1777394932,https://open.spotify.com/search/The%20Rest%20Is%20History%20254.%20The%20World%20Cup%3A%20The%20Falklands%2C%20despots%2C%20and%20corruption%20%28Part%203%29,6372557635647200110318d9
255,255. Qatar: A History,2022-11-17,1950,2022,1950 – 2022,Middle East,Contemporary,Politics & Power; Economics & Trade; Diplomacy,,false,,,false,medium,"The description focuses on Qatar’s modern rise to prominence through “oil money,” “controlling the narrative,” and “western security,” culminating in its role in the contemporary World Cup context. No specific historical figures are identified.",3091,https://pdst.fm/e/traffic.megaphone.fm/GLT4853394229.mp3?updated=1777394995,https://open.spotify.com/search/The%20Rest%20Is%20History%20255.%20Qatar%3A%20A%20History,637528288b962f00113f7a83
256,256. Germany: The White Rose,2022-11-18,1942,1943,1942 – 1943,Germany,World Wars & Interwar,Politics & Power; Ideology; Genocide & Atrocity,,false,,,false,high,"The episode is anchored by a White Rose leaflet dated 1942 and describes the group’s non-violent resistance during Nazi control, with the movement’s central activity spanning 1942–1943. The description names no individual members, so the key_figures array is empty.",3033,https://pdst.fm/e/traffic.megaphone.fm/GLT6296738472.mp3?updated=1777395026,https://open.spotify.com/search/The%20Rest%20Is%20History%20256.%20Germany%3A%20The%20White%20Rose,637648b7d8f20a0011595e93
257,257. Australia: The Mystery of the Somerton Man,2022-11-19,0,0,Undated,Oceania,Undated,Crime & Mystery,,false,,,false,high,"The description identifies an Australian murder mystery involving Adelaide Beach, Persian poetry, and an unexpected marriage, but gives no explicit date or period. Therefore the episode is treated as undated, with crime and mystery as its primary theme.",1880,https://pdst.fm/e/traffic.megaphone.fm/GLT2531949703.mp3?updated=1777394782,https://open.spotify.com/search/The%20Rest%20Is%20History%20257.%20Australia%3A%20The%20Mystery%20of%20the%20Somerton%20Man,63777326a9c70c0011b2cc5b
258,258. Costa Rica: Civil War,2022-11-20,1948,1948,1948,Latin America,Postwar,War & Military; Politics & Power; Biography,Teodoro Picado Michalski; José Figueres Ferrer; Dr Valverde,false,,,false,medium,"The episode is explicitly about the Costa Rican Civil War and highlights Teodoro Picado Michalski and José Figueres Ferrer, whose conflict culminated in Costa Rica's 1948 civil war; the description itself does not state the year directly.",2033,https://pdst.fm/e/traffic.megaphone.fm/GLT4854467564.mp3?updated=1777394842,https://open.spotify.com/search/The%20Rest%20Is%20History%20258.%20Costa%20Rica%3A%20Civil%20War,63766f9af0bdeb0011c8ad32
259,259. Iran: England - 'The Little Satan',2022-11-21,1800,1989,1800 – 1989,Middle East,Long 19th Century,Diplomacy; Empire & Colonialism; Politics & Power; Economics & Trade,Salman Rushdie,false,,,false,medium,"The episode is framed around broad “Anglo-Iranian relations,” including the Anglo-Persian War, the ancestor of British Petroleum, and Salman Rushdie’s 1989 fatwa. The historical focus appears to begin in the nineteenth century but extends into the late twentieth century, so it is not strongly confined to 1800–1934.",3158,https://pdst.fm/e/traffic.megaphone.fm/GLT8347276204.mp3?updated=1777395000,https://open.spotify.com/search/The%20Rest%20Is%20History%20259.%20Iran%3A%20England%20-%20%27The%20Little%20Satan%27,63777218a9c70c0011b2a1bb
260,260: Croatia: The Man Who Saved The Roman Empire,2022-11-22,284,305,284 – 305,Europe,Ancient,Biography; Politics & Power; Empire & Colonialism,Diocletian,false,,,false,high,"The episode is centered on “the extraordinary life of the Emperor Diocletian,” whose reign ran from 284 to 305 CE, and explicitly discusses the “Crisis of the Third Century” and the foundations of the Byzantine Empire.",3168,https://pdst.fm/e/traffic.megaphone.fm/GLT9631298578.mp3?updated=1777394899,https://open.spotify.com/search/The%20Rest%20Is%20History%20260%3A%20Croatia%3A%20The%20Man%20Who%20Saved%20The%20Roman%20Empire,637bb09b247d0e0012f21a97
261,261: Uruguay: The Tupamaros,2022-11-23,1963,1973,1963 – 1973,Latin America,Postwar,Revolution; Politics & Power; Crime & Mystery; War & Military,,false,,,false,medium,"The description explicitly dates the Tupamaros' emergence to 1963 and describes their subsequent guerrilla campaign involving kidnappings, shootings, imprisonment, and torture in Uruguay. The end year is an approximate endpoint for the movement's main period of political violence, which is less explicit in the description.",2413,https://pdst.fm/e/traffic.megaphone.fm/GLT1539968794.mp3?updated=1777394589,https://open.spotify.com/search/The%20Rest%20Is%20History%20261%3A%20Uruguay%3A%20The%20Tupamaros,637cb5577e88c40010bc9c93
262,262: Tunisia: Dido of Carthage,2022-11-24,-814,-700,814 BCE – 700 BCE,Mediterranean,Ancient,Literature; Culture & Arts; Biography,Dido,false,,,false,medium,"The episode is centered on Dido of Carthage, described as the tragic heroine of Virgil’s Aeneid, alongside discussion of Carthage’s origins. The traditional setting is the early history of Carthage in the first millennium BCE, though the description does not give precise dates.",1816,https://pdst.fm/e/traffic.megaphone.fm/GLT5520362156.mp3?updated=1777394634,https://open.spotify.com/search/The%20Rest%20Is%20History%20262%3A%20Tunisia%3A%20Dido%20of%20Carthage,637e796e74e2da0012bc5ad3
263,263: USA vs England: The 200-Year Rivalry,2022-11-25,1812,2022,1812 – 2022,United States,Long 19th Century,Politics & Power; War & Military; Diplomacy; Sport,Charles Dickens,false,,,false,high,"The description frames the episode as a retrospective on a “200-year love-hate relationship,” beginning with the “War of 1812” and extending through Beatlemania and James Bond to the contemporary World Cup match. The dominant historical focus is therefore Anglo-American relations from 1812 to the present, with the War of 1812 providing the clearest starting anchor.",4515,https://pdst.fm/e/traffic.megaphone.fm/GLT7546211559.mp3?updated=1777395014,https://open.spotify.com/search/The%20Rest%20Is%20History%20263%3A%20USA%20vs%20England%3A%20The%20200-Year%20Rivalry,637f9edcba190f0010713fcf
264,264: Mexico: Day of the Dead,2022-11-26,1300,1521,1300 – 1521,Latin America,Ancient,Culture & Arts; Religion & Church,,false,,,false,medium,"The description focuses on whether the modern Day of the Dead has roots in “ancient Aztec traditions of human sacrifice,” making pre-Columbian Aztec Mexico the primary historical focus. The modern celebration is discussed mainly as context for investigating those claimed origins.",2497,https://pdst.fm/e/traffic.megaphone.fm/GLT9022174156.mp3?updated=1777394802,https://open.spotify.com/search/The%20Rest%20Is%20History%20264%3A%20Mexico%3A%20Day%20of%20the%20Dead,6380ce95da65bf00116fb635
265,265: Saudi Arabia: The Mystery of the Kaaba,2022-11-27,570,705,570 – 705,Middle East,Medieval,Religion & Church; Politics & Power; Monarchy & Royalty,Mohammed; Abdul Malik,false,,,false,medium,"The description focuses on the Kaaba and 'the origins of the most sacred site in Islam,' anchored by the Prophet Mohammed and Abdul Malik. These figures place the main historical focus in the early Islamic period, approximately the late 6th to early 8th century.",3108,https://pdst.fm/e/traffic.megaphone.fm/GLT1528147434.mp3?updated=1777394934,https://open.spotify.com/search/The%20Rest%20Is%20History%20265%3A%20Saudi%20Arabia%3A%20The%20Mystery%20of%20the%20Kaaba,6380e87fd51dc40010c7c767
266,266: South Korea: The Riddle of Hwang Jini,2022-11-28,1500,1600,1500 – 1600,China,Early Modern,Biography; Culture & Arts; Literature; Religion & Church,Hwang Jini,false,,,false,high,"The description explicitly places the episode in the “16th century Korean peninsula” and focuses on Hwang Jini, a gisaeng, poet, and entertainer, alongside Buddhism and Confucianism. Korea is not available as a region label, so China is the closest permitted East Asian designation.",1700,https://pdst.fm/e/traffic.megaphone.fm/GLT1910695360.mp3?updated=1777394744,https://open.spotify.com/search/The%20Rest%20Is%20History%20266%3A%20South%20Korea%3A%20The%20Riddle%20of%20Hwang%20Jini,6380ba50915c6a0011be684d
267,267: Wales: The Roar of the Red Dragon,2022-11-29,500,1500,500 – 1500,Britain,Medieval,Politics & Power; Culture & Arts,,false,,,false,low,"The description focuses on “the origins of Wales,” Welsh identity, and the “age old rivalry” between Wales and England, suggesting a broad medieval formation and conflict narrative. No specific dates or historical figures are given, so the period estimate is necessarily tentative.",3690,https://pdst.fm/e/traffic.megaphone.fm/GLT2657098007.mp3?updated=1777395002,https://open.spotify.com/search/The%20Rest%20Is%20History%20267%3A%20Wales%3A%20The%20Roar%20of%20the%20Red%20Dragon,6384f08537b6d400114ecbec
268,268: Brazil: The Last Emperor,2022-11-30,1822,1889,1822 – 1889,Latin America,Long 19th Century,Monarchy & Royalty; Politics & Power; Biography,Pedro II,false,,,true,high,"The description explicitly says the episode covers Brazil's history “post-independence” and focuses on “the Brazilian Empire, in particular the Emperor Pedro II,” whose reign and death in 1889 anchor the period.",3252,https://pdst.fm/e/traffic.megaphone.fm/GLT5634696575.mp3?updated=1777394995,https://open.spotify.com/search/The%20Rest%20Is%20History%20268%3A%20Brazil%3A%20The%20Last%20Emperor,63860d7be731d10010f82548
269,269: Ghana: The Ashanti Empire,2022-12-01,1701,1902,1701 – 1902,Africa,Long 19th Century,War & Military; Empire & Colonialism; Monarchy & Royalty,Robert Baden-Powell,false,,,true,medium,"The episode is about the Ashanti Empire, with particular emphasis on the Anglo-Ashanti wars and Robert Baden-Powell, pointing to the empire’s 18th- and especially 19th-century history, including the period of British colonial conflict.",2875,https://pdst.fm/e/traffic.megaphone.fm/GLT3638102749.mp3?updated=1777394992,https://open.spotify.com/search/The%20Rest%20Is%20History%20269%3A%20Ghana%3A%20The%20Ashanti%20Empire,638799cb10b60d0011b45c2f
270,"270: Poland: Copernicus, the Dragon and the Salt Mine",2022-12-02,1200,1543,1200 – 1543,Eastern Europe,Medieval,Exploration & Discovery; Culture & Arts; Economics & Trade,Nicolaus Copernicus,false,,,false,low,"The episode is a broad exploration of Poland’s historical and cultural landmarks, including Copernicus, the Wieliczka Salt Mine, and the medieval-sounding Krakus dragon legend. The dating is therefore approximate, centered on the medieval-to-Renaissance period rather than a single precisely dated event.",3158,https://pdst.fm/e/traffic.megaphone.fm/GLT2590789810.mp3?updated=1777394218,https://open.spotify.com/search/The%20Rest%20Is%20History%20270%3A%20Poland%3A%20Copernicus%2C%20the%20Dragon%20and%20the%20Salt%20Mine,63888465cb906200114ac296
271,271: Belgium: History's Greatest Artist,2022-12-03,1390,1441,1390 – 1441,Netherlands,Medieval,Culture & Arts; Biography,Jan van Eyck,false,,,false,medium,"The episode focuses on Jan van Eyck, described as an influential painter of the early Northern Renaissance. The date range reflects his central career and lifetime in the late 14th and first half of the 15th century.",2581,https://pdst.fm/e/traffic.megaphone.fm/GLT1331750756.mp3?updated=1777394200,https://open.spotify.com/search/The%20Rest%20Is%20History%20271%3A%20Belgium%3A%20History%27s%20Greatest%20Artist,638a2f00ade6090010813471
272,272: Senegal: The Door of No Return,2022-12-04,1700,1800,1700 – 1800,Africa,Early Modern,Slavery; Empire & Colonialism; Genocide & Atrocity,,false,,,false,low,"The description focuses on Gorée and the “transatlantic slave trade,” especially the “House of Slaves” and its history as a site of human exploitation. No precise dates are given, so the period is estimated broadly from the main era of the trade involving Gorée.",2278,https://pdst.fm/e/traffic.megaphone.fm/GLT8611353465.mp3?updated=1777394643,https://open.spotify.com/search/The%20Rest%20Is%20History%20272%3A%20Senegal%3A%20The%20Door%20of%20No%20Return,6389deea05fc1200100eca52
273,273: Portugal: The Carnation Revolution,2022-12-05,1974,1976,1974 – 1976,Europe,Postwar,Revolution; Politics & Power; War & Military; Ideology,António de Oliveira Salazar,false,,,false,high,"The title identifies the Carnation Revolution, while the description focuses on military coups and the creation of a post-Salazar state, anchoring the episode in Portugal’s 1974 revolution and its immediate political transition.",2951,https://pdst.fm/e/traffic.megaphone.fm/GLT3297148398.mp3?updated=1777394212,https://open.spotify.com/search/The%20Rest%20Is%20History%20273%3A%20Portugal%3A%20The%20Carnation%20Revolution,638a3163ade6090010819f70
274,274: Switzerland: Calvin's Cancel Culture,2022-12-06,1553,1553,1553,Europe,Early Modern,Religion & Church; Politics & Power; Disaster & Plague,Michael Servetus; John Calvin,false,,,false,high,"The description explicitly places the episode in ""16th century Calvinist Geneva"" and focuses on Michael Servetus being condemned and executed for heresy, an event that occurred in 1553.",2303,https://pdst.fm/e/traffic.megaphone.fm/GLT2874543265.mp3?updated=1777394174,https://open.spotify.com/search/The%20Rest%20Is%20History%20274%3A%20Switzerland%3A%20Calvin%27s%20Cancel%20Culture,638e1a85a594500011e09e8e
275,275: Argentina: The Welsh Colony,2022-12-07,1865,2023,1865 – 2023,Latin America,Long 19th Century,Empire & Colonialism; Culture & Arts,,false,,,true,medium,"The episode focuses on the Welsh colony in Argentina, whose story begins with Welsh settlement in the 19th century and continues into the present, as indicated by the question of whether Welsh speakers and the colony 'remain there today.' The dominant historical focus is the colony’s establishment and development in the 1800s.",2418,https://pdst.fm/e/traffic.megaphone.fm/GLT3290664499.mp3?updated=1775851991,https://open.spotify.com/search/The%20Rest%20Is%20History%20275%3A%20Argentina%3A%20The%20Welsh%20Colony,638e3172014fbe0011968aec
276,276: Netherlands: The Maid of Holland,2022-12-08,1588,1672,1588 – 1672,Netherlands,Early Modern,War & Military; Politics & Power; Culture & Arts,,false,,,false,medium,"The description explicitly places the episode in the Dutch Republic and says the Maid of Holland was emblematic of its “golden age,” conventionally referring to the late 16th and 17th centuries. No specific historical person or exact dates are provided.",1726,https://pdst.fm/e/traffic.megaphone.fm/GLT8981353378.mp3?updated=1777394174,https://open.spotify.com/search/The%20Rest%20Is%20History%20276%3A%20Netherlands%3A%20The%20Maid%20of%20Holland,6390b8ee014fbe0011069442
277,277: Japan: Samurai and Shoguns,2022-12-09,1185,1945,1185 – 1945,Japan,Medieval,War & Military; Politics & Power; Monarchy & Royalty; Culture & Arts,,false,,,false,medium,"The title foregrounds “Samurai and Shoguns,” while the description explicitly spans Japanese medieval poetry, feuding lords, Buddhist monks, both world wars, and Manga culture. The dominant framing is a broad history of Japan, with the medieval samurai/shogunate era providing the clearest primary focus, but the episode also extends into the twentieth century.",3734,https://pdst.fm/e/traffic.megaphone.fm/GLT3851919583.mp3?updated=1777394956,https://open.spotify.com/search/The%20Rest%20Is%20History%20277%3A%20Japan%3A%20Samurai%20and%20Shoguns,6392149cd296110011c8bf01
278,278: France: The Mystery of Le Prince,2022-12-10,1888,1890,1888 – 1890,France,Long 19th Century,Science & Technology; Crime & Mystery; Biography,Louis Le Prince,false,,,true,high,"The episode focuses on Louis Le Prince's invention of the motion-picture camera and his mysterious disappearance, placing the main story in the late 1880s to 1890. The title identifies France as the central setting, while the description explicitly highlights Le Prince's work and the mystery surrounding him.",1670,https://pdst.fm/e/traffic.megaphone.fm/GLT1101934476.mp3?updated=1777394642,https://open.spotify.com/search/The%20Rest%20Is%20History%20278%3A%20France%3A%20The%20Mystery%20of%20Le%20Prince,637f68fa71631f0010af81bd
279,279: Cameroon: The Slave General of Peter the Great,2022-12-11,1696,1781,1696 – 1781,Russia,Early Modern,Biography; Slavery; Monarchy & Royalty,Abram Petrovich Gannibal,false,,,false,medium,"The episode is about the “extraordinary life” of Major-General Abram Petrovich Gannibal, described as the “Slave General of Peter the Great.” His life dates place the focus in the 18th century, principally in Russia, though the description does not state exact dates.",2138,https://pdst.fm/e/traffic.megaphone.fm/GLT8175760918.mp3?updated=1777394916,https://open.spotify.com/search/The%20Rest%20Is%20History%20279%3A%20Cameroon%3A%20The%20Slave%20General%20of%20Peter%20the%20Great,6391f50385f3180010ac41e4
280,280: Serbia: The Birthplace of Civilisation,2022-12-12,-7000,-3000,7000 BCE – 3000 BCE,Eastern Europe,Prehistory,Exploration & Discovery; Science & Technology; Politics & Power,,false,,,false,medium,"The description focuses on Serbia as the site of “one of the first great civilisations,” with claims of early written scripts, copper smelting, and urban settlements. These clues point to prehistoric Neolithic/Balkan cultures, though no precise dates are given.",2391,https://pdst.fm/e/traffic.megaphone.fm/GLT4941340070.mp3?updated=1777394165,https://open.spotify.com/search/The%20Rest%20Is%20History%20280%3A%20Serbia%3A%20The%20Birthplace%20of%20Civilisation,63936d6b2cce0a00119441ff
281,281: Spain: The Caliphate of Córdoba,2022-12-13,929,1031,929 – 1031,Spain,Medieval,Politics & Power; Religion & Church; Empire & Colonialism; Monarchy & Royalty,,false,,,false,high,"The episode is centered on “the rise and fall of the Caliphate of Córdoba,” conventionally dated from its establishment in 929 to its dissolution in 1031. The description explicitly places the discussion in “Islamic Spain,” with references to Emirs and harems.",3152,https://pdst.fm/e/traffic.megaphone.fm/GLT2203638069.mp3?updated=1777394206,https://open.spotify.com/search/The%20Rest%20Is%20History%20281%3A%20Spain%3A%20The%20Caliphate%20of%20C%C3%B3rdoba,6391f6eb21b3e90010ba8eb2
282,282: Morocco: The Rif War,2022-12-14,1920,1927,1920 – 1927,Africa,World Wars & Interwar,War & Military; Empire & Colonialism; Politics & Power,Francisco Franco; Philippe Pétain,false,,,true,high,"The description explicitly identifies the Rif War as being set in “1920s Morocco” and calls it a predecessor to the Spanish Civil War. Its focus on Franco, Pétain, Islamic tribesmen, and American airmen supports war, colonial, and political themes.",3394,https://pdst.fm/e/traffic.megaphone.fm/GLT7389759975.mp3?updated=1777394239,https://open.spotify.com/search/The%20Rest%20Is%20History%20282%3A%20Morocco%3A%20The%20Rif%20War,639768f577b60500107a7f41
283,283: Ecuador: Darwin's Adventure to the Galapagos,2022-12-15,1835,1835,1835,Latin America,Long 19th Century,Exploration & Discovery; Science & Technology; Biography,Charles Darwin,false,,,true,high,"The episode is anchored by Darwin's 1835 voyage to Ecuador and the Galapagos, described as the time when his observations of native finches, mockingbirds, and iguanas sowed the seed of his theory of evolution.",2110,https://pdst.fm/e/traffic.megaphone.fm/GLT2992613399.mp3?updated=1777394176,https://open.spotify.com/search/The%20Rest%20Is%20History%20283%3A%20Ecuador%3A%20Darwin%27s%20Adventure%20to%20the%20Galapagos,639a0e4ded122a0011b01366
284,284: Denmark: The Great Escape,2022-12-16,1940,1945,1940 – 1945,Scandinavia,World Wars & Interwar,War & Military; Genocide & Atrocity,,false,,,false,high,"The description explicitly focuses on how Denmark's Jewish population survived the Second World War, placing the episode in 1940–1945. The dominant region is Denmark and Scandinavia.",2490,https://pdst.fm/e/traffic.megaphone.fm/GLT4809968647.mp3?updated=1777394180,https://open.spotify.com/search/The%20Rest%20Is%20History%20284%3A%20Denmark%3A%20The%20Great%20Escape,639b08f531b12d00102c24fe
285,285: Canada: Beaver Wars,2022-12-17,1640,1701,1640 – 1701,United States,Early Modern,War & Military; Economics & Trade; Empire & Colonialism,Grey Owl,false,,,false,medium,"The title explicitly identifies the Beaver Wars, generally a 17th-century conflict, while the description anchors the episode in tribal wars and the Hudson's Bay Company; Grey Owl appears as a later conservationist connection. The dominant focus is therefore early modern Canadian history, though Canada is not available as a region label.",2779,https://pdst.fm/e/traffic.megaphone.fm/GLT6084067740.mp3?updated=1777394215,https://open.spotify.com/search/The%20Rest%20Is%20History%20285%3A%20Canada%3A%20Beaver%20Wars,639c5added65dd0011894cf9
286,286: England: Beef and Liberty,2022-12-18,1750,1900,1750 – 1900,Britain,Long 19th Century,Culture & Arts; Politics & Power; Diplomacy,,false,,,false,low,"The description gives no precise dates, but places roast beef’s prominence in the period when it became, 'as an affront to the French,' a symbol of British patriotism and conservatism. This suggests an eighteenth- and nineteenth-century history of British national identity and Anglo-French rivalry.",3081,https://pdst.fm/e/traffic.megaphone.fm/GLT5964129806.mp3?updated=1777394897,https://open.spotify.com/search/The%20Rest%20Is%20History%20286%3A%20England%3A%20Beef%20and%20Liberty,639c5dfc124e4c0010241eee
287,287: Jesus Christ: The Mystery (Part 1),2022-12-19,-4,33,4 BCE – 33,Middle East,Ancient,Religion & Church; Biography,Jesus Christ,true,Jesus Christ,1,false,medium,"The episode is explicitly about “Jesus Christ,” his teachings, and whether he existed, anchoring it in the early 1st-century historical context of the Middle East. The description gives no precise dates, so the conventional approximate span of Jesus’s lifetime is used.",3245,https://pdst.fm/e/traffic.megaphone.fm/GLT4572965796.mp3?updated=1777394246,https://open.spotify.com/search/The%20Rest%20Is%20History%20287%3A%20Jesus%20Christ%3A%20The%20Mystery%20%28Part%201%29,639f5f5efff9190011ac5f15
288,288: Jesus Christ: The History (Part 2),2022-12-22,1,33,1 – 33,Middle East,Ancient,Religion & Church; Biography,Jesus Christ,true,Jesus Christ,2,false,medium,"The description explicitly identifies the episode as part of a series on the “Historical Jesus” and focuses on his crucifixion, resurrection theories, and disciples, placing the main focus in the early 1st century CE. The regional focus is Jesus’s historical setting in the Middle East.",3732,https://pdst.fm/e/traffic.megaphone.fm/GLT4776258433.mp3?updated=1777394247,https://open.spotify.com/search/The%20Rest%20Is%20History%20288%3A%20Jesus%20Christ%3A%20The%20History%20%28Part%202%29,639f616fb0a82100109516e4
289,289: Drink,2022-12-26,0,0,Undated,Undated,Undated,Culture & Arts; Politics & Power,,false,,,false,high,"The description presents a broad discussion of alcohol history, including “sherry to port, champagne to clairet” and how drinks revealed “your political leanings,” but it does not identify a specific historical period or central historical figure.",3348,https://pdst.fm/e/traffic.megaphone.fm/GLT6408276244.mp3?updated=1777394179,https://open.spotify.com/search/The%20Rest%20Is%20History%20289%3A%20Drink,63a47351ea5809001185dfb7
290,290: 2022: A History,2022-12-29,2022,2022,2022,Global,Contemporary,War & Military; Politics & Power,,false,,,false,high,"The episode is explicitly about “the historical importance of this year,” 2022, with the invasion of Ukraine and the end of the post-Cold War era identified as central topics.",3101,https://pdst.fm/e/traffic.megaphone.fm/GLT4625765030.mp3?updated=1777394182,https://open.spotify.com/search/The%20Rest%20Is%20History%20290%3A%202022%3A%20A%20History,63a59058addd5a0010876a33
291,291: The Man Who Escaped Auschwitz,2023-01-02,1944,1944,1944,Eastern Europe,World Wars & Interwar,Genocide & Atrocity; War & Military; Biography,Rudolf Vrba; Alfréd Wetzler,false,,,false,high,"The description explicitly centers on Rudolf Vrba and Alfréd Wetzler escaping Auschwitz in April 1944, placing the episode in the Second World War and the Holocaust.",3200,https://pdst.fm/e/traffic.megaphone.fm/GLT6191002964.mp3?updated=1777394191,https://open.spotify.com/search/The%20Rest%20Is%20History%20291%3A%20The%20Man%20Who%20Escaped%20Auschwitz,63a5dfee26cfdb0011e62c3d
292,292: The Shadow of the Holocaust,2023-01-05,1944,1945,1944 – 1945,Europe,World Wars & Interwar,Genocide & Atrocity; Ideology; Diplomacy; Biography,Rudolf Vrba,false,,,false,high,The description focuses on Rudolf Vrba's 1944 Vrba–Wetzler report and the Allied response during the Holocaust and Second World War. The episode's central subject is Vrba and the question of whether anti-Semitism shaped Allied policy.,2665,https://pdst.fm/e/traffic.megaphone.fm/GLT7756076339.mp3?updated=1777394169,https://open.spotify.com/search/The%20Rest%20Is%20History%20292%3A%20The%20Shadow%20of%20the%20Holocaust,63a5e19579bb360011cf0c04
293,293: Lady Jane Grey: The Nine Days' Queen (Part 1),2023-01-09,1547,1553,1547 – 1553,Britain,Early Modern,Monarchy & Royalty; Politics & Power; Biography,Lady Jane Grey; Edward VI; Henry VIII,true,Lady Jane Grey,1,false,high,"The description focuses on the succession crisis surrounding Edward VI's reign and Lady Jane Grey's accession as queen in 1553, with context from Henry VIII's succession arrangements and legacy. These events place the episode firmly in Tudor England, approximately 1547–1553.",3093,https://pdst.fm/e/traffic.megaphone.fm/GLT2281550812.mp3?updated=1777394177,https://open.spotify.com/search/The%20Rest%20Is%20History%20293%3A%20Lady%20Jane%20Grey%3A%20The%20Nine%20Days%27%C2%A0Queen%20%28Part%201%29,63b81dfea8a1ca0010cd0a26
294,294: Lady Jane Grey: The Axe Falls (Part 2),2023-01-12,1553,1554,1553 – 1554,Britain,Early Modern,Monarchy & Royalty; Politics & Power; Biography,Lady Jane Grey,true,Lady Jane Grey,2,false,high,"The description focuses on Lady Jane Grey’s turbulent “nine days on the throne,” followed by her deposition, trial, and execution, placing the episode in 1553–1554.",2952,https://pdst.fm/e/traffic.megaphone.fm/GLT7286066638.mp3?updated=1777394924,https://open.spotify.com/search/The%20Rest%20Is%20History%20294%3A%20Lady%20Jane%20Grey%3A%20The%20Axe%20Falls%20%28Part%202%29,63b81ee6cddc410011e2e003
295,295: The Rise of the Nazis (Part 1),2023-01-16,1871,1918,1871 – 1918,Germany,World Wars & Interwar,Politics & Power; Ideology; War & Military,Adolf Hitler,true,,,true,medium,"The description explicitly frames the episode around the origins of Nazism, including the Second Reich, Hitler’s time in Vienna, and the First World War. This supports a focus from the German Empire’s formation in 1871 through the end of the First World War in 1918.",3801,https://pdst.fm/e/traffic.megaphone.fm/GLT8045984312.mp3?updated=1777395031,https://open.spotify.com/search/The%20Rest%20Is%20History%20295%3A%20The%20Rise%20of%20the%20Nazis%20%28Part%201%29,63c19dbd65ae3d0011250e87
296,296: The Nazis: The Beer Hall Putsch (Part 2),2023-01-19,1920,1924,1920 – 1924,Germany,World Wars & Interwar,Politics & Power; Ideology; Revolution; Biography,Adolf Hitler,true,The Nazis,2,true,high,"The description explicitly focuses on the Nazis in the early 1920s, including German hyperinflation, the 1923 Beer Hall Putsch, and Hitler’s trial during the Weimar Republic crisis.",3551,https://pdst.fm/e/traffic.megaphone.fm/GLT4099180386.mp3?updated=1777394248,https://open.spotify.com/search/The%20Rest%20Is%20History%20296%3A%20The%20Nazis%3A%20The%20Beer%20Hall%20Putsch%20%28Part%202%29,63c1a02d2c423400110aeb08
297,297: The Nazis: Hitler's Triumph (Part 3),2023-01-23,1929,1933,1929 – 1933,Germany,World Wars & Interwar,Politics & Power; Ideology; Economics & Trade,Adolf Hitler,true,The Nazis,3,true,high,"The description anchors the episode in the aftermath of the 1929 Wall Street crash and the political deals that allowed Hitler to gain power, culminating in 1933. Its focus is Germany's interwar political crisis and Hitler's rise.",3569,https://pdst.fm/e/traffic.megaphone.fm/GLT2055084600.mp3?updated=1777394205,https://open.spotify.com/search/The%20Rest%20Is%20History%20297%3A%20The%20Nazis%3A%20Hitler%27s%20Triumph%20%28Part%203%29,63c1a635b7b4a200112aa36d
298,298: The Nazis: Total Power (Part 4),2023-01-26,1933,1934,1933 – 1934,Germany,World Wars & Interwar,Politics & Power; Ideology,Adolf Hitler,true,The Nazis,4,true,medium,"The description focuses on Hitler becoming chancellor and then an “unshackled dictator,” which anchors the episode to the Nazi consolidation of power in 1933–1934. The title explicitly identifies the subject as “The Nazis: Total Power (Part 4).",3427,https://pdst.fm/e/traffic.megaphone.fm/GLT6097237943.mp3?updated=1777395015,https://open.spotify.com/search/The%20Rest%20Is%20History%20298%3A%20The%20Nazis%3A%20Total%20Power%20%28Part%204%29,63c3f6b12c4234001171c24b
299,299: The Greatest Female Pharaoh,2023-01-30,-1479,-1458,1479 BCE – 1458 BCE,Ancient Near East,Ancient,Monarchy & Royalty; Politics & Power; Biography,Hatshepsut,false,,,false,medium,"The episode is explicitly about Hatshepsut's rise from regent to pharaoh and her rule of ancient Egypt, conventionally dated to approximately 1479–1458 BCE. The description's focus on her being a female pharaoh and revered ruler anchors the themes of monarchy, power, and biography.",3228,https://pdst.fm/e/traffic.megaphone.fm/GLT5076645168.mp3?updated=1777394196,https://open.spotify.com/search/The%20Rest%20Is%20History%20299%3A%20The%20Greatest%20Female%20Pharaoh,63d54ac3c552d90011809292
300,300: The Real Downton Abbey,2023-02-02,1901,1914,1901 – 1914,Britain,Long 19th Century,Politics & Power; Economics & Trade,,false,,,true,high,"The description explicitly identifies the subject as ""Edwardian Britain"" and discusses domestic service at its peak before Britain modernises, anchoring the episode to roughly 1901–1914.",3108,https://pdst.fm/e/traffic.megaphone.fm/GLT7393411506.mp3?updated=1777394146,https://open.spotify.com/search/The%20Rest%20Is%20History%20300%3A%20The%20Real%20Downton%20Abbey,63dac1fd31e79a0011d6b3b8
301,301: The Real Da Vinci Code,2023-02-06,1100,1300,1100 – 1300,France,Medieval,Religion & Church; Crime & Mystery; Meta/Podcast,,true,,,false,medium,"The description identifies this as the first of three episodes on the Cathars, with a focus on Catholic conspirators, secret societies, and the Cathar story. The Cathars were a medieval movement centered in southern France, so the episode is best dated broadly to c. 1100–1300.",3465,https://pdst.fm/e/traffic.megaphone.fm/GLT5654192229.mp3?updated=1777394620,https://open.spotify.com/search/The%20Rest%20Is%20History%20301%3A%20The%20Real%20Da%20Vinci%20Code,63dd5e2b90ca6d0011d895b7
302,302: The Mystery of the Cathars,2023-02-07,1100,1300,1100 – 1300,France,Medieval,Religion & Church; War & Military; Genocide & Atrocity,,false,,,false,medium,"The episode focuses on the Cathars, their relationship with the Catholic Church, and the origins of the term “crusade,” placing it broadly in the medieval period, especially the era of the Albigensian Crusade in southern France. The description names no central historical individuals.",3116,https://pdst.fm/e/traffic.megaphone.fm/GLT9956144594.mp3?updated=1777394211,https://open.spotify.com/search/The%20Rest%20Is%20History%20302%3A%20The%20Mystery%20of%20the%20Cathars,63dd62b950f7d30010733488
303,303: The Bloodiest Crusade,2023-02-09,1209,1229,1209 – 1229,France,Medieval,War & Military; Religion & Church; Genocide & Atrocity; Ideology,,false,,,false,high,"The description explicitly identifies the subject as the Albigensian Crusade, conventionally dated 1209–1229, and describes it as a crusade against the Cathars involving ideological tyranny and mass violence.",3205,https://pdst.fm/e/traffic.megaphone.fm/GLT7887097153.mp3?updated=1777394824,https://open.spotify.com/search/The%20Rest%20Is%20History%20303%3A%20The%20Bloodiest%20Crusade,63dd4b1fd9b3af001084d0b5
304,304: The Murder of Julius Caesar,2023-02-13,-60,-44,60 BCE – 44 BCE,Mediterranean,Ancient,Assassination; Politics & Power; War & Military; Biography,Julius Caesar,false,,,false,high,"The episode is explicitly about “The Murder of Julius Caesar” and “Caesar’s assassination,” with context spanning his First Triumvirate, victories over Pompey and Cato, and dictatorship for life before his death in 44 BCE.",3464,https://pdst.fm/e/traffic.megaphone.fm/GLT3561951089.mp3?updated=1777394177,https://open.spotify.com/search/The%20Rest%20Is%20History%20304%3A%20The%20Murder%20of%20Julius%20Caesar,63e9210ba8620900105b8e1c
305,305: The Fall of the Roman Republic,2023-02-16,-44,-27,44 BCE – 27 BCE,Italy,Ancient,Assassination; Politics & Power; War & Military,Julius Caesar,false,,,false,high,"The description explicitly focuses on the aftermath of Julius Caesar's death, the assassins' failure, and the ensuing civil war that led to Rome's first emperor. This anchors the episode from Caesar's assassination in 44 BCE through the end of the Roman Republic around 27 BCE.",3391,https://pdst.fm/e/traffic.megaphone.fm/GLT6995332578.mp3?updated=1777394203,https://open.spotify.com/search/The%20Rest%20Is%20History%20305%3A%20The%20Fall%20of%20the%20Roman%20Republic,63e9232f994354001107010f
306,306: Columbus: The Adventure Begins (Part 1),2023-02-20,1451,1492,1451 – 1492,Spain,Medieval,Exploration & Discovery; Biography; Politics & Power,Christopher Columbus,true,Columbus,1,false,high,"The description focuses on Columbus’s early life, his development as a sailor, and his efforts to persuade the Catholic Monarchs of Spain to fund his Atlantic voyage, culminating around 1492. The title explicitly marks this as Part 1 of a Columbus series.",3369,https://pdst.fm/e/traffic.megaphone.fm/GLT6089901915.mp3?updated=1777394222,https://open.spotify.com/search/The%20Rest%20Is%20History%20306%3A%20Columbus%3A%20The%20Adventure%20Begins%20%28Part%201%29,63efc712743d6200118863e4
307,307: Columbus: A New World? (Part 2),2023-02-23,1492,1500,1492 – 1500,Latin America,Early Modern,Exploration & Discovery; Empire & Colonialism; Slavery; Biography,Christopher Columbus,true,Columbus,2,false,high,"The description focuses on Columbus's westward voyage beginning after the Catholic Monarchs fund him, his encounters in Cuba and Hispaniola, enslavement of Indigenous peoples, and eventual arrest on his return to Europe. These events anchor the episode to the 1492–1500 period and the early European encounter with the Americas.",2986,https://pdst.fm/e/traffic.megaphone.fm/GLT7219741357.mp3?updated=1777394820,https://open.spotify.com/search/The%20Rest%20Is%20History%20307%3A%20Columbus%3A%20A%20New%20World%3F%20%28Part%202%29,63f3a9771a630700112ccb59
308,308: Columbus: Death in the Caribbean (Part 3),2023-02-27,1493,1496,1493 – 1496,Latin America,Early Modern,Exploration & Discovery; Empire & Colonialism; Politics & Power,Christopher Columbus; Isabella I of Castile; Ferdinand II of Aragon,true,Columbus,3,false,high,"The description explicitly focuses on Columbus's larger second voyage after returning to the remnants of his first voyage, placing the main events in 1493–1496. Its emphasis on his search for wealth, destruction, and newly acquired power anchors the themes in exploration and colonial empire in the Caribbean.",2863,https://pdst.fm/e/traffic.megaphone.fm/GLT3250512968.mp3?updated=1777394856,https://open.spotify.com/search/The%20Rest%20Is%20History%20308%3A%20Columbus%3A%20Death%20in%20the%20Caribbean%20%28Part%203%29,63f3aa7e89ef5c0011b493bf
309,309: Columbus: Villain or Hero? (Part 4),2023-03-02,1492,1504,1492 – 1504,Europe,Early Modern,Exploration & Discovery; Empire & Colonialism; Slavery; Genocide & Atrocity,Christopher Columbus,true,Columbus,4,false,medium,"The episode focuses on Christopher Columbus and the consequences of his voyages, including the Atlantic slave trade and genocide of Native Americans. The central period is his voyages and colonisation after 1492, broadly through his final voyage in 1504.",3360,https://pdst.fm/e/traffic.megaphone.fm/GLT6751575003.mp3?updated=1777394191,https://open.spotify.com/search/The%20Rest%20Is%20History%20309%3A%20Columbus%3A%20Villain%20or%20Hero%3F%20%28Part%204%29,63f3abab1a630700112d3c77
310,310: Ronald Reagan and the American Dream (Part 1),2023-03-06,1911,1964,1911 – 1964,United States,Postwar,Biography; Politics & Power; Culture & Arts,Ronald Reagan,true,,,false,high,"The description dates Reagan’s birth to 1911 and follows his childhood, broadcasting and Hollywood careers, union leadership, romantic life before Nancy, and entry into political life in 1964. The narrative is dominated by his early-to-mid-20th-century career, especially the postwar period.",3418,https://pdst.fm/e/traffic.megaphone.fm/GLT3254036306.mp3?updated=1777394149,https://open.spotify.com/search/The%20Rest%20Is%20History%20310%3A%20Ronald%20Reagan%20and%20the%20American%20Dream%20%28Part%201%29,6404e51ac5ea8c001181a5ef
311,311: Reagan: The Road to the White House (Part 2),2023-03-09,1950,1980,1950 – 1980,United States,Postwar,Politics & Power; Biography; Ideology,Ronald Reagan,true,,,false,high,"The description focuses on Reagan's career in the 1950s, his 1964 political speech, governorship beginning in 1966, and eventual election as president, placing the main period in the postwar United States.",3591,https://pdst.fm/e/traffic.megaphone.fm/GLT9813084891.mp3?updated=1777394923,https://open.spotify.com/search/The%20Rest%20Is%20History%20311%3A%20Reagan%3A%20The%20Road%20to%20the%20White%20House%20%28Part%202%29,64089bde72ee7900114203af
312,"312: Reagan, Iran-Contra and the Cold War (Part 3)",2023-03-13,1981,1989,1981 – 1989,United States,Postwar,Politics & Power; Espionage; Diplomacy; Biography,Ronald Reagan,true,,,false,high,"The description centers on Ronald Reagan’s presidency in the 1980s, including the Iranian hostage crisis, AIDS epidemic, assassination attempt, scandals, and debate over his role in ending the Cold War. This anchors the main focus to 1981–1989.",3509,https://pdst.fm/e/traffic.megaphone.fm/GLT4042202229.mp3?updated=1777394895,https://open.spotify.com/search/The%20Rest%20Is%20History%20312%3A%20Reagan%2C%20Iran-Contra%20and%20the%20Cold%20War%20%28Part%203%29,640b53e4f0fc0e0011cf3047
313,313: Climate Apocalypse,2023-03-16,-2200,1800,2200 BCE – 1800,Global,Early Modern,Disaster & Plague; Science & Technology,,false,,,false,low,"The description presents a broad history of climate fears, explicitly linking the “Curse of Akkad” with the “Industrial Revolution.” Because it spans ancient to early modern history without identifying a single dominant episode or figure, the date range and era classification are necessarily approximate.",3192,https://pdst.fm/e/traffic.megaphone.fm/GLT8815959934.mp3?updated=1777394237,https://open.spotify.com/search/The%20Rest%20Is%20History%20313%3A%20Climate%20Apocalypse,641079e279a7fc0011fdd955
314,314: Atlantis: The Legend (Part 1),2023-03-20,-428,-347,428 BCE – 347 BCE,Mediterranean,Ancient,Literature; Politics & Power; Culture & Arts,Plato,true,Atlantis,1,false,medium,"The description focuses on the “origins of the legend of Atlantis” and asks whether Plato was using the story as “political satire.” The dating is anchored broadly to Plato’s lifetime in the fourth century BCE, though the mythical setting itself is undated.",3313,https://pdst.fm/e/traffic.megaphone.fm/GLT4735672898.mp3?updated=1777394202,https://open.spotify.com/search/The%20Rest%20Is%20History%20314%3A%20Atlantis%3A%20The%20Legend%20%28Part%201%29,641444e37982d00011be0b8f
315,315: Atlantis: Legacy of the Lost Empire (Part 2),2023-03-23,0,0,Undated,Europe,Undated,Exploration & Discovery; Ideology; Culture & Arts,Francis Bacon,true,Atlantis,2,false,high,"The description is a cross-era investigation of claims about Atlantis, ranging from the origin of the alphabet and Francis Bacon's utopian model to Nazi racial ideology, rather than a single dated period. Its thematic focus makes it genuinely undated.",3228,https://pdst.fm/e/traffic.megaphone.fm/GLT2807981945.mp3?updated=1777394247,https://open.spotify.com/search/The%20Rest%20Is%20History%20315%3A%20Atlantis%3A%20Legacy%20of%20the%20Lost%20Empire%20%28Part%202%29,6414a5c4d7071d00114acbdf
316,316: The First Abolitionist,2023-03-27,1718,1718,1718,Britain,Early Modern,Slavery; Religion & Church; Biography,Benjamin Lay,false,,,false,medium,"The description explicitly dates the episode's central turning point to 1718, when an English Quaker arrives in Barbados and begins campaigning against slavery. It focuses on Benjamin Lay's abolitionist activism among fellow Quakers, but gives no clear endpoint.",3052,https://pdst.fm/e/traffic.megaphone.fm/GLT2136062721.mp3?updated=1777394987,https://open.spotify.com/search/The%20Rest%20Is%20History%20316%3A%20The%20First%20Abolitionist,641dc82bcd1d610011fcd297
317,317: African Amazons,2023-03-30,1600,1900,1600 – 1900,Africa,Long 19th Century,War & Military; Monarchy & Royalty; Empire & Colonialism; Biography,Queen Nzinga,false,,,false,medium,"The episode covers African queens and female military forces through Queen Nzinga, the Dahomey warriors, and Ashanti Queen mothers, with discussion of their interactions with European colonisers. These subjects span the early modern and nineteenth-century periods, but the description gives no precise dates; the dominant focus is best placed broadly from the seventeenth through nineteenth centuries.",3191,https://pdst.fm/e/traffic.megaphone.fm/GLT5973082485.mp3?updated=1777394944,https://open.spotify.com/search/The%20Rest%20Is%20History%20317%3A%20African%20Amazons,64242c9a4fcc90001171a6e9
318,318: Hundred Years' War: A Game of Thrones (Part 1),2023-04-03,1337,1453,1337 – 1453,France,Medieval,War & Military; Politics & Power; Monarchy & Royalty; Diplomacy,,true,Hundred Years' War,1,false,high,"The title identifies the Hundred Years' War, and the description focuses on how the conflict began, including dynastic turmoil, treaties with Scotland, and England's war against France. The war is conventionally dated 1337–1453, placing it in the Medieval period.",3078,https://pdst.fm/e/traffic.megaphone.fm/GLT5584156008.mp3?updated=1777394199,https://open.spotify.com/search/The%20Rest%20Is%20History%20318%3A%20Hundred%20Years%27%20War%3A%20A%20Game%20of%20Thrones%20%28Part%201%29,6426f746a5f38c0011eea27a
319,319: Hundred Years' War: Triumph of the Longbow (Part 2),2023-04-06,1340,1346,1340 – 1346,France,Medieval,War & Military; Science & Technology; Monarchy & Royalty,,true,Hundred Years' War,2,false,high,"The description explicitly says the episode covers the Hundred Years' War and focuses on the battles of Sluys and Crécy, fought in 1340 and 1346. Its emphasis on the longbow and military technology supports the war-and-military framing.",3262,https://pdst.fm/e/traffic.megaphone.fm/GLT3100937638.mp3?updated=1777394182,https://open.spotify.com/search/The%20Rest%20Is%20History%20319%3A%20Hundred%20Years%27%20War%3A%20Triumph%20of%20the%20Longbow%20%28Part%202%29,6426f8a31ea7060011bb863f
320,320: Hundred Years' War: The Black Prince (Part 3),2023-04-10,1346,1356,1346 – 1356,France,Medieval,War & Military; Monarchy & Royalty; Biography,Edward of Woodstock; John II of France,true,Hundred Years' War,3,false,high,"The episode focuses on the Black Prince’s victory at Crécy and his confrontation with John II at Poitiers in 1356, placing the main narrative in 1346–1356 during the Hundred Years’ War.",3215,https://pdst.fm/e/traffic.megaphone.fm/GLT6004693022.mp3?updated=1777394213,https://open.spotify.com/search/The%20Rest%20Is%20History%20320%3A%20Hundred%20Years%27%20War%3A%20The%20Black%20Prince%20%28Part%203%29,64270783de6a3f00119e1812
321,321: Hundred Years' War: A Storm of Swords (Part 4),2023-04-13,1356,1376,1356 – 1376,France,Medieval,War & Military; Politics & Power; Monarchy & Royalty; Biography,The Black Prince,true,Hundred Years' War,4,false,medium,"The episode focuses on the Black Prince's campaigns and territorial gains in Aquitaine and Gascony, followed by financial difficulties, sickness, and a family death, placing it broadly in the later fourteenth-century Hundred Years' War.",2982,https://pdst.fm/e/traffic.megaphone.fm/GLT1570526345.mp3?updated=1777394905,https://open.spotify.com/search/The%20Rest%20Is%20History%20321%3A%20Hundred%20Years%27%20War%3A%20A%20Storm%20of%20Swords%20%28Part%204%29,642708cbde6a3f00119e65c1
322,322: East Germany: Life Behind the Iron Curtain,2023-04-17,1945,1990,1945 – 1990,Germany,Postwar,Politics & Power; Ideology; Espionage; Economics & Trade,,false,,,false,high,"The description dates the German Democratic Republic's birth to the aftermath of the Second World War and its dissolution to 1990, focusing on life in East Germany under socialism, including surveillance, elections, unrest, and living standards.",4002,https://pdst.fm/e/traffic.megaphone.fm/GLT4069689977.mp3?updated=1777394215,https://open.spotify.com/search/The%20Rest%20Is%20History%20322%3A%20East%20Germany%3A%20Life%20Behind%20the%20Iron%20Curtain,643c5ceb334ade00118900c6
323,323: History's Greatest Dogs,2023-04-20,1800,1960,1800 – 1960,Global,World Wars & Interwar,Culture & Arts; Politics & Power; War & Military; Biography,,false,,,false,medium,"The episode is a thematic survey spanning Bounce during the Napoleonic Wars, Rin Tin Tin's 1918 birth on the Western Front, Nixon's Checkers, and Hitler's Blondi. Because several featured stories concern the 20th century, especially the World Wars and their aftermath, the primary range is placed broadly from the Napoleonic era to the mid-20th century.",3405,https://pdst.fm/e/traffic.megaphone.fm/GLT5170761413.mp3?updated=1777394160,https://open.spotify.com/search/The%20Rest%20Is%20History%20323%3A%20History%27s%20Greatest%20Dogs,644022bba189ca0011eb3f53
324,324: Fall of Saigon: The Nightmare Begins (Part 1),2023-04-24,1975,1975,1975,Southeast Asia,Postwar,War & Military; Politics & Power; Empire & Colonialism,,true,Fall of Saigon,1,false,high,"The description explicitly dates the episode to 1975 and calls it the “final act of the Vietnam War,” focusing on the evacuation and fall of Saigon. It describes the Viet Cong closing in, the U.S. withdrawal, and the chaos surrounding the embassy.",2954,https://pdst.fm/e/traffic.megaphone.fm/GLT6047251362.mp3?updated=1777394160,https://open.spotify.com/search/The%20Rest%20Is%20History%20324%3A%20Fall%20of%20Saigon%3A%20The%20Nightmare%20Begins%20%28Part%201%29,6442c14d425b310011725061
325,325: Fall of Saigon: Apocalypse Now (Part 2),2023-04-27,1975,1975,1975,Southeast Asia,Postwar,War & Military; Politics & Power,,true,Fall of Saigon,2,false,high,The description explicitly dates the evacuation and final U.S. presence in Saigon to a spring morning in 1975 and discusses the final hours of American presence during the Vietnam War.,3125,https://pdst.fm/e/traffic.megaphone.fm/GLT1698435670.mp3?updated=1777394192,https://open.spotify.com/search/The%20Rest%20Is%20History%20325%3A%20Fall%20of%20Saigon%3A%20Apocalypse%20Now%20%28Part%202%29,6442c36b7301040011d79e71
326,326: The Year of Revolutions: 1848,2023-05-01,1848,1848,1848,Europe,Long 19th Century,Revolution; Politics & Power; Ideology,,false,,,true,high,"The episode is explicitly titled “The Year of Revolutions: 1848” and describes mass protests and political upheaval across Europe, including Vienna, Paris, and Palermo, during that year.",3542,https://pdst.fm/e/traffic.megaphone.fm/GLT9746323554.mp3?updated=1777394808,https://open.spotify.com/search/The%20Rest%20Is%20History%20326%3A%20The%20Year%20of%20Revolutions%3A%201848,644ed786f7ec390011ae5b44
327,327: Coronations: The Deep History (Part 1),2023-05-04,-1500,1000,1500 BCE – 1000,Europe,Ancient,Monarchy & Royalty; Religion & Church; Politics & Power,Charlemagne,true,Coronations,1,false,medium,"The episode explores coronation rituals from “ancient Egypt” and the “Old Testament” through the later Roman Empire, with particular emphasis on the 10th-century liturgy and Charlemagne’s role in the development of royal ritual. The dominant focus is therefore the ancient-to-early-medieval history of European monarchy and sacral kingship.",2981,https://pdst.fm/e/traffic.megaphone.fm/GLT4746607803.mp3?updated=1777394985,https://open.spotify.com/search/The%20Rest%20Is%20History%20327%3A%20Coronations%3A%20The%20Deep%20History%20%28Part%201%29,6452b6e19dcdc1001174cf6d
328,"328: Coronations: Sex, Holy Oil and Civil War (Part 2)",2023-05-05,1600,1700,1600 – 1700,Britain,Early Modern,Monarchy & Royalty; Sex & Scandal; Politics & Power; Biography,Samuel Pepys,true,Coronations,2,false,low,"The description focuses on historical coronations and specifically mentions a London riot and Samuel Pepys, anchoring the main examples broadly in seventeenth-century Britain. Charles III is presented as the contemporary context rather than the historical focus.",3186,https://pdst.fm/e/traffic.megaphone.fm/GLT8165021855.mp3?updated=1777394177,https://open.spotify.com/search/The%20Rest%20Is%20History%20328%3A%20Coronations%3A%20Sex%2C%20Holy%20Oil%20and%20Civil%20War%20%28Part%202%29,6453e7d37f1afb0011fb311e
329,"329: Coronations: Chaos, Ceremony and Empire (Part 3)",2023-05-06,1800,2023,1800 – 2023,Britain,Contemporary,Monarchy & Royalty; Politics & Power; Empire & Colonialism; Culture & Arts,Charles III,true,Coronations,3,false,medium,"The description focuses on “the most recent coronations in British history” and explicitly compares Charles III’s 2023 coronation with those of his ancestors. This supports a modern British span extending from the 19th century into the contemporary period, though the exact starting coronation is not specified.",3203,https://pdst.fm/e/traffic.megaphone.fm/GLT8755026279.mp3?updated=1777394194,https://open.spotify.com/search/The%20Rest%20Is%20History%20329%3A%20Coronations%3A%20Chaos%2C%20Ceremony%20and%20Empire%20%28Part%203%29,64554befd401890011b7c915
330,330: Herodotus: The Birth of History,2023-05-08,-500,-400,500 BCE – 400 BCE,Mediterranean,Ancient,Biography; Literature; War & Military,Herodotus,false,,,false,medium,"The description identifies Herodotus as a Greek historian of the 5th century BC and focuses on his life and The Histories, including the Greco-Persian Wars. Since no precise dates are given beyond the century, the range is approximated to c. 500–400 BCE.",3225,https://pdst.fm/e/traffic.megaphone.fm/GLT7158094581.mp3?updated=1777394160,https://open.spotify.com/search/The%20Rest%20Is%20History%20330%3A%20Herodotus%3A%20The%20Birth%20of%20History,64582e8f1096880011786281
331,331: American Witches,2023-05-11,1600,1699,1600 – 1699,United States,Early Modern,Religion & Church; Crime & Mystery,,false,,,false,high,"The description explicitly places the episode in 1647 New England and says it focuses on witch crazes, hunts, and trials in the 17th century, particularly in Springfield, Massachusetts.",3306,https://pdst.fm/e/traffic.megaphone.fm/GLT9152886733.mp3?updated=1777394196,https://open.spotify.com/search/The%20Rest%20Is%20History%20331%3A%20American%20Witches,645c0575a28eb00011217e47
332,332: King Solomon's Mines,2023-05-15,1885,1900,1885 – 1900,Britain,Long 19th Century,Literature; Culture & Arts; Biography,H. Rider Haggard,false,,,true,high,"The episode is anchored by the description that Haggard wrote “King Solomon’s Mines” in 1885 and focuses on H. Rider Haggard and his literary legacy. Although the novel is set in Africa, the primary subject is the British author and the late-19th-century adventure-literature genre.",3512,https://pdst.fm/e/traffic.megaphone.fm/GLT4960691587.mp3?updated=1777394193,https://open.spotify.com/search/The%20Rest%20Is%20History%20332%3A%20King%20Solomon%27s%20Mines,64614ccd4f68050011a1664e
333,333: The Republic of Britain: Life under Cromwell,2023-05-18,1649,1658,1649 – 1658,Britain,Early Modern,Politics & Power; Monarchy & Royalty; Religion & Church,Oliver Cromwell,false,,,false,high,"The description explicitly dates the episode to 1649, when “a new republic” and the “Commonwealth of England” were declared, and focuses on “life under Cromwell” and 17th-century republicanism. The end date is anchored to Cromwell’s period of dominance, ending with his death in 1658.",3341,https://pdst.fm/e/traffic.megaphone.fm/GLT3360112790.mp3?updated=1777394918,https://open.spotify.com/search/The%20Rest%20Is%20History%20333%3A%20The%20Republic%20of%20Britain%3A%20Life%20under%20Cromwell,6465052bf4455c0011136674
334,334: Athens and the Birth of Democracy,2023-05-22,-508,-322,508 BCE – 322 BCE,Mediterranean,Ancient,Politics & Power; Monarchy & Royalty,,false,,,false,medium,"The episode is explicitly about “Athens and the Birth of Democracy” and explores the meaning of “demos” to Athenians and the role of women in Athenian democracy, anchoring it in the classical democratic period of Athens, roughly 508–322 BCE.",3322,https://pdst.fm/e/traffic.megaphone.fm/GLT2496707123.mp3?updated=1777394235,https://open.spotify.com/search/The%20Rest%20Is%20History%20334%3A%20Athens%20and%20the%20Birth%20of%20Democracy,646a7152edf4b50011266773
335,335: The Freemasons: History's Greatest Conspiracy Theory,2023-05-25,500,2000,500 – 2000,Global,Long 19th Century,Politics & Power; Empire & Colonialism; Revolution; Ideology,,false,,,false,medium,"The description explicitly traces Freemasonry from its origins in the Middle Ages through its role in the formation of the American nation, the British Empire, and later authoritarian and revolutionary conspiracies. Its broad transatlantic scope and multi-century coverage make it unsuitable for a narrowly 1800–1934 focus.",3622,https://pdst.fm/e/traffic.megaphone.fm/GLT4122245847.mp3?updated=1777394229,https://open.spotify.com/search/The%20Rest%20Is%20History%20335%3A%20The%20Freemasons%3A%20History%27s%20Greatest%20Conspiracy%20Theory,646e3e691740730011dbf21b
336,"336: Ireland: Celts, Conquest and Cromwell (Part 1)",2023-05-29,1169,1798,1169 – 1798,Ireland,Early Modern,War & Military; Politics & Power; Revolution; Empire & Colonialism,Oliver Cromwell; Patrick Pearse,true,Ireland,1,false,medium,"The description explicitly frames the episode as covering Anglo-Irish history “from the Norman conquest to the rebellion of 1798,” while using the 1916 Easter Rising as the introductory context. The title highlights Cromwell, and the description names Patrick Pearse as the figure who proclaimed the Irish Republic in 1916.",3345,https://pdst.fm/e/traffic.megaphone.fm/GLT6280042699.mp3?updated=1777394205,https://open.spotify.com/search/The%20Rest%20Is%20History%20336%3A%20Ireland%3A%20Celts%2C%20Conquest%20and%20Cromwell%20%28Part%201%29,6473701e087bf40011b9ef0f
337,"337: Ireland: Union, Famine and Parnell (Part 2)",2023-06-01,1800,1891,1800 – 1891,Ireland,Long 19th Century,Politics & Power; Disaster & Plague; Empire & Colonialism,Charles Stewart Parnell,true,Ireland,2,true,high,"The description anchors the episode at the start of the 19th century with the Acts of Union, then focuses on the Great Famine and Parnell-era political battles over Home Rule. These events place the dominant focus roughly from 1800 through the late 19th century.",3083,https://pdst.fm/e/traffic.megaphone.fm/GLT4375415331.mp3?updated=1777394923,https://open.spotify.com/search/The%20Rest%20Is%20History%20337%3A%20Ireland%3A%20Union%2C%20Famine%20and%20Parnell%20%28Part%202%29,64782f155fac2500113499f2
338,"338: Ireland: Home Rule, Mutiny - and Civil War? (Part 3)",2023-06-05,1912,1916,1912 – 1916,Ireland,World Wars & Interwar,Politics & Power; War & Military; Revolution,H. H. Asquith; Andrew Bonar Law; Sir Edward Carson,true,Ireland,3,true,high,"The description explicitly begins in 1912 with the Home Rule crisis, Ulster unrest, mutiny and arms imports, and ends with Britain and Ireland entering the Great War while the Easter Rising is approaching. These references anchor the episode in the 1912–1916 period.",3746,https://pdst.fm/e/traffic.megaphone.fm/GLT5217836668.mp3?updated=1777395064,https://open.spotify.com/search/The%20Rest%20Is%20History%20338%3A%20Ireland%3A%20Home%20Rule%2C%20Mutiny%20-%20and%20Civil%20War%3F%20%28Part%203%29,647cf4d23863bd0011257cab
339,"339: Ireland: The Easter Rising, 1916 (Part 4)",2023-06-08,1916,1916,1916,Ireland,World Wars & Interwar,Revolution; Politics & Power; War & Military; Empire & Colonialism,Patrick Pearse,true,Ireland,4,true,high,"The title explicitly identifies the Easter Rising as occurring in 1916, while the description anchors the episode to the uprising beginning at Dublin's General Post Office on 24 April 1916 and its aftermath.",3681,https://pdst.fm/e/traffic.megaphone.fm/GLT7095481415.mp3?updated=1777394202,https://open.spotify.com/search/The%20Rest%20Is%20History%20339%3A%20Ireland%3A%20The%20Easter%20Rising%2C%201916%20%28Part%204%29,647cfd4d36fc35001122dd13
340,340: Hadrian and Antinous,2023-06-12,117,138,117 – 138,Mediterranean,Ancient,Biography; Sex & Scandal; Monarchy & Royalty,Hadrian; Antinous,false,,,false,high,"The episode focuses on the Roman emperor Hadrian and Antinous, including their love affair and Antinous's mysterious death on the Nile. Hadrian's reign (117–138 CE) provides the main chronological anchor.",2942,https://pdst.fm/e/traffic.megaphone.fm/GLT4184410900.mp3?updated=1777394884,https://open.spotify.com/search/The%20Rest%20Is%20History%20340%3A%20Hadrian%20and%20Antinous,6481ed02a9ca950011c4c2c8
341,341: The Trials of Oscar Wilde: Sex and Scandal (Part 1),2023-06-15,1880,1895,1880 – 1895,Britain,Long 19th Century,Sex & Scandal; Literature; Biography,Oscar Wilde,true,The Trials of Oscar Wilde,1,true,high,"The description centers on Oscar Wilde’s rise to prominence and his 1895 libel action against his lover’s father, leading to the trials and his downfall. References to The Importance of Being Earnest and Wilde’s notoriety anchor the episode in the late Victorian period.",3035,https://pdst.fm/e/traffic.megaphone.fm/GLT1940599692.mp3?updated=1777394822,https://open.spotify.com/search/The%20Rest%20Is%20History%20341%3A%20The%20Trials%20of%20Oscar%20Wilde%3A%20Sex%20and%20Scandal%20%28Part%201%29,6489e62a9bdbb900115879c9
342,342: The Trials of Oscar Wilde: Downfall and Prison (Part 2),2023-06-19,1895,1900,1895 – 1900,Britain,Long 19th Century,Sex & Scandal; Crime & Mystery; Biography,Oscar Wilde,true,The Trials of Oscar Wilde,2,true,high,"The description explicitly dates the episode to 1895, when Oscar Wilde is arrested and charged, and focuses on his trial, imprisonment, and final years. The subject is Wilde’s public scandal and prosecution in Britain.",2741,https://pdst.fm/e/traffic.megaphone.fm/GLT5549466795.mp3?updated=1777394910,https://open.spotify.com/search/The%20Rest%20Is%20History%20342%3A%20The%20Trials%20of%20Oscar%20Wilde%3A%20Downfall%20and%20Prison%20%28Part%202%29,6489e6e49bdbb9001158919c
343,343: Oppenheimer: The Father of the Atom Bomb (Part 1),2023-06-22,1943,1945,1943 – 1945,United States,World Wars & Interwar,Biography; Science & Technology; War & Military,J. Robert Oppenheimer,true,Oppenheimer,1,false,high,"The description focuses on Oppenheimer’s leadership of the Manhattan Project and Los Alamos laboratory beginning in 1943, culminating in the first atomic bomb test in July 1945. These references clearly anchor the episode in the final years of the Second World War.",3308,https://pdst.fm/e/traffic.megaphone.fm/GLT9202576882.mp3?updated=1777394186,https://open.spotify.com/search/The%20Rest%20Is%20History%20343%3A%20Oppenheimer%3A%20The%20Father%20of%20the%20Atom%20Bomb%20%28Part%201%29,6492e387895f9d00117a5252
344,344: Oppenheimer: The Witch Hunt (Part 2),2023-06-23,1945,1954,1945 – 1954,United States,Postwar,Science & Technology; Politics & Power; Ideology; Biography,J. Robert Oppenheimer,true,Oppenheimer,2,false,high,"The description focuses on the period following the atomic bombings and the end of the Second World War, culminating in Oppenheimer's security-clearance revocation and public hearing in 1954. It explicitly explores McCarthyism and American anti-communist hysteria.",3189,https://pdst.fm/e/traffic.megaphone.fm/GLT1594914557.mp3?updated=1777394723,https://open.spotify.com/search/The%20Rest%20Is%20History%20344%3A%20Oppenheimer%3A%20The%20Witch%20Hunt%20%28Part%202%29,64944458a82eee00116dc219
345,345: Raiders of the Lost Ark (Part 1),2023-06-26,0,0,Undated,Ancient Near East,Ancient,Religion & Church; War & Military,,true,,,false,low,"The description focuses on the Ark of the Covenant, its biblical significance, creation, and disappearance, placing it broadly in the ancient Near East. No specific historical dates are provided, so the years are left undated.",3467,https://pdst.fm/e/traffic.megaphone.fm/GLT1189467433.mp3?updated=1777394791,https://open.spotify.com/search/The%20Rest%20Is%20History%20345%3A%20Raiders%20of%20the%20Lost%20Ark%20%28Part%201%29,6498a72afcd83100112090ce
346,346: The Mystery of the Holy Grail (Part 2),2023-06-29,1100,1500,1100 – 1500,Europe,Medieval,Religion & Church; Culture & Arts,,true,,,false,medium,"The description explicitly focuses on the Grail’s origin as a tradition and “the role it played within medieval Christendom.” The medieval Grail tradition is the dominant focus, rather than the ancient events of the Last Supper and crucifixion mentioned as part of the legend.",3262,https://pdst.fm/e/traffic.megaphone.fm/GLT9518077570.mp3?updated=1777394178,https://open.spotify.com/search/The%20Rest%20Is%20History%20346%3A%20The%20Mystery%20of%20the%20Holy%20Grail%20%28Part%202%29,6498a93de13a7f0012e471e1
347,347: The American Revolution (Part 1),2023-07-03,1763,1775,1763 – 1775,United States,Early Modern,Revolution; War & Military; Politics & Power; Religion & Church,,true,,,false,high,"The episode is the first part of a four-part series on the American Revolution, focusing on the background to the war, growing tensions between the American colonies and Britain, religious fervour, and colonial taxes. These developments primarily date from the post–Seven Years’ War period through the outbreak of war in 1775.",3465,https://pdst.fm/e/traffic.megaphone.fm/GLT3042850673.mp3?updated=1777394912,https://open.spotify.com/search/The%20Rest%20Is%20History%20347%3A%20The%20American%20Revolution%20%28Part%201%29,64a1d563f23f0b001160b0f1
348,348: The Boston Tea Party (Part 2),2023-07-06,1773,1783,1773 – 1783,United States,Early Modern,Revolution; Politics & Power; Empire & Colonialism; War & Military,George Washington,true,,,false,high,"The description explicitly centers on the Boston Tea Party, the Tea Act, and growing conflict between Parliament and colonial America, beginning in 1773, then follows the American Revolution and George Washington's rise to commander-in-chief through the war.",3454,https://pdst.fm/e/traffic.megaphone.fm/GLT5189620267.mp3?updated=1777394801,https://open.spotify.com/search/The%20Rest%20Is%20History%20348%3A%20The%20Boston%20Tea%20Party%20%28Part%202%29,64a53520ca46640010d45fa6
349,349: The Birth of the United States (Part 3),2023-07-10,1776,1776,1776,United States,Early Modern,Revolution; Politics & Power; War & Military; Monarchy & Royalty,George Washington; George III,true,,,false,high,"The description explicitly centers on Congress voting for independence on 2 July 1776, Washington reading the Declaration, and the revolutionaries' grievances against George III. It also identifies the episode as Episode 3 of a series on the American Revolution.",2888,https://pdst.fm/e/traffic.megaphone.fm/GLT9804967639.mp3?updated=1777394758,https://open.spotify.com/search/The%20Rest%20Is%20History%20349%3A%20The%20Birth%20of%20the%20United%20States%20%28Part%203%29,64a80849a1be3e00114c5dc4
350,350: The Triumph of George Washington (Part 4),2023-07-13,1781,1783,1781 – 1783,United States,Early Modern,War & Military; Revolution; Diplomacy; Politics & Power,George Washington; Charles Cornwallis,true,,,false,high,"The episode focuses on the end of the American Revolution, anchored by Cornwallis's surrender at Yorktown in 1781 and the subsequent Treaty of Paris in 1783. The description explicitly calls it the final episode on the American Revolution and examines its consequences for the United States.",3473,https://pdst.fm/e/traffic.megaphone.fm/GLT1619660676.mp3?updated=1776972844,https://open.spotify.com/search/The%20Rest%20Is%20History%20350%3A%20The%20Triumph%20of%20George%20Washington%20%28Part%204%29,64a80b29d5d98f0011442874
351,"351: Amsterdam: Miracles, Money, and Mud (Part 1)",2023-07-17,1300,1700,1300 – 1700,Netherlands,Early Modern,Religion & Church; Economics & Trade; Empire & Colonialism,,true,Amsterdam,1,false,medium,"The description traces Amsterdam from its prominence as a pilgrimage centre through the Reformation and the birth of modern capitalism, including the birthplace of the Dutch East India Company. This supports a late medieval to early modern focus, with the greatest emphasis on the Reformation and commercial expansion.",2471,https://pdst.fm/e/traffic.megaphone.fm/GLT4666881212.mp3?updated=1729782312,https://open.spotify.com/search/The%20Rest%20Is%20History%20351%3A%20Amsterdam%3A%20Miracles%2C%20Money%2C%20and%20Mud%20%28Part%201%29,ba533632-24cf-11ee-bc71-7ba075e7572b
352,"352: Amsterdam: Kings, Canals, and Coffee Houses (Part 2)",2023-07-20,1600,1950,1600 – 1950,Netherlands,Early Modern,Economics & Trade; Monarchy & Royalty; Religion & Church; Politics & Power,,true,Amsterdam,2,false,medium,"The description anchors the episode in Amsterdam's Dutch Golden Age, while also tracing the birth of the Dutch monarchy, the Royal Palace, the Portuguese Synagogue, and liberalism since the Second World War. The dominant focus appears to be Amsterdam's early modern development, with coverage extending into the modern period.",3334,https://pdst.fm/e/traffic.megaphone.fm/GLT4191684359.mp3?updated=1729782338,https://open.spotify.com/search/The%20Rest%20Is%20History%20352%3A%20Amsterdam%3A%20Kings%2C%20Canals%2C%20and%20Coffee%20Houses%20%28Part%202%29,25d47922-2659-11ee-bc86-23235f3baaff
353,353: Paris 1968: The Students' Revolt (Part 1),2023-07-24,1968,1968,1968,France,Postwar,Revolution; Politics & Power,,true,Paris 1968,1,false,high,"The description explicitly identifies May 1968 in France, focusing on civil unrest, rioting, general strikes, and university and factory occupations in Paris.",2783,https://pdst.fm/e/traffic.megaphone.fm/GLT6124707164.mp3?updated=1729782201,https://open.spotify.com/search/The%20Rest%20Is%20History%20353%3A%20Paris%201968%3A%20The%20Students%27%20Revolt%20%28Part%201%29,8d9e7490-2929-11ee-a578-c377727a80e1
354,354: Paris 1968: The Return of De Gaulle (Part 2),2023-07-27,1968,1968,1968,France,Postwar,Politics & Power; Revolution; Biography,Charles de Gaulle,true,Paris 1968,2,false,high,"The description explicitly focuses on the events of May 1968 during de Gaulle's presidency, including France's uprising and how he overcame the protests. References to the First and Second World Wars provide background, but the dominant focus is Paris in 1968.",2508,https://pdst.fm/e/traffic.megaphone.fm/GLT6246374874.mp3?updated=1729782223,https://open.spotify.com/search/The%20Rest%20Is%20History%20354%3A%20Paris%201968%3A%20The%20Return%20of%20De%20Gaulle%20%28Part%202%29,2f465baa-2be6-11ee-8255-7f60fd330075
355,355: Roman Apocalypse: Pompeii 79 AD,2023-07-30,79,79,79,Italy,Ancient,Disaster & Plague,,false,,,false,high,"The title identifies “Pompeii 79 AD,” and the description focuses on Mount Vesuvius’s eruption in the autumn of AD 79 and the resulting destruction and deaths.",2770,https://pdst.fm/e/traffic.megaphone.fm/GLT6664993493.mp3?updated=1692016065,https://open.spotify.com/search/The%20Rest%20Is%20History%20355%3A%20Roman%20Apocalypse%3A%20Pompeii%2079%20AD,f24f7ca8-2ed4-11ee-a426-936fef7cf591
356,356: The Blood-Drinking Bride of Christ,2023-08-02,1347,1380,1347 – 1380,Italy,Medieval,Biography; Religion & Church; Politics & Power; Disaster & Plague,Catherine of Siena,false,,,false,high,"The episode is explicitly about Catherine of Siena, described as living during the onset of the Black Death and persuading the Pope to return from exile; her life dates are 1347–1380, placing the focus in the medieval period.",3099,https://pdst.fm/e/traffic.megaphone.fm/GLT8496536394.mp3?updated=1692016048,https://open.spotify.com/search/The%20Rest%20Is%20History%20356%3A%20The%20Blood-Drinking%20Bride%20of%20Christ,d549e82a-3166-11ee-8e79-f7d07365746a
357,357: Historical Love Island: The Sequel,2023-08-06,0,0,Undated,Undated,Undated,Meta/Podcast; Sex & Scandal,,false,,,false,high,"The episode is a playful “Historical Love Island” competition involving figures from widely different periods, including Theodora, Catherine Howard, Peter the Great, and Tony Benn, rather than a focused historical narrative. The description emphasizes the podcast game format and “islanders,” so it is undated and thematically meta.",3786,https://pdst.fm/e/traffic.megaphone.fm/GLT7719682575.mp3?updated=1692015923,https://open.spotify.com/search/The%20Rest%20Is%20History%20357%3A%20Historical%20Love%20Island%3A%20The%20Sequel,2af8f0bc-32df-11ee-a6f8-0fdc527f4731
358,358: Viking Sorcery,2023-08-09,793,1066,793 – 1066,Scandinavia,Medieval,Religion & Church; Culture & Arts; Slavery,,false,,,false,medium,"The episode is explicitly about the “strange and gruesome world of Viking Sorcery,” describing Viking-era rituals, burial practices, human sacrifice, and supernatural beliefs. The Viking Age is conventionally placed around 793–1066, though the description gives no precise dates.",3338,https://pdst.fm/e/traffic.megaphone.fm/GLT1200485419.mp3?updated=1692015904,https://open.spotify.com/search/The%20Rest%20Is%20History%20358%3A%20Viking%20Sorcery,4c02a1b0-36d4-11ee-99be-2f0cdea5e221
359,359: Martin Luther King's Dream,2023-08-13,1963,1963,1963,United States,Postwar,Politics & Power; Biography; Ideology,Martin Luther King Jr.,false,,,false,high,"The description explicitly dates the central speech and the March on Washington to August 1963, identifying it as a defining moment in the American Civil Rights movement.",3245,https://pdst.fm/e/traffic.megaphone.fm/GLT8593313865.mp3?updated=1692015861,https://open.spotify.com/search/The%20Rest%20Is%20History%20359%3A%20Martin%20Luther%20King%27s%20Dream,0570cf92-385f-11ee-bf13-bb3fd9a67b8b
360,360. Fear City: New York in the 1970s,2023-08-16,1970,1979,1970 – 1979,United States,Postwar,Economics & Trade; Crime & Mystery; Disaster & Plague,,false,,,false,high,"The title explicitly identifies New York in the 1970s, and the description focuses on economic stagnation, unemployment, rising crime, the 1977 power blackout, and looting.",3246,https://pdst.fm/e/traffic.megaphone.fm/GLT7107047696.mp3?updated=1692227469,https://open.spotify.com/search/The%20Rest%20Is%20History%20360.%20Fear%20City%3A%20New%20York%20in%20the%201970s,153dbff0-3c58-11ee-89ae-230c87feb0f3
361,361. The Lost Library of Alexandria,2023-08-20,-300,500,300 BCE – 500,Mediterranean,Ancient,Science & Technology; Culture & Arts,,false,,,false,medium,"The description explicitly calls the Library of Alexandria an institution of “the ancient world” and places it in the complex containing Alexander the Great’s tomb. Its history is therefore dated broadly from its Hellenistic foundation around the 3rd century BCE through late antiquity, though no precise destruction date is given.",3290,https://pdst.fm/e/traffic.megaphone.fm/GLT1578679297.mp3?updated=1692571845,https://open.spotify.com/search/The%20Rest%20Is%20History%20361.%20The%20Lost%20Library%20of%20Alexandria,2442a58a-3fa8-11ee-a70d-6febee05c4ec
362,362. The Taj Mahal: Love and Death,2023-08-23,1632,1653,1632 – 1653,India,Early Modern,Monarchy & Royalty; Empire & Colonialism; Culture & Arts,Shah Jahan; Mumtaz Mahal,false,,,false,high,"The episode focuses on the Taj Mahal, built by Mughal Emperor Shah Jahan as a mausoleum for Mumtaz Mahal; its construction is conventionally dated to 1632–1653. The description explicitly discusses the Mughal Empire and the monument's cultural and political significance.",2932,https://pdst.fm/e/traffic.megaphone.fm/GLT2445608477.mp3?updated=1692810615,https://open.spotify.com/search/The%20Rest%20Is%20History%20362.%20The%20Taj%20Mahal%3A%20Love%20and%20Death,4980a77c-41d6-11ee-8fb0-377b7b3a169c
363,363. Sixties Fashion: The Teenage Revolution (Part 1),2023-08-27,1960,1969,1960 – 1969,Britain,Postwar,Culture & Arts; Fashion; Youth Culture,Jean Shrimpton,true,Sixties Fashion,1,false,high,"The episode is explicitly about “The Sixties” and focuses on Britain’s fashion culture, including Mods and Rockers, mini-skirts, and 1960s models. References to the 1940s and early 1950s provide context, but the dominant focus is the 1960s.",3024,https://pdst.fm/e/traffic.megaphone.fm/GLT5487814001.mp3?updated=1729782129,https://open.spotify.com/search/The%20Rest%20Is%20History%20363.%20Sixties%20Fashion%3A%20The%20Teenage%20Revolution%20%28Part%201%29,f7b61202-44f9-11ee-8586-dfc5fd9824e6
364,364. Sixties Fashion: Swinging London (Part 2),2023-08-30,1960,1969,1960 – 1969,Britain,Postwar,Culture & Arts; Music; Fashion,Jimi Hendrix,true,Sixties Fashion,2,false,high,"The description explicitly focuses on the 1960s, citing “Swinging London,” miniskirts, youth culture, hippies, Jimi Hendrix, the Beatles, and Sergeant Pepper’s. Its dominant setting is London and its subject is postwar fashion and popular culture.",3182,https://pdst.fm/e/traffic.megaphone.fm/GLT8438824218.mp3?updated=1729782150,https://open.spotify.com/search/The%20Rest%20Is%20History%20364.%20Sixties%20Fashion%3A%20Swinging%20London%20%28Part%202%29,21b45546-4752-11ee-a897-2fa9790f950b
365,365. Le Marquis de Sade: Sex and Violence,2023-09-03,1740,1814,1740 – 1814,France,Early Modern,Biography; Sex & Scandal; Revolution; Literature,Marquis de Sade,false,,,false,high,"The episode is explicitly about the Marquis de Sade’s turbulent life, prison years, and legacy. References to his arrests by the French monarchy and revolutionaries, and to Robespierre’s deposition, anchor the focus in the late eighteenth-century French Revolutionary era, within his 1740–1814 lifetime.",3377,https://pdst.fm/e/traffic.megaphone.fm/GLT8871465113.mp3?updated=1693839248,https://open.spotify.com/search/The%20Rest%20Is%20History%20365.%20Le%20Marquis%20de%20Sade%3A%20Sex%20and%20Violence,7a18d39e-48e0-11ee-a6b3-3fae2f11f140
366,366. The Architect of Modern China,2023-09-06,1978,1992,1978 – 1992,China,Postwar,Politics & Power; Economics & Trade; Ideology; Biography,Deng Xiaoping,false,,,false,high,"The episode focuses on Deng Xiaoping’s leadership and China’s transition into a global economic and political powerhouse, especially his opening of the country to foreign investment and technology. The main period is the reform era beginning in 1978 and extending through the early 1990s.",3398,https://pdst.fm/e/traffic.megaphone.fm/GLT1902993082.mp3?updated=1694041584,https://open.spotify.com/search/The%20Rest%20Is%20History%20366.%20The%20Architect%20of%20Modern%20China,300c5cdc-4cd5-11ee-9c2f-2fd7ba8cbbe1
367,"367. The Real Harry Potter: Magic, Empire and Beastly Bullies",2023-09-10,0,0,Undated,Undated,Undated,Culture & Arts; Literature,J.K. Rowling,false,,,false,high,"The description focuses on the fantasy and literary roots of J.K. Rowling’s novels, mentioning Tolkien, Narnia, ancient languages and the Harry Potter world, but gives no specific historical dates. It is therefore a thematic literary episode rather than one anchored to a defined historical period.",3740,https://pdst.fm/e/traffic.megaphone.fm/GLT3711207657.mp3?updated=1694524289,https://open.spotify.com/search/The%20Rest%20Is%20History%20367.%20The%20Real%20Harry%20Potter%3A%20Magic%2C%20Empire%20and%20Beastly%20Bullies,3879a3c0-5018-11ee-bac7-8f9e4841ee00
368,368. The History Behind Hogwarts: Ancient Schools and Revolting Students,2023-09-13,1700,1799,1700 – 1799,Britain,Early Modern,Politics & Power; Religion & Church; Culture & Arts,,true,,,false,high,"The description explicitly focuses on “18th century British Public schools,” including student rebellions, violence, and their “deeply Christian origins.” It is identified as “the second part of our series,” supporting a series classification.",3317,https://pdst.fm/e/traffic.megaphone.fm/GLT6783238013.mp3?updated=1696245232,https://open.spotify.com/search/The%20Rest%20Is%20History%20368.%20The%20History%20Behind%20Hogwarts%3A%20Ancient%20Schools%20and%20Revolting%20Students,c1c7a744-5018-11ee-b3d6-87ab40d626e1
369,369. The Colosseum: Rome's Arena of Death,2023-09-17,1,100,1 – 100,Italy,Ancient,War & Military; Culture & Arts; Politics & Power,,false,,,false,high,"The description explicitly says the Colosseum was built by the Flavian dynasty in the first century AD and focuses on Roman violence, gladiatorial bouts, emperors, and the arena's meaning.",3233,https://pdst.fm/e/traffic.megaphone.fm/GLT7808118779.mp3?updated=1694986733,https://open.spotify.com/search/The%20Rest%20Is%20History%20369.%20The%20Colosseum%3A%20Rome%27s%20Arena%20of%20Death,1fccf254-55a0-11ee-9c90-53311039c015
370,"370. The 1973 Chilean Coup: Allende, Nixon and the CIA (Part 1)",2023-09-20,1970,1973,1970 – 1973,Latin America,Postwar,Politics & Power; Revolution; Empire & Colonialism; Biography,Salvador Allende; Richard Nixon; Augusto Pinochet,true,The 1973 Chilean Coup,1,false,high,"The description explicitly identifies the 1973 coup and focuses on Allende’s rise to power, socialist government, and U.S. efforts under Richard Nixon to undermine him. The Cold War framing anchors the episode in the postwar period, approximately 1970–1973.",2669,https://pdst.fm/e/traffic.megaphone.fm/GLT6405070034.mp3?updated=1729782085,https://open.spotify.com/search/The%20Rest%20Is%20History%20370.%20The%201973%20Chilean%20Coup%3A%20Allende%2C%20Nixon%20and%20the%20CIA%20%28Part%201%29,bf7a8234-57d6-11ee-910d-eb2dad8d45b5
371,371. The 1973 Chilean Coup: General Pinochet Seizes Power (Part 2),2023-09-21,1973,1990,1973 – 1990,Latin America,Postwar,Politics & Power; War & Military; Genocide & Atrocity; Biography,Salvador Allende; Augusto Pinochet,true,The 1973 Chilean Coup,2,false,high,"The episode is explicitly about the “1973 Chilean coup,” the overthrow of Salvador Allende, and life under Pinochet’s subsequent rule, including killings and torture. The primary focus therefore spans the coup in 1973 and the Pinochet dictatorship through 1990.",3034,https://pdst.fm/e/traffic.megaphone.fm/GLT3740766328.mp3?updated=1729782100,https://open.spotify.com/search/The%20Rest%20Is%20History%20371.%20The%201973%20Chilean%20Coup%3A%20General%20Pinochet%20Seizes%20Power%20%28Part%202%29,0f9b3c20-580b-11ee-8b5a-6350a2e39d81
372,372. The Birth of British Fascism,2023-09-24,1900,1932,1900 – 1932,Britain,World Wars & Interwar,Ideology; Politics & Power; Economics & Trade,,false,,,true,high,"The description anchors the episode at the “turn of the 20th century” and especially the 1920s, focusing on British fascism before the emergence of Oswald Mosley. The dominant focus is therefore Britain from roughly 1900 to the early 1930s.",3260,https://pdst.fm/e/traffic.megaphone.fm/GLT4747738645.mp3?updated=1695596282,https://open.spotify.com/search/The%20Rest%20Is%20History%20372.%20The%20Birth%20of%20British%20Fascism,1b9e2f5a-5b2b-11ee-bc73-03c0947a2f05
373,373. Oswald Mosley: Fascist Leader,2023-09-27,1932,1934,1932 – 1934,Britain,World Wars & Interwar,Politics & Power; Ideology; Biography; War & Military,Oswald Mosley,true,,,true,high,"The description explicitly focuses on Mosley forming the British Union of Fascists in 1932 and the violence at Kensington Olympia in 1934, while also noting his First World War background. It identifies this as the second episode in a series on British Fascism.",3271,https://pdst.fm/e/traffic.megaphone.fm/GLT7471576360.mp3?updated=1695823188,https://open.spotify.com/search/The%20Rest%20Is%20History%20373.%20Oswald%20Mosley%3A%20Fascist%20Leader,f5ecc76e-5d3a-11ee-85ee-1f725c352abf
374,374. The Battle of Cable Street: Fascism Defeated,2023-10-01,1936,1940,1936 – 1940,Britain,World Wars & Interwar,Ideology; Politics & Power; War & Military; Biography,Oswald Mosley,true,,,false,high,"The description explicitly dates the Battle of Cable Street to 6 October 1936 and discusses British fascism in the pre-war years, including Mosley’s eventual arrest and detention, placing the main focus in the late 1930s and around 1940.",2703,https://pdst.fm/e/traffic.megaphone.fm/GLT3021730207.mp3?updated=1695832036,https://open.spotify.com/search/The%20Rest%20Is%20History%20374.%20The%20Battle%20of%20Cable%20Street%3A%20Fascism%20Defeated,c32c424a-5d3b-11ee-a2dd-731be6c1abb7
375,375. Hitler and the Mitford Sisters,2023-10-04,1920,1939,1920 – 1939,Britain,World Wars & Interwar,Biography; Ideology; Politics & Power; Sex & Scandal,Unity Mitford; Diana Mitford; Adolf Hitler; Oswald Mosley; Eva Braun,false,,,false,high,"The episode focuses on the Mitford family’s prominence in the London scene in the 1920s, Unity’s move to Berlin in 1934, the 1936 Berlin Olympics, and her relationship with Hitler through the opening weeks of WWII. Its description explicitly identifies it as the final episode in a series on British fascism.",3202,https://pdst.fm/e/traffic.megaphone.fm/GLT5493256820.mp3?updated=1696350753,https://open.spotify.com/search/The%20Rest%20Is%20History%20375.%20Hitler%20and%20the%20Mitford%20Sisters,368f98fe-5d3c-11ee-a4e1-abe6add6a6eb
376,376. Baghdad: The Forging of Islam (Part 1),2023-10-08,740,762,740 – 762,Middle East,Medieval,Politics & Power; Religion & Church; Revolution; Empire & Colonialism,,true,Baghdad,1,false,high,"The description focuses on the Abbasid revolution that overthrew the Umayyad Caliphate and the foundation of Baghdad, conventionally dated to the mid-8th century, with Baghdad founded in 762. It explicitly discusses the development of Islam, the Umayyad Caliphate, and the Abbasids.",3063,https://pdst.fm/e/traffic.megaphone.fm/GLT9529602805.mp3?updated=1729781750,https://open.spotify.com/search/The%20Rest%20Is%20History%20376.%20Baghdad%3A%20The%20Forging%20of%20Islam%20%28Part%201%29,dfd2eb98-6627-11ee-b47b-1b7e876b7b3c
377,377. Baghdad: Crossroads of the Universe (Part 2),2023-10-11,750,775,750 – 775,Middle East,Medieval,Politics & Power; Empire & Colonialism; Religion & Church,Al-Mansur,true,Baghdad,2,false,high,"The description explicitly focuses on the Abbasids overthrowing the Umayyads, solidifying their rule, and Al-Mansur founding Baghdad as their capital. These events date primarily from the Abbasid Revolution in 750 through the early decades after Baghdad's foundation in 762.",2704,https://pdst.fm/e/traffic.megaphone.fm/GLT9127243683.mp3?updated=1729781768,https://open.spotify.com/search/The%20Rest%20Is%20History%20377.%20Baghdad%3A%20Crossroads%20of%20the%20Universe%20%28Part%202%29,295b19a6-6854-11ee-9504-4b082f11f400
378,378. Baghdad: The Golden Age (Part 3),2023-10-15,786,809,786 – 809,Middle East,Medieval,Politics & Power; Monarchy & Royalty; Economics & Trade; Culture & Arts,Harun al-Rashid,true,Baghdad,3,false,high,"The episode is anchored in the “Islamic Golden Age” and specifically takes “a deep dive into the life of the Caliph Harun al-Rashid,” whose reign lasted from 786 to 809. Its focus on Baghdad’s trade, culture, succession battles and court life places it in the medieval Abbasid Middle East.",3073,https://pdst.fm/e/traffic.megaphone.fm/GLT9689814482.mp3?updated=1729781786,https://open.spotify.com/search/The%20Rest%20Is%20History%20378.%20Baghdad%3A%20The%20Golden%20Age%20%28Part%203%29,bcfb2ce4-6ba8-11ee-b863-d71136a001dd
379,379. Baghdad: The Arabian Nights (Part 4),2023-10-18,750,1258,750 – 1258,Middle East,Medieval,Literature; Culture & Arts; Politics & Power,,true,Baghdad,4,false,medium,"The description explicitly places Baghdad during the Islamic Golden Age and focuses on the city of caliphs and the tales of One Thousand and One Nights. This supports a broad Abbasid-era medieval timeframe, approximately 750–1258.",2946,https://pdst.fm/e/traffic.megaphone.fm/GLT8529456010.mp3?updated=1729781852,https://open.spotify.com/search/The%20Rest%20Is%20History%20379.%20Baghdad%3A%20The%20Arabian%20Nights%20%28Part%204%29,c4da9278-6dca-11ee-803e-07765794e974
380,380. Captain Cook: History’s Greatest Explorer (Part 1),2023-10-22,1768,1779,1768 – 1779,Oceania,Early Modern,Exploration & Discovery; Science & Technology; Empire & Colonialism; Biography,James Cook,true,Captain Cook,1,false,high,"The description explicitly places Cook’s three Pacific voyages in the 18th century and mentions his expedition to encounter Terra Australis; the main focus is his exploratory career, conventionally dated from 1768 to 1779.",3011,https://pdst.fm/e/traffic.megaphone.fm/GLT8106697435.mp3?updated=1729781697,https://open.spotify.com/search/The%20Rest%20Is%20History%20380.%20Captain%20Cook%3A%20History%E2%80%99s%20Greatest%20Explorer%20%28Part%201%29,f19bfe14-6ea1-11ee-bcb1-bbe33d61ece6
381,381. Captain Cook: To the Ends of the Earth (Part 2),2023-10-25,1768,1771,1768 – 1771,Oceania,Early Modern,Exploration & Discovery; Empire & Colonialism; Diplomacy,James Cook; Joseph Banks,true,Captain Cook,2,false,medium,"The description focuses on Cook’s Royal Navy expedition to Tahiti, the Pacific, Terra Australis, New Zealand and Australia, including the transit of Venus and encounters with Indigenous peoples. These events belong to Cook’s first Pacific voyage in the late 1760s and early 1770s.",3225,https://pdst.fm/e/traffic.megaphone.fm/GLT6950185057.mp3?updated=1729781723,https://open.spotify.com/search/The%20Rest%20Is%20History%20381.%20Captain%20Cook%3A%20To%20the%20Ends%20of%20the%20Earth%20%28Part%202%29,94852b16-734b-11ee-a78c-2fb3b3d84f38
382,382. Young Napoleon: Teenage Revolutionary (Part 1),2023-10-30,1769,1792,1769 – 1792,France,Early Modern,Biography; Revolution; War & Military; Politics & Power,Napoleon Bonaparte; Pasquale Paoli,true,Young Napoleon,1,false,high,"The episode focuses on Napoleon's youth, from his birth in Corsica through his military schooling and enthusiasm for the French Revolution, placing the main period roughly between 1769 and the early 1790s. The description specifically highlights Corsica, France, Pasquale Paoli, and Napoleon's formative revolutionary years.",2780,https://pdst.fm/e/traffic.megaphone.fm/GLT6500252244.mp3?updated=1729781626,https://open.spotify.com/search/The%20Rest%20Is%20History%20382.%20Young%20Napoleon%3A%20Teenage%20Revolutionary%20%28Part%201%29,87e88892-74c9-11ee-b6c1-af573a86e664
383,383. Young Napoleon: The Shadow of the Guillotine (Part 2),2023-11-02,1793,1796,1793 – 1796,France,Early Modern,War & Military; Revolution; Politics & Power; Biography,Napoleon Bonaparte; Josephine de Beauharnais,true,Young Napoleon,2,false,high,"The description anchors the episode in the French Revolution and Napoleon’s military rise through the siege of Toulon, the Paris royalist uprising, his appointment as Commander of the Interior, and command of the Army of Italy, spanning roughly 1793–1796. It also explicitly covers his meeting with Josephine de Beauharnais.",3112,https://pdst.fm/e/traffic.megaphone.fm/GLT2658259929.mp3?updated=1729781645,https://open.spotify.com/search/The%20Rest%20Is%20History%20383.%20Young%20Napoleon%3A%20The%20Shadow%20of%20the%20Guillotine%20%28Part%202%29,70aed4fe-78c2-11ee-8fa8-377b73760214
384,384. The Fall of the Aztecs: The Adventure Begins (Part 1),2023-11-06,1519,1519,1519,Latin America,Early Modern,Exploration & Discovery; Empire & Colonialism; War & Military; Religion & Church,Hernán Cortés; Montezuma,true,The Fall of the Aztecs,1,false,high,"The description explicitly centers on the meeting of Hernán Cortés and Montezuma in 1519, while following Cortés's journey through Hispaniola and Cuba as the build-up to the fall of the Aztec Empire.",3094,https://pdst.fm/e/traffic.megaphone.fm/GLT8046611029.mp3?updated=1699093514,https://open.spotify.com/search/The%20Rest%20Is%20History%20384.%20The%20Fall%20of%20the%20Aztecs%3A%20The%20Adventure%20Begins%20%28Part%201%29,cb5341e2-7a3e-11ee-a6eb-2799f1df2dde
385,385. The Fall of the Aztecs: The Woman Who Changed The World (Part 2),2023-11-07,1519,1521,1519 – 1521,Latin America,Early Modern,Empire & Colonialism; Exploration & Discovery; War & Military; Biography,Hernán Cortés; Malinche; Montezuma,true,The Fall of the Aztecs,2,false,high,"The description follows Cortés's expedition from Cuba to Mexico and the “bloody showdown” with the Aztec Empire, identifying the central events as the conquest of 1519–1521. Malinche is the episode's principal subject, alongside Cortés and Montezuma.",3172,https://pdst.fm/e/traffic.megaphone.fm/GLT5124604457.mp3?updated=1699093536,https://open.spotify.com/search/The%20Rest%20Is%20History%20385.%20The%20Fall%20of%20the%20Aztecs%3A%20The%20Woman%20Who%20Changed%20The%20World%20%28Part%202%29,913cbb0e-7a3f-11ee-8dca-bb15b1176a96
386,386. The Fall of the Aztecs: The City of Gold (Part 3),2023-11-09,1519,1521,1519 – 1521,Latin America,Early Modern,War & Military; Empire & Colonialism; Exploration & Discovery; Culture & Arts,Hernán Cortés; Montezuma,true,The Fall of the Aztecs,3,false,high,"The description centers on Cortés heading inland toward Montezuma and Tenochtitlan, describing the Spanish-Aztec encounter and its consequences. These events correspond to the conquest of the Aztec Empire in 1519–1521.",2930,https://pdst.fm/e/traffic.megaphone.fm/GLT2951201852.mp3?updated=1699093480,https://open.spotify.com/search/The%20Rest%20Is%20History%20386.%20The%20Fall%20of%20the%20Aztecs%3A%20The%20City%20of%20Gold%20%28Part%203%29,2a7b012c-7a40-11ee-8fe3-5b6e819fdf9c
387,387. The Fall of the Aztecs: Prisoners of Montezuma (Part 4),2023-11-13,1519,1519,1519,Latin America,Early Modern,War & Military; Empire & Colonialism; Politics & Power; Exploration & Discovery,Hernán Cortés; Montezuma,true,The Fall of the Aztecs,4,false,high,"The description explicitly dates the episode to 1519 and focuses on Cortés’s arrival in Tenochtitlan, his dealings with Emperor Montezuma, and the escalating Spanish-Aztec confrontation.",2664,https://pdst.fm/e/traffic.megaphone.fm/GLT8017930427.mp3?updated=1699093561,https://open.spotify.com/search/The%20Rest%20Is%20History%20387.%20The%20Fall%20of%20the%20Aztecs%3A%20Prisoners%20of%20Montezuma%20%28Part%204%29,6bdbe4ba-7a40-11ee-8a36-ef60f58adccb
388,388. The Fall of the Aztecs: The Festival of Blood (Part 5),2023-11-14,1520,1520,1520,Latin America,Early Modern,War & Military; Empire & Colonialism; Politics & Power,Hernán Cortés; Pánfilo de Narváez; Malinche; Montezuma; Pedro de Alvarado,true,The Fall of the Aztecs,5,false,high,"The description explicitly dates the episode to “1520” and focuses on Cortés, the Spanish forces, Montezuma, and the approaching Aztec festival during the Fall of the Aztecs.",2978,https://pdst.fm/e/traffic.megaphone.fm/GLT8784071073.mp3?updated=1699093591,https://open.spotify.com/search/The%20Rest%20Is%20History%20388.%20The%20Fall%20of%20the%20Aztecs%3A%20The%20Festival%20of%20Blood%20%28Part%205%29,be73aec4-7a40-11ee-ab43-bfdfda7cd27e
389,389. The Fall of the Aztecs: The Night of Tears (Part 6),2023-11-16,1520,1521,1520 – 1521,Latin America,Early Modern,War & Military; Empire & Colonialism; Disaster & Plague,Hernán Cortés; Montezuma,true,The Fall of the Aztecs,6,false,high,"The description explicitly centers on the night of 30 June 1520, La Noche Triste, and its aftermath, including the arrival of disease during the Spanish conquest of Tenochtitlan. The episode is therefore primarily focused on the Aztec-Spanish conflict around 1520–1521.",2680,https://pdst.fm/e/traffic.megaphone.fm/GLT2744313815.mp3?updated=1699093626,https://open.spotify.com/search/The%20Rest%20Is%20History%20389.%20The%20Fall%20of%20the%20Aztecs%3A%20The%20Night%20of%20Tears%20%28Part%206%29,35ed7638-7a41-11ee-95ba-2f8d51cfffb2
390,390. The Fall of the Aztecs: War to the Death (Part 7),2023-11-20,1521,1521,1521,Latin America,Early Modern,War & Military; Empire & Colonialism; Disaster & Plague,Hernán Cortés; Cuauhtémoc,true,The Fall of the Aztecs,7,false,high,"The description explicitly dates the episode to the spring of 1521 and focuses on the Siege of Tenochtitlan, the final Spanish-Aztec struggle. It names Hernán Cortés and the Aztec emperor Cuauhtémoc, while also highlighting the impact of smallpox.",2284,https://pdst.fm/e/traffic.megaphone.fm/GLT1796642529.mp3?updated=1699093669,https://open.spotify.com/search/The%20Rest%20Is%20History%20390.%20The%20Fall%20of%20the%20Aztecs%3A%20War%20to%20the%20Death%20%28Part%207%29,7e553172-7a41-11ee-b598-8fb3cbb1e7af
391,391. The Fall of the Aztecs: The Last Emperor (Part 8),2023-11-23,1521,1540,1521 – 1540,Latin America,Early Modern,Empire & Colonialism; War & Military; Politics & Power,Cuauhtemoc; Hernán Cortés; Malinche,true,The Fall of the Aztecs,8,false,high,"The description centers on the fall of Tenochtitlan and the aftermath of the Spanish conquest, beginning with Cortés's triumph in 1521 and covering the fates of Cuauhtemoc, Cortés, and Malinche and Mexico in the following decades.",3395,https://pdst.fm/e/traffic.megaphone.fm/GLT2984940365.mp3?updated=1699093693,https://open.spotify.com/search/The%20Rest%20Is%20History%20391.%20The%20Fall%20of%20the%20Aztecs%3A%20The%20Last%20Emperor%20%28Part%208%29,bbfaae94-7a41-11ee-897e-476549f76756
392,392. JFK: The Road to the White House (Part 1),2023-11-27,1917,1963,1917 – 1963,United States,Postwar,Biography; Politics & Power; Sex & Scandal; Assassination,John F. Kennedy; Lee Harvey Oswald; Jacqueline Bouvier,true,JFK,1,false,high,"The episode is anchored by JFK’s life and death, especially his upbringing, illness, romances and path toward the White House, culminating in the assassination on 22 November 1963. References to Oswald, American politics and the Cold War confirm a mid-20th-century focus.",2874,https://pdst.fm/e/traffic.megaphone.fm/GLT3759679497.mp3?updated=1700748935,https://open.spotify.com/search/The%20Rest%20Is%20History%20392.%20JFK%3A%20The%20Road%20to%20the%20White%20House%20%28Part%201%29,761018a8-830e-11ee-a13e-5bb031c065b5
393,"393. JFK: Cuba, Camelot and the Cold War (Part 2)",2023-11-28,1950,1963,1950 – 1963,United States,Postwar,Biography; Politics & Power; War & Military; Assassination,John F. Kennedy,true,JFK,2,false,high,"The description focuses on Kennedy's political career from the late 1950s, his presidency beginning in January 1961, and his assassination in Dallas, while covering events including the Bay of Pigs, Cuban missile crisis, Space Race and Vietnam War.",3242,https://pdst.fm/e/traffic.megaphone.fm/GLT9682768005.mp3?updated=1700749003,https://open.spotify.com/search/The%20Rest%20Is%20History%20393.%20JFK%3A%20Cuba%2C%20Camelot%20and%20the%20Cold%20War%20%28Part%202%29,ae22f75a-830f-11ee-815f-4be001c149a7
394,394. JFK: Death in Dallas (Part 3),2023-11-30,1963,1963,1963,United States,Postwar,Assassination; Crime & Mystery; Politics & Power,John F. Kennedy,true,JFK,3,false,high,"The description explicitly dates the episode to Friday, 22nd November 1963 and focuses on the moment-by-moment assassination of President Kennedy in Dallas, including its aftermath.",2599,https://pdst.fm/e/traffic.megaphone.fm/GLT6387392381.mp3?updated=1701022619,https://open.spotify.com/search/The%20Rest%20Is%20History%20394.%20JFK%3A%20Death%20in%20Dallas%20%28Part%203%29,260db52c-8395-11ee-87fb-cf4a48be2ff7
395,395. JFK: Hunt for a Killer (Part 4),2023-12-04,1963,1963,1963,United States,Postwar,Assassination; Crime & Mystery; Politics & Power; Espionage,John F. Kennedy,true,JFK,4,false,high,"The description explicitly dates the central event to “Friday 22nd November 1963” and focuses on President John F. Kennedy’s assassination, the hunt for his killer, and possible involvement by Cubans, Communists, or the CIA.",2705,https://pdst.fm/e/traffic.megaphone.fm/GLT1345279222.mp3?updated=1700749081,https://open.spotify.com/search/The%20Rest%20Is%20History%20395.%20JFK%3A%20Hunt%20for%20a%20Killer%20%28Part%204%29,b7678588-87bf-11ee-bfb2-73426338d90f
396,396. JFK: The Second Assassin Strikes (Part 5),2023-12-05,1963,1963,1963,United States,Postwar,Assassination; Crime & Mystery; Politics & Power,John F. Kennedy; Lee Harvey Oswald; Jack Ruby,true,JFK,5,false,high,"The episode explicitly focuses on President Kennedy's assassination and the events on 24th November 1963, when Jack Ruby shot Lee Harvey Oswald. The description identifies the central figures as Kennedy, Oswald, and Ruby and places the story in the immediate aftermath of the assassination.",2417,https://pdst.fm/e/traffic.megaphone.fm/GLT7803941061.mp3?updated=1700845231,https://open.spotify.com/search/The%20Rest%20Is%20History%20396.%20JFK%3A%20The%20Second%20Assassin%20Strikes%20%28Part%205%29,6a8566ac-89e7-11ee-9ff3-db68b1c63b61
397,397. JFK: A Conspiracy Unmasked (Part 6),2023-12-07,1950,1963,1950 – 1963,United States,Postwar,Assassination; Crime & Mystery; Politics & Power; Espionage,John F. Kennedy; Lee Harvey Oswald; Jack Ruby; Lyndon B. Johnson; Richard Nixon,true,JFK,6,false,high,"The episode centers on JFK's assassination and the killing of Lee Harvey Oswald by Jack Ruby on 24 November 1963, while also covering the conspiracy theories rooted in American society in the 1950s and 1960s.",3490,https://pdst.fm/e/traffic.megaphone.fm/GLT4318220159.mp3?updated=1700749154,https://open.spotify.com/search/The%20Rest%20Is%20History%20397.%20JFK%3A%20A%20Conspiracy%20Unmasked%20%28Part%206%29,f2a6efe8-87c0-11ee-bc87-834fef123192
398,398. JFK: The Mystery is Solved (Part 7),2023-12-11,1963,1963,1963,United States,Postwar,Assassination; Crime & Mystery; Politics & Power,John F. Kennedy,true,JFK,7,false,high,"The episode focuses on the Kennedy assassination, explicitly discussing who killed President Kennedy, the murderer's journey to the killing ground, and its political secrets in the 1950s and 1960s. The central event is JFK's 1963 assassination in the United States.",3081,https://pdst.fm/e/traffic.megaphone.fm/GLT6409828878.mp3?updated=1702048064,https://open.spotify.com/search/The%20Rest%20Is%20History%20398.%20JFK%3A%20The%20Mystery%20is%20Solved%20%28Part%207%29,66565d3a-8770-11ee-a697-33414c53b472
399,399. The Savage Storm: World War II and The Battle for Italy,2023-12-14,1943,1943,1943,Italy,World Wars & Interwar,War & Military; Politics & Power,,false,,,false,high,"The description explicitly identifies the focus as the Battle for Italy in 1943 during the Second World War, including the Allied invasion of Italy in September and the campaign up the peninsula.",2955,https://pdst.fm/e/traffic.megaphone.fm/GLT8130436942.mp3?updated=1702491427,https://open.spotify.com/search/The%20Rest%20Is%20History%20399.%20The%20Savage%20Storm%3A%20World%20War%20II%20and%20The%20Battle%20for%20Italy,2fa27fce-9384-11ee-bacc-afa2fdf9b1cc
400,400. Victorian Britain's Maddest Mystery,2023-12-18,1854,1874,1854 – 1874,Britain,Long 19th Century,Crime & Mystery; Empire & Colonialism; Sex & Scandal,Roger Tichborne; Arthur Orton,false,,,true,high,"The episode is anchored by Roger Tichborne's shipwreck and presumed death in 1854, followed twenty years later by Arthur Orton's claim and the ensuing Victorian trial. The description explicitly calls it a case of Victorian England and highlights mystery, race, empire, and class in 19th-century British society.",2735,https://pdst.fm/e/traffic.megaphone.fm/GLT4466006716.mp3?updated=1703066755,https://open.spotify.com/search/The%20Rest%20Is%20History%20400.%20Victorian%20Britain%27s%20Maddest%20Mystery,47c9109c-98ff-11ee-ac36-a3f3cfd8d47b
401,401. Windrush: The Story of Black Britain,2023-12-21,1948,1948,1948,Britain,Postwar,Empire & Colonialism; Politics & Power,,false,,,false,high,"The episode is anchored by the HMT Windrush voyage and docking in June 1948, described as a seminal and foundational moment in the history of Black Britain. Although it discusses the communities and long-term significance that followed, the dominant focus is the 1948 event itself.",3000,https://pdst.fm/e/traffic.megaphone.fm/GLT4826407019.mp3?updated=1703118131,https://open.spotify.com/search/The%20Rest%20Is%20History%20401.%20Windrush%3A%20The%20Story%20of%20Black%20Britain,b675a898-8397-11ee-a063-a75f738b108e
402,402. Christmas: Pagan or Christian?,2023-12-25,-100,400,100 BCE – 400,Mediterranean,Ancient,Religion & Church; Culture & Arts,,false,,,false,medium,"The episode focuses on Christmas's origins in the Roman Empire, including the Roman festival of Saturnalia, the cult of Sol Invictus, and Mithraism. These traditions place the main historical focus broadly in the late BCE and early CE Roman world.",3531,https://pdst.fm/e/traffic.megaphone.fm/GLT8329172184.mp3?updated=1703508615,https://open.spotify.com/search/The%20Rest%20Is%20History%20402.%20Christmas%3A%20Pagan%20or%20Christian%3F,f204ec30-a29f-11ee-85c1-07c6dda834cb
403,403. The Mystery of the Pregnant Pope,2023-12-28,850,900,850 – 900,Italy,Medieval,Religion & Church; Politics & Power; Sex & Scandal; Biography,Joan (the Popess); Pope John VIII,false,,,false,medium,"The description explicitly frames the story in the “medieval Church” and identifies Joan as rising to become Pope John VIII, placing the main focus in the ninth-century medieval papacy. The Vatican and papal setting make Italy the dominant region, though the story also involves an English woman and wider European politics.",2853,https://pdst.fm/e/traffic.megaphone.fm/GLT1981561492.mp3?updated=1703726604,https://open.spotify.com/search/The%20Rest%20Is%20History%20403.%20The%20Mystery%20of%20the%20Pregnant%20Pope,0b2e9e88-9b6e-11ee-8faa-0bdd0306ae30
404,404. The Nazis in Power: The Night of the Long Knives (Part 1),2024-01-01,1934,1934,1934,Germany,World Wars & Interwar,Politics & Power; War & Military; Ideology; Assassination,Adolf Hitler; Ernst Röhm,true,The Nazis in Power,1,true,high,"The description explicitly dates the central event to “the 30th of June 1934” and discusses Hitler’s consolidation of power after becoming Chancellor in 1933. It focuses on the Nazi factional struggle, the SA and SS, and the purge known as the Night of the Long Knives.",3308,https://pdst.fm/e/traffic.megaphone.fm/GLT3861584466.mp3?updated=1729781069,https://open.spotify.com/search/The%20Rest%20Is%20History%20404.%20The%20Nazis%20in%20Power%3A%20The%20Night%20of%20the%20Long%20Knives%20%28Part%201%29,5175d774-a66a-11ee-bf7f-b315e6eb6a64
405,405. The Nazis in Power: The Nuremberg Rallies (Part 2),2024-01-04,1934,1934,1934,Germany,World Wars & Interwar,Politics & Power; Ideology; Culture & Arts,Adolf Hitler; Joseph Goebbels,true,The Nazis in Power,2,true,high,"The description explicitly dates the central event to September 1934, when the Nazis held their sixth annual party conference at Nuremberg. It focuses on Hitler’s ideological vision, Goebbels’s propaganda machine, and Nazi indoctrination in the build-up to the Second World War.",3185,https://pdst.fm/e/traffic.megaphone.fm/GLT8681167377.mp3?updated=1729781109,https://open.spotify.com/search/The%20Rest%20Is%20History%20405.%20The%20Nazis%20in%20Power%3A%20The%20Nuremberg%20Rallies%20%28Part%202%29,d0214900-a66a-11ee-b4a0-9b10a9c74f50
406,406. The Nazis in Power: Hitler’s Road to War (Part 3),2024-01-08,1928,1939,1928 – 1939,Germany,World Wars & Interwar,War & Military; Politics & Power; Ideology; Diplomacy,Adolf Hitler,true,The Nazis in Power,3,false,high,"The description explicitly says Hitler had been planning for war since 1928 and focuses on Nazi rearmament, expansion of the Third Reich, and exploiting Britain and France before another war, leading up to the outbreak of the Second World War.",3555,https://pdst.fm/e/traffic.megaphone.fm/GLT6776521114.mp3?updated=1729781136,https://open.spotify.com/search/The%20Rest%20Is%20History%20406.%20The%20Nazis%20in%20Power%3A%20Hitler%E2%80%99s%20Road%20to%20War%20%28Part%203%29,eb06bce6-a97b-11ee-8b9e-3377243e2b0c
407,407. The Nazis in Power: The Conquest of Austria (Part 4),2024-01-11,1937,1938,1937 – 1938,Europe,World Wars & Interwar,Politics & Power; Empire & Colonialism; Genocide & Atrocity; Diplomacy,Adolf Hitler; Kurt Schuschnigg,true,The Nazis in Power,4,false,high,"The description explicitly anchors the episode in 1937–1938, culminating in Hitler’s ultimatum on 11 March 1938 and the German army’s annexation of Austria. It also discusses the early detention, discrimination and deportation of Vienna’s Jewish population.",3325,https://pdst.fm/e/traffic.megaphone.fm/GLT5380362144.mp3?updated=1729781149,https://open.spotify.com/search/The%20Rest%20Is%20History%20407.%20The%20Nazis%20in%20Power%3A%20The%20Conquest%20of%20Austria%20%28Part%204%29,a2348142-a97b-11ee-85ee-c787ddf68c8a
408,408. The Nazis in Power: Hitler's Dream (Part 5),2024-01-15,1933,1945,1933 – 1945,Germany,World Wars & Interwar,Ideology; Genocide & Atrocity; Politics & Power; Science & Technology,Adolf Hitler,true,The Nazis in Power,5,false,high,"The episode is anchored in Nazi Germany's July 1933 compulsory-sterilisation law and discusses the escalating racial sterilisation, euthanasia, and extermination program, placing the dominant focus in the Nazi era through the Second World War. Its discussion of 19th-century Darwinism and older racial ideals provides ideological background rather than the main period.",3188,https://pdst.fm/e/traffic.megaphone.fm/GLT6100029744.mp3?updated=1729781181,https://open.spotify.com/search/The%20Rest%20Is%20History%20408.%20The%20Nazis%20in%20Power%3A%20Hitler%27s%20Dream%20%28Part%205%29,245ab7e2-b320-11ee-abf3-c7ea58eb1802
409,409. The Nazis in Power: Hitler's War on the Jews (Part 6),2024-01-16,1933,1939,1933 – 1939,Germany,World Wars & Interwar,Genocide & Atrocity; Politics & Power; Ideology,Adolf Hitler,true,The Nazis in Power,6,false,high,"The description focuses on Nazi persecution of Jews in the Reich, including the 1936 Berlin Olympics and the escalation in the lead-up to the Second World War, anchoring the episode to roughly 1933–1939.",3108,https://pdst.fm/e/traffic.megaphone.fm/GLT9460111455.mp3?updated=1729781195,https://open.spotify.com/search/The%20Rest%20Is%20History%20409.%20The%20Nazis%20in%20Power%3A%20Hitler%27s%20War%20on%20the%20Jews%20%28Part%206%29,8c06a55c-b403-11ee-9317-e72a74ba0bd5
410,410. The Nazis in Power: The Night of Broken Glass (Part 7),2024-01-18,1938,1938,1938,Germany,World Wars & Interwar,Genocide & Atrocity; Politics & Power; War & Military,Adolf Hitler,true,The Nazis in Power,7,false,high,"The description repeatedly anchors the episode in November and late 1938, focusing on the build-up to and violence of Kristallnacht, while mentioning Hitler's ambitions and the growing threat of another world war.",2684,https://pdst.fm/e/traffic.megaphone.fm/GLT5771265943.mp3?updated=1729781221,https://open.spotify.com/search/The%20Rest%20Is%20History%20410.%20The%20Nazis%20in%20Power%3A%20The%20Night%20of%20Broken%20Glass%20%28Part%207%29,017adc58-b559-11ee-99f8-5b28ee5ab07c
411,411. The Man in the Iron Mask,2024-01-22,1669,1703,1669 – 1703,France,Early Modern,Crime & Mystery; Monarchy & Royalty; Politics & Power,Louis XIV,false,,,false,high,"The description explicitly places the mystery in the late 17th century during Louis XIV's reign and describes the prisoner's movement between prisons, conventionally dating the Man in the Iron Mask story to roughly 1669–1703.",2905,https://pdst.fm/e/traffic.megaphone.fm/GLT3787137343.mp3?updated=1705679615,https://open.spotify.com/search/The%20Rest%20Is%20History%20411.%20The%20Man%20in%20the%20Iron%20Mask,c50615ee-b5f8-11ee-9a54-47e05876843a
412,"412. Romans in Space: Star Wars, Dune and Beyond...",2024-01-25,-509,476,509 BCE – 476,Italy,Ancient,Culture & Arts; Literature; Politics & Power; Empire & Colonialism,,false,,,false,medium,"The episode focuses on Roman history as reflected in popular culture, including the transition from a Republic to an Empire and the 'fall of the Roman Empire.' The description explicitly frames the discussion around Roman history, while noting that Julius Caesar and Augustus are not themselves the subject.",3200,https://pdst.fm/e/traffic.megaphone.fm/GLT3832078172.mp3?updated=1706183833,https://open.spotify.com/search/The%20Rest%20Is%20History%20412.%20Romans%20in%20Space%3A%20Star%20Wars%2C%20Dune%20and%20Beyond...,37e8e1d0-bab9-11ee-8e9b-8368a68c24ca
413,413. The Peasants' Revolt: England Erupts (Part 1),2024-01-29,1381,1381,1381,Britain,Medieval,Revolution; Politics & Power; Monarchy & Royalty; Economics & Trade,Richard II; Wat Tyler,true,,,false,high,"The description explicitly dates the uprising to 1381 and focuses on the Peasants’ Revolt in southern England, including the siege of London and the confrontation between Richard II and Wat Tyler.",3146,https://pdst.fm/e/traffic.megaphone.fm/GLT8198769595.mp3?updated=1706483816,https://open.spotify.com/search/The%20Rest%20Is%20History%20413.%20The%20Peasants%27%20Revolt%3A%20England%20Erupts%20%28Part%201%29,58ba519c-bc43-11ee-9835-db03853888d6
414,414. The Peasants’ Revolt: London’s Burning (Part 2),2024-02-01,1381,1381,1381,Britain,Medieval,Revolution; Politics & Power; Monarchy & Royalty; War & Military,Wat Tyler; Richard II,true,,,false,high,"The description explicitly dates the events to “the 13th of June 1381” and focuses on the Peasants’ Revolt in London, including Wat Tyler’s rebels and the young King Richard II.",3042,https://pdst.fm/e/traffic.megaphone.fm/GLT6726049231.mp3?updated=1706795730,https://open.spotify.com/search/The%20Rest%20Is%20History%20414.%20The%20Peasants%E2%80%99%20Revolt%3A%20London%E2%80%99s%20Burning%20%28Part%202%29,b8076d84-bc42-11ee-b756-b337b9686287
415,415. The Murder of Richard II (Part 3),2024-02-05,1377,1400,1377 – 1400,Britain,Medieval,Politics & Power; Monarchy & Royalty; War & Military,Richard II,true,,,false,high,"The description focuses on Richard II's reign, including the Peasants' Revolt of 1381, his deposition, and his mysterious death. Richard ruled from 1377 until his deposition in 1399 and died in 1400, placing the episode firmly in the medieval period.",3237,https://pdst.fm/e/traffic.megaphone.fm/GLT6435684837.mp3?updated=1706885536,https://open.spotify.com/search/The%20Rest%20Is%20History%20415.%20The%20Murder%20of%20Richard%20II%20%28Part%203%29,8c04792e-bc43-11ee-a68c-6feda6df087e
416,416. The Canterbury Tales (Part 4),2024-02-08,1340,1400,1340 – 1400,Britain,Medieval,Literature; Biography; War & Military; Politics & Power,Geoffrey Chaucer; Edward III; John of Gaunt,true,,,false,high,"The description centers on Geoffrey Chaucer’s life and work in “14th century England,” including the Hundred Years’ War, the Black Death, London politics, and the Peasants’ Revolt. Chaucer’s stated lifetime and the events discussed place the focus roughly in 1340–1400.",3195,https://pdst.fm/e/traffic.megaphone.fm/GLT1956280616.mp3?updated=1706885602,https://open.spotify.com/search/The%20Rest%20Is%20History%20416.%20The%20Canterbury%20Tales%20%28Part%204%29,f26ae1f8-bc43-11ee-8e46-17076e75f220
417,417. Britain in 1974: State of Emergency (Part 1),2024-02-12,1974,1974,1974,Britain,Postwar,Politics & Power; Economics & Trade; War & Military,,true,Britain in 1974,1,false,high,"The description explicitly focuses on Britain in 1974, including two general elections, the three-day week, trade-union conflict, the miners' strike, and the impact of the Yom Kippur War on oil prices.",3467,https://pdst.fm/e/traffic.megaphone.fm/GLT6761791949.mp3?updated=1707753485,https://open.spotify.com/search/The%20Rest%20Is%20History%20417.%20Britain%20in%201974%3A%20State%20of%20Emergency%20%28Part%201%29,45ca8846-c1ab-11ee-a826-6b2abd358b04
418,418. Britain in 1974: The Crisis Election (Part 2),2024-02-13,1974,1974,1974,Britain,Postwar,Politics & Power; Economics & Trade; Terrorism,Edward Heath; Harold Wilson; Jeremy Thorpe; Enoch Powell,true,Britain in 1974,2,false,high,"The episode is explicitly titled “Britain in 1974” and describes the February 1974 election, including Edward Heath, Harold Wilson, Jeremy Thorpe and Enoch Powell, amid economic chaos and an IRA attack.",2937,https://pdst.fm/e/traffic.megaphone.fm/GLT9690615062.mp3?updated=1707747695,https://open.spotify.com/search/The%20Rest%20Is%20History%20418.%20Britain%20in%201974%3A%20The%20Crisis%20Election%20%28Part%202%29,7d6c230e-c1ab-11ee-a4a2-d36d6d9ebb45
419,419. Britain in 1974: Countdown to a Coup (Part 3),2024-02-15,1974,1974,1974,Britain,Postwar,Politics & Power; Economics & Trade; Espionage; Sex & Scandal,Harold Wilson; Marcia Williams,true,Britain in 1974,3,false,high,"The description explicitly focuses on the February 1974 election, Harold Wilson's first 1974 government, and crises occurring throughout that year. References to suspected KGB involvement and Wilson's relationship with Marcia Williams support the espionage and sex-and-scandal themes.",3795,https://pdst.fm/e/traffic.megaphone.fm/GLT2033018212.mp3?updated=1707747735,https://open.spotify.com/search/The%20Rest%20Is%20History%20419.%20Britain%20in%201974%3A%20Countdown%20to%20a%20Coup%20%28Part%203%29,bbbcbc7c-c1ab-11ee-be4a-1ffb47b3b17f
420,420. Britain in 1974: Thatcher Enters the Ring (Part 4),2024-02-16,1974,1974,1974,Britain,Postwar,Politics & Power; Crime & Mystery; Economics & Trade; Monarchy & Royalty,Harold Wilson; Edward Heath; Margaret Thatcher,true,Britain in 1974,4,false,high,"The description explicitly identifies the episode as the conclusion to a series on “one of the maddest years in British history, 1974,” and discusses the 5 October 1974 Guildford Pub Bombings and the general election five days later. Its focus is Britain’s political, economic, and security crisis during that year.",2951,https://pdst.fm/e/traffic.megaphone.fm/GLT2799978515.mp3?updated=1708044521,https://open.spotify.com/search/The%20Rest%20Is%20History%20420.%20Britain%20in%201974%3A%20Thatcher%20Enters%20the%20Ring%20%28Part%204%29,e5f39eca-c1ab-11ee-b07f-b3673c7063d2
421,421. Ancient Carthage: Lords of the Sea (Part 1),2024-02-19,-1200,-146,1200 BCE – 146 BCE,Mediterranean,Ancient,Exploration & Discovery; Economics & Trade; War & Military; Empire & Colonialism,Cato the Elder,true,Ancient Carthage,1,false,medium,"The description focuses on the Phoenicians as “the first masters of the Mediterranean,” the emergence of Carthage, and its conflict with Rome. The broad ancient span runs from the Phoenician origins and early seafaring world to Carthage’s eventual destruction, associated with Cato the Elder’s campaign against the city.",3497,https://pdst.fm/e/traffic.megaphone.fm/GLT1311066631.mp3?updated=1708310361,https://open.spotify.com/search/The%20Rest%20Is%20History%20421.%20Ancient%20Carthage%3A%20Lords%20of%20the%20Sea%20%28Part%201%29,44fd67b0-cc1b-11ee-a76b-1f473ed7eb9a
422,422. Ancient Carthage: Rise of a Superpower (Part 2),2024-02-22,-900,-200,900 BCE – 200 BCE,Mediterranean,Ancient,Politics & Power; Empire & Colonialism; War & Military; Economics & Trade,,true,Ancient Carthage,2,false,high,"The description explicitly dates Carthage's flourishing to “between the ninth and second centuries BC,” with its rise as a naval and mercantile power especially developed by the sixth and third centuries BC.",3211,https://pdst.fm/e/traffic.megaphone.fm/GLT7946297144.mp3?updated=1708537688,https://open.spotify.com/search/The%20Rest%20Is%20History%20422.%20Ancient%20Carthage%3A%20Rise%20of%20a%20Superpower%20%28Part%202%29,d52dcf36-cc1c-11ee-9576-2b961b812eb2
423,423. Carthage vs. Rome: The Wolf at the Gates (Part 3),2024-02-26,-390,-264,390 BCE – 264 BCE,Mediterranean,Ancient,War & Military; Politics & Power; Empire & Colonialism,Pyrrhus,true,Carthage vs. Rome,3,false,high,"The description anchors the episode in the ancient Mediterranean, beginning with the Sack of Rome by Gauls in 390 BC and tracing Rome's rise through the completion of its conquest of Italy around 285 BC to the impending war with Carthage ten years later. Pyrrhus is the principal named historical figure.",2969,https://pdst.fm/e/traffic.megaphone.fm/GLT2669872613.mp3?updated=1708964126,https://open.spotify.com/search/The%20Rest%20Is%20History%20423.%20Carthage%20vs.%20Rome%3A%20The%20Wolf%20at%20the%20Gates%20%28Part%203%29,1091daf4-cc1d-11ee-b84f-0f850e9d20ac
424,424. Carthage vs. Rome: Total War (Part 4),2024-02-29,-264,-241,264 BCE – 241 BCE,Mediterranean,Ancient,War & Military; Empire & Colonialism; Politics & Power,,true,Carthage vs. Rome,4,false,high,"The description explicitly identifies the outbreak of the First Punic War, beginning with the conflict at Messina in 263 BC and lasting over two decades. The episode focuses on the Rome–Carthage conflict conventionally dated to 264–241 BC.",3210,https://pdst.fm/e/traffic.megaphone.fm/GLT9312780357.mp3?updated=1708623379,https://open.spotify.com/search/The%20Rest%20Is%20History%20424.%20Carthage%20vs.%20Rome%3A%20Total%20War%20%28Part%204%29,6347d3de-cc1d-11ee-b146-6fc74d0f25b8
425,425. The History Of Chocolate,2024-03-04,-1500,1900,1500 BCE – 1900,Europe,Early Modern,Economics & Trade; Culture & Arts; Science & Technology; Religion & Church,Montezuma; Hernán Cortés,false,,,false,medium,"The description spans chocolate's Mesoamerican domestication around 1500 BC, its European introduction in the 16th century, and industrial production in the 19th century. The narrative's principal arc is chocolate's spread through Europe and transformation into a mass-market food.",2847,https://pdst.fm/e/traffic.megaphone.fm/GLT9203655246.mp3?updated=1709546956,https://open.spotify.com/search/The%20Rest%20Is%20History%20425.%20The%20History%20Of%20Chocolate,ebdba3ba-d7bc-11ee-a76f-33acb36bb32a
426,426. History's Greatest Monkeys,2024-03-07,0,0,Undated,Global,Undated,Culture & Arts; War & Military; Science & Technology,,false,,,false,high,"The description explicitly spans “throughout human history,” moving from antiquity and a 5th-century BC military grave through Regency London and the Napoleonic Wars to WWII and modern Hollywood. It is therefore a broad thematic episode rather than one dominant historical period.",3501,https://pdst.fm/e/traffic.megaphone.fm/GLT5532014348.mp3?updated=1709802504,https://open.spotify.com/search/The%20Rest%20Is%20History%20426.%20History%27s%20Greatest%20Monkeys,7340bd92-d7e3-11ee-8ac9-1b4a20576ab2
427,427. Titanic: The Tragedy Begins (Part 1),2024-03-11,1900,1912,1900 – 1912,Britain,Long 19th Century,Disaster & Plague; Economics & Trade; Science & Technology; Biography,J.P. Morgan; Thomas Ismay; William Pirrie,true,Titanic,1,true,high,"The episode explicitly focuses on the Titanic’s construction and sinking in April 1912, while describing the financial, technological, immigration, and transatlantic rivalries of the 1900s. Its central figures are identified as J.P. Morgan, Thomas Ismay, and William Pirrie, with Belfast and New York as pivotal locations.",2800,https://pdst.fm/e/traffic.megaphone.fm/GLT3124111041.mp3?updated=1710109452,https://open.spotify.com/search/The%20Rest%20Is%20History%20427.%20Titanic%3A%20The%20Tragedy%20Begins%20%28Part%201%29,c2f98f62-dc93-11ee-84ce-0be94f6402e7
428,428. Titanic: Kings of the World (Part 2),2024-03-12,1909,1912,1909 – 1912,Britain,Long 19th Century,Disaster & Plague; Science & Technology; Economics & Trade; Biography,Edward Smith,true,Titanic,2,true,high,"The description focuses on the Titanic's construction, Edwardian luxury, passengers and crew, and Captain Edward Smith, culminating in the ship's 1912 disaster. References to the 'late Gilded Age' and 'Edwardian' period anchor the episode around 1909–1912.",3024,https://pdst.fm/e/traffic.megaphone.fm/GLT7773063166.mp3?updated=1710109933,https://open.spotify.com/search/The%20Rest%20Is%20History%20428.%20Titanic%3A%20Kings%20of%20the%20World%20%28Part%202%29,1afb6820-dc94-11ee-865f-0381664506e2
429,429. Titanic: Countdown to Disaster (Part 3),2024-03-14,1912,1912,1912,Britain,Long 19th Century,Disaster & Plague; Biography; Sex & Scandal,J.J. Astor; Ben Guggenheim; J.P. Morgan; Joseph Laroche,true,Titanic,3,true,high,The description explicitly dates the Titanic's departure from Southampton to 10 April 1912 and focuses on the passengers aboard during the four-day voyage before the sinking. The Southampton setting and British ship context support Britain as the dominant region.,2796,https://pdst.fm/e/traffic.megaphone.fm/GLT1273657377.mp3?updated=1710410949,https://open.spotify.com/search/The%20Rest%20Is%20History%20429.%20Titanic%3A%20Countdown%20to%20Disaster%20%28Part%203%29,89c3c842-dc94-11ee-9b20-27d574f26c2f
430,430. Titanic: The Iceberg Strikes (Part 4),2024-03-18,1912,1912,1912,Britain,Long 19th Century,Disaster & Plague; Science & Technology,,true,Titanic,4,true,high,The description explicitly dates the episode to Sunday 14 April 1912 and recounts the Titanic's collision with an iceberg and final hours. Its focus on the ship's sophisticated communications machine and passengers anchors it in the 1912 maritime disaster.,2618,https://pdst.fm/e/traffic.megaphone.fm/GLT2129072034.mp3?updated=1710526023,https://open.spotify.com/search/The%20Rest%20Is%20History%20430.%20Titanic%3A%20The%20Iceberg%20Strikes%20%28Part%204%29,ca49b1ba-dc94-11ee-8206-53a500ab6d78
431,431. Titanic: Nightmare at Midnight (Part 5),2024-03-19,1912,1912,1912,Europe,Long 19th Century,Disaster & Plague; Sex & Scandal,,true,Titanic,5,true,high,"The description explicitly dates the disaster to “the 14th of April 1912” and focuses on Titanic’s collision with an iceberg, the lifeboats, and the resulting deaths. The North Atlantic setting and the ship’s European historical context support using Europe as the dominant region.",3803,https://pdst.fm/e/traffic.megaphone.fm/GLT2941711597.mp3?updated=1710797587,https://open.spotify.com/search/The%20Rest%20Is%20History%20431.%20Titanic%3A%20Nightmare%20at%20Midnight%20%28Part%205%29,ef57dff4-dc94-11ee-b5af-9b6e25b68ace
432,432. Titanic: The Survivors (Part 6),2024-03-21,1912,1912,1912,Europe,Long 19th Century,Disaster & Plague; Crime & Mystery; Culture & Arts,J. Bruce Ismay; Molly Brown,true,Titanic,6,true,high,"The episode is explicitly about the aftermath of the Titanic's sinking, which occurred in 1912, including survivor reactions, the investigation, blame, and the reputations of J. Bruce Ismay and Molly Brown. The reference to James Cameron's 1995 film is secondary to the 1912 disaster.",3273,https://pdst.fm/e/traffic.megaphone.fm/GLT4613169046.mp3?updated=1710797624,https://open.spotify.com/search/The%20Rest%20Is%20History%20432.%20Titanic%3A%20The%20Survivors%20%28Part%206%29,5f9f6570-dc95-11ee-b571-6fafb799026c
433,433. Luther: The Man Who Changed the World (Part 1),2024-03-25,1483,1517,1483 – 1517,Germany,Early Modern,Religion & Church; Revolution; Biography; Politics & Power,Martin Luther,true,Luther,1,false,high,"The description explicitly dates the Reformation's launch to 1517 and focuses on Martin Luther's early life, upbringing in Saxony, and the religious environment preceding his challenge to the Catholic Church.",2968,https://pdst.fm/e/traffic.megaphone.fm/GLT7298373279.mp3?updated=1711317562,https://open.spotify.com/search/The%20Rest%20Is%20History%20433.%20Luther%3A%20The%20Man%20Who%20Changed%20the%20World%20%28Part%201%29,1515e050-e60f-11ee-8203-572d209680ac
434,434. Luther: The Revolution Begins (Part 2),2024-03-28,1505,1517,1505 – 1517,Germany,Early Modern,Religion & Church; Revolution; Biography,Martin Luther,true,Luther,2,false,high,"The episode focuses on Luther’s transformation from lawyer to monk and his developing theology at Wittenberg, culminating in the events leading up to the Ninety-Five Theses and the sale of indulgences by Johann Tetzel. These events place the main focus in the early 16th century, especially before and around 1517.",2928,https://pdst.fm/e/traffic.megaphone.fm/GLT4080973410.mp3?updated=1711540975,https://open.spotify.com/search/The%20Rest%20Is%20History%20434.%20Luther%3A%20The%20Revolution%20Begins%20%28Part%202%29,d627c3d6-e6ae-11ee-acff-17c707ca19ad
435,435. Luther: The Battle Against Satan (Part 3),2024-03-31,1517,1518,1517 – 1518,Germany,Early Modern,Religion & Church; Revolution; Biography; Politics & Power,Martin Luther,true,Luther,3,false,high,"The description anchors the episode three years after Luther’s 1517 publication of the Ninety-Five Theses and culminates in his August 1518 summons to Augsburg, where he met Cardinal Thomas Cajetan. Its focus is Luther’s Reformation and challenge to the Catholic Church.",3540,https://pdst.fm/e/traffic.megaphone.fm/GLT9360370091.mp3?updated=1711652238,https://open.spotify.com/search/The%20Rest%20Is%20History%20435.%20Luther%3A%20The%20Battle%20Against%20Satan%20%28Part%203%29,f890fe1a-e78a-11ee-8492-075b13b25481
436,436. Luther: Showdown with the Emperor (Part 4),2024-04-01,1521,1521,1521,Germany,Early Modern,Religion & Church; Politics & Power; Biography,Martin Luther; Charles V,true,Luther,4,false,high,"The description explicitly centers on “the Diet of Worms in April 1521” and repeatedly identifies “Martin Luther at the Diet of Worms in 1521.” Its focus on Luther’s confrontation with Emperor Charles V makes religion, politics, and biography the dominant themes.",3533,https://pdst.fm/e/traffic.megaphone.fm/GLT5159022101.mp3?updated=1712045087,https://open.spotify.com/search/The%20Rest%20Is%20History%20436.%20Luther%3A%20Showdown%20with%20the%20Emperor%20%28Part%204%29,4a7f0a64-e78b-11ee-8ea2-63b960d67e06
437,437. Luther: A World Torn Apart (Part 5),2024-04-03,1521,1525,1521 – 1525,Germany,Early Modern,Religion & Church; Revolution; War & Military; Biography,Martin Luther; Frederick III; Andreas Karlstadt; Thomas Müntzer,true,Luther,5,false,high,"The description anchors the episode in Luther’s time at the Wartburg and the uprising that began in May 1524, including the German Peasants’ War and his subsequent marriage in 1525. Its focus is the religious revolution and Reformation in early sixteenth-century Germany.",4129,https://pdst.fm/e/traffic.megaphone.fm/GLT3328267667.mp3?updated=1711276960,https://open.spotify.com/search/The%20Rest%20Is%20History%20437.%20Luther%3A%20A%20World%20Torn%20Apart%20%28Part%205%29,8306db78-e78b-11ee-8c69-8b75cad0bc23
438,"438. The Moonwalkers, with Tom Hanks",2024-04-07,1962,1969,1962 – 1969,United States,Postwar,Science & Technology; Exploration & Discovery; Politics & Power,John F. Kennedy; Neil Armstrong; Buzz Aldrin,false,,,false,high,"The description explicitly anchors the episode in Kennedy's September 1962 Rice University speech and culminates with Apollo 11 and Neil Armstrong's first step on the Moon on July 21, 1969. Its focus is the U.S. Apollo programme and the Space Race, including the Apollo 1 and Apollo 13 disasters.",4108,https://pdst.fm/e/traffic.megaphone.fm/GLT1422432857.mp3?updated=1712609922,https://open.spotify.com/search/The%20Rest%20Is%20History%20438.%20The%20Moonwalkers%2C%20with%20Tom%20Hanks,092a65c6-f4de-11ee-a293-d79f158d3142
439,439. Disco: Sex and Race in Seventies America,2024-04-10,1970,1979,1970 – 1979,United States,Postwar,Music; Sex & Scandal; Culture & Arts; Politics & Power,David Mancuso,false,,,false,high,"The description explicitly frames Disco as a phenomenon of the 1970s, beginning with David Mancuso's New York party and culminating in Disco Demolition on 12 July 1979. Its focus on sex, race, sexuality, drugs, and the Civil Rights and gay-rights contexts supports the selected themes.",3561,https://pdst.fm/e/traffic.megaphone.fm/GLT8206137792.mp3?updated=1712764022,https://open.spotify.com/search/The%20Rest%20Is%20History%20439.%20Disco%3A%20Sex%20and%20Race%20in%20Seventies%20America,d62b9942-f681-11ee-a334-5f73bf52a242
440,"440. Lord Byron: Mad, Bad and Dangerous to Know (Part 1)",2024-04-14,1788,1812,1788 – 1812,Britain,Long 19th Century,Biography; Literature; Sex & Scandal,Lord Byron,true,Lord Byron,1,true,medium,"The description focuses on Lord Byron’s birth, troubled upbringing, and controversial adolescence, placing the main story in the early 19th century amid the “Napoleonic era.” The endpoint is approximate because the description does not specify a precise closing year for Part 1.",3237,https://pdst.fm/e/traffic.megaphone.fm/GLT4389862746.mp3?updated=1712939145,https://open.spotify.com/search/The%20Rest%20Is%20History%20440.%20Lord%20Byron%3A%20Mad%2C%20Bad%20and%20Dangerous%20to%20Know%20%28Part%201%29,689b7044-f683-11ee-95b1-c30ae4edcc4d
441,"441. Lord Byron: Scandal, Sex and Celebrity (Part 2)",2024-04-17,1809,1811,1809 – 1811,Europe,Long 19th Century,Biography; Sex & Scandal; Culture & Arts; Exploration & Discovery,Lord Byron; Napoleon Bonaparte; Ali Pasha,true,Lord Byron,2,true,high,"The description explicitly dates the episode from Byron’s departure in 1809 through his return to England in 1811, covering his travels through Portugal, Albania, Constantinople and Greece. It focuses on Byron’s celebrity, eroticism, literary career and encounters during the Napoleonic era.",3490,https://pdst.fm/e/traffic.megaphone.fm/GLT1954408695.mp3?updated=1712939288,https://open.spotify.com/search/The%20Rest%20Is%20History%20441.%20Lord%20Byron%3A%20Scandal%2C%20Sex%20and%20Celebrity%20%28Part%202%29,db73a21c-f683-11ee-97c2-bf8dd04ac4ba
442,442. Lord Byron: Dangerous Liaisons (Part 3),2024-04-21,1812,1816,1812 – 1816,Britain,Long 19th Century,Biography; Sex & Scandal; Literature,Lord Byron; Lady Caroline Lamb; Annabella Milbanke; Augusta Leigh; Lady Melbourne,true,Lord Byron,3,true,high,"The episode focuses on Byron’s return to England, the publication of Childe Harold’s Pilgrimage, his affairs and marriage, and the scandal that drove him from England, dating primarily to 1812–1816.",3519,https://pdst.fm/e/traffic.megaphone.fm/GLT1176702097.mp3?updated=1713098396,https://open.spotify.com/search/The%20Rest%20Is%20History%20442.%20Lord%20Byron%3A%20Dangerous%20Liaisons%20%28Part%203%29,338dd4cc-f684-11ee-a7b7-774f9f7c551e
443,443. Lord Byron: Death of a Vampire (Part 4),2024-04-24,1816,1824,1816 – 1824,Europe,Long 19th Century,Biography; Literature; Sex & Scandal; Revolution,Lord Byron; Percy Bysshe Shelley; Mary Shelley,true,Lord Byron,4,true,high,"The episode focuses on Byron’s exile and relationships from the summer of 1816, including his literary circle in Geneva, through his support for Greek independence and final journey to Kefalonia, where he died in 1824.",3274,https://pdst.fm/e/traffic.megaphone.fm/GLT3247503776.mp3?updated=1713543415,https://open.spotify.com/search/The%20Rest%20Is%20History%20443.%20Lord%20Byron%3A%20Death%20of%20a%20Vampire%20%28Part%204%29,d917d01e-f684-11ee-a073-eba5d4099191
444,444. The First Emperor of China,2024-04-28,-246,-210,246 BCE – 210 BCE,China,Ancient,Politics & Power; War & Military; Monarchy & Royalty; Empire & Colonialism,Qin Shi Huang,false,,,false,high,"The episode focuses on Qin Shi Huang’s reign, his conquest of rival states, and the establishment of the Chinese Empire, conventionally dated from his accession in 246 BCE to his death in 210 BCE. References to Mao and 20th-century Chinese Communism are comparative rather than the primary focus.",3678,https://pdst.fm/e/traffic.megaphone.fm/GLT5076517033.mp3?updated=1714341064,https://open.spotify.com/search/The%20Rest%20Is%20History%20444.%20The%20First%20Emperor%20of%20China,dbf5a7d0-fe35-11ee-b83c-cb50f4260b13
445,445. The Habsburgs: Secrets of a Dynasty,2024-05-01,1273,1918,1273 – 1918,Europe,Early Modern,Monarchy & Royalty; Politics & Power; Diplomacy; Empire & Colonialism,Charles V; Rudolph of Habsburg; Maximilian I; Mary of Burgundy,false,,,false,high,"The description dates the first great Habsburg's rise to Rudolph becoming King of the Romans in 1273, then emphasizes their ascendancy from 1500 under Maximilian I and Charles V, with their empires lasting into the twentieth century. The dominant narrative is the dynasty's early modern expansion and rule across central Europe.",3389,https://pdst.fm/e/traffic.megaphone.fm/GLT9923460597.mp3?updated=1714615267,https://open.spotify.com/search/The%20Rest%20Is%20History%20445.%20The%20Habsburgs%3A%20Secrets%20of%20a%20Dynasty,aee20522-0254-11ef-bb7a-2bc4cbf3ca74
446,446. Custer vs. Crazy Horse: Civil War (Part 1),2024-05-05,1862,1868,1862 – 1868,United States,Long 19th Century,War & Military; Politics & Power; Biography; Genocide & Atrocity,Crazy Horse; George A. Custer,true,Custer vs. Crazy Horse,1,true,high,"The description explicitly identifies the main subject as the American Indian Wars of 1862–68, while also discussing Custer’s Civil War service and Reconstruction-era politics. The episode is centered on the rival figures Crazy Horse and George A. Custer.",3513,https://pdst.fm/e/traffic.megaphone.fm/GLT9088781244.mp3?updated=1714926980,https://open.spotify.com/search/The%20Rest%20Is%20History%20446.%20Custer%20vs.%20Crazy%20Horse%3A%20Civil%20War%20%28Part%201%29,cadccf14-07d6-11ef-9885-bfb7cb522bf8
447,447. Custer vs. Crazy Horse: The Winning of the West (Part 2),2024-05-06,1865,1876,1865 – 1876,United States,Long 19th Century,War & Military; Empire & Colonialism; Politics & Power; Biography,George Custer; Crazy Horse; Andrew Johnson; Ulysses S. Grant,true,Custer vs. Crazy Horse,2,true,medium,"The description anchors the episode after the American Civil War's close in April 1865 and follows Custer's campaigns against the Cheyenne and other Indigenous peoples, culminating in a massacre; the title identifies the Custer–Crazy Horse conflict. The endpoint is inferred from the episode's focus on the major Custer/Crazy Horse campaigns rather than stated explicitly.",3985,https://pdst.fm/e/traffic.megaphone.fm/GLT1593887977.mp3?updated=1715070354,https://open.spotify.com/search/The%20Rest%20Is%20History%20447.%20Custer%20vs.%20Crazy%20Horse%3A%20The%20Winning%20of%20the%20West%20%28Part%202%29,331ec726-07d7-11ef-b346-5f270c926112
448,448. Custer vs. Crazy Horse: Horse-Lords of the Plains (Part 3),2024-05-08,1866,1877,1866 – 1877,United States,Long 19th Century,War & Military; Empire & Colonialism; Biography; Culture & Arts,Crazy Horse; George A. Custer; Red Cloud,true,Custer vs. Crazy Horse,3,true,medium,"The description focuses on Crazy Horse, Custer, the Lakota Sioux, and their resistance to the U.S. Government during the American Indian Wars, including conflict prompted by forts, telegraph lines, railroads, and reservations. The episode is best placed in the late 1860s through Crazy Horse's death in 1877, although no exact dates are stated.",2968,https://pdst.fm/e/traffic.megaphone.fm/GLT4947798648.mp3?updated=1715072213,https://open.spotify.com/search/The%20Rest%20Is%20History%20448.%20Custer%20vs.%20Crazy%20Horse%3A%20Horse-Lords%20of%20the%20Plains%20%28Part%203%29,6dcd8006-07d7-11ef-8ff5-b33ac7aac8cb
449,449. Custer vs. Crazy Horse: Rise of Sitting Bull (Part 4),2024-05-12,1860,1876,1860 – 1876,United States,Long 19th Century,War & Military; Empire & Colonialism; Biography,Sitting Bull; Crazy Horse; George Armstrong Custer; Red Cloud,true,Custer vs. Crazy Horse,4,true,medium,"The episode focuses on Sitting Bull’s rise and war against the U.S. government, anchored by the post-Fetterman Fight conflicts and the description’s reference to events beginning 'by 1860' and Custer’s imminent arrival. The range extends through the 1870s Plains wars implied by the Custer narrative.",2944,https://pdst.fm/e/traffic.megaphone.fm/GLT2415947095.mp3?updated=1715183920,https://open.spotify.com/search/The%20Rest%20Is%20History%20449.%20Custer%20vs.%20Crazy%20Horse%3A%20Rise%20of%20Sitting%20Bull%20%28Part%204%29,85db75ea-07d7-11ef-9454-bb8cb79cf1bf
450,450. Custer's Last Stand: Death in the Black Hills (Part 5),2024-05-15,1865,1873,1865 – 1873,United States,Long 19th Century,War & Military; Empire & Colonialism; Biography; Politics & Power,George Custer; Sitting Bull; Crazy Horse,true,Custer's Last Stand,5,true,high,"The description is anchored in post-Civil War Reconstruction and explicitly dates the Northern Pacific expedition and Custer's first encounter with Sitting Bull and Crazy Horse to 1873. It focuses on Custer's career, Lakota resistance, and U.S. government plans against the Lakota in the late 1860s and early 1870s.",3393,https://pdst.fm/e/traffic.megaphone.fm/GLT1497339770.mp3?updated=1715612784,https://open.spotify.com/search/The%20Rest%20Is%20History%20450.%20Custer%27s%20Last%20Stand%3A%20Death%20in%20the%20Black%20Hills%20%28Part%205%29,89f1cbf2-0c55-11ef-a8ea-0350eba44397
451,451. Custer's Last Stand: The Charge of the 7th Cavalry (Part 6),2024-05-16,1873,1876,1873 – 1876,United States,Long 19th Century,War & Military; Politics & Power; Biography,George Custer; Ulysses S. Grant; Crazy Horse; Sitting Bull,true,Custer's Last Stand,6,true,high,"The description explicitly dates the events to the economic depression of 1873 and the summer of 1876, focusing on the campaigns leading to the Battle of the Rosebud and Little Bighorn. It specifically centers on George Custer, Ulysses S. Grant, Crazy Horse, and Sitting Bull.",3642,https://pdst.fm/e/traffic.megaphone.fm/GLT4301705603.mp3?updated=1716163669,https://open.spotify.com/search/The%20Rest%20Is%20History%20451.%20Custer%27s%20Last%20Stand%3A%20The%20Charge%20of%20the%207th%20Cavalry%20%28Part%206%29,3f55980a-0d2a-11ef-b71d-2b611308c700
452,452. Custer's Last Stand: The Battle of the Little Bighorn (Part 7),2024-05-20,1876,1876,1876,United States,Long 19th Century,War & Military; Empire & Colonialism,George Custer; Crazy Horse; Sitting Bull,true,Custer's Last Stand,7,true,high,"The description explicitly dates the events to June 22–24 and refers to the 4th of July centenary, anchoring the Battle of the Little Bighorn in 1876. It focuses on Custer's campaign against the Lakota and their allies and the battle itself.",3664,https://pdst.fm/e/traffic.megaphone.fm/GLT7290391290.mp3?updated=1716164561,https://open.spotify.com/search/The%20Rest%20Is%20History%20452.%20Custer%27s%20Last%20Stand%3A%20The%20Battle%20of%20the%20Little%20Bighorn%20%28Part%207%29,3e1bf360-163c-11ef-b0e7-970acae362a9
453,453. Custer's Last Stand: The Final Showdown (Part 8),2024-05-22,1876,1876,1876,United States,Long 19th Century,War & Military; Biography; Politics & Power,George A. Custer; Crazy Horse; Sitting Bull,true,Custer's Last Stand,8,true,high,"The description explicitly anchors the episode to the Battle of the Little Bighorn on 26 June 1876 and its immediate aftermath, focusing on Custer, Crazy Horse, and Sitting Bull.",3857,https://pdst.fm/e/traffic.megaphone.fm/GLT8261745977.mp3?updated=1716402472,https://open.spotify.com/search/The%20Rest%20Is%20History%20453.%20Custer%27s%20Last%20Stand%3A%20The%20Final%20Showdown%20%28Part%208%29,d044d542-0e06-11ef-84be-db5182840b12
454,454. Fall of the Sioux: Death of Crazy Horse (Part 1),2024-05-26,1876,1877,1876 – 1877,United States,Long 19th Century,War & Military; Empire & Colonialism; Genocide & Atrocity; Biography,Crazy Horse; Sitting Bull; Red Cloud; George Armstrong Custer,true,Fall of the Sioux,1,true,high,"The description centers on the aftermath of the Battle of Little Bighorn and the winter of 1877 campaign against the Lakota, culminating in Crazy Horse's downfall and death. It explicitly discusses the annihilation of the Plains Indians and the dissolution of their way of life.",3179,https://pdst.fm/e/traffic.megaphone.fm/GLT1647500583.mp3?updated=1716885922,https://open.spotify.com/search/The%20Rest%20Is%20History%20454.%20Fall%20of%20the%20Sioux%3A%20Death%20of%20Crazy%20Horse%20%28Part%201%29,24358e2e-1908-11ef-afec-5f3ed0488f1b
455,455. Fall of the Sioux: The Ghost Dance (Part 2),2024-05-29,1883,1890,1883 – 1890,United States,Long 19th Century,Empire & Colonialism; Religion & Church; War & Military; Biography,Sitting Bull,true,Fall of the Sioux,2,true,high,"The description explicitly dates Sitting Bull's return to the Standing Rock Reservation to 1883 and focuses on the birth of the Ghost Dance, culminating in the late-19th-century repression of the Lakota. It is primarily about Sitting Bull's post–Little Bighorn life and the U.S. Government's destruction and control of the Plains.",2690,https://pdst.fm/e/traffic.megaphone.fm/GLT2320133118.mp3?updated=1716889721,https://open.spotify.com/search/The%20Rest%20Is%20History%20455.%20Fall%20of%20the%20Sioux%3A%20The%20Ghost%20Dance%20%28Part%202%29,997e8230-1908-11ef-8e54-2fa2b57c8909
456,456. Fall of the Sioux: The Massacre at Wounded Knee (Part 3),2024-05-30,1876,1890,1876 – 1890,United States,Long 19th Century,War & Military; Religion & Church; Politics & Power; Genocide & Atrocity,Sitting Bull,true,Fall of the Sioux,3,true,high,"The episode is anchored in the years following the Battle of the Little Bighorn (1876) and culminates in the Wounded Knee massacre (1890), with Sitting Bull's fate as a central narrative. The description specifically discusses the Ghost Dance, the American Indian Wars, and the Lakota Sioux.",3735,https://pdst.fm/e/traffic.megaphone.fm/GLT7996658277.mp3?updated=1716571435,https://open.spotify.com/search/The%20Rest%20Is%20History%20456.%20Fall%20of%20the%20Sioux%3A%20The%20Massacre%20at%20Wounded%20Knee%20%28Part%203%29,de93f13e-1908-11ef-b331-87a4d07faed4
457,457. Helen of Troy: Queen of the Greek Myths (Part 1),2024-06-02,-1250,-1180,1250 BCE – 1180 BCE,Mediterranean,Ancient,Culture & Arts; Literature; War & Military; Biography,Helen of Troy; Paris,true,Helen of Troy,1,false,low,"The description explicitly centers on Helen of Troy, the Trojan Wars, Homer, the Iliad, and the world of the Ancient Greeks. Because this is primarily mythological and gives no firm dates, the Trojan War is assigned an approximate traditional Late Bronze Age range.",3127,https://pdst.fm/e/traffic.megaphone.fm/GLT7058693674.mp3?updated=1717377472,https://open.spotify.com/search/The%20Rest%20Is%20History%20457.%20Helen%20of%20Troy%3A%20Queen%20of%20the%20Greek%20Myths%20%28Part%201%29,1dda1fe2-1dcf-11ef-8af5-f3d78fbf51dd
458,458. Helen of Troy: A Family of Blood (Part 2),2024-06-05,-1300,-1100,1300 BCE – 1100 BCE,Mediterranean,Ancient,War & Military; Monarchy & Royalty; Sex & Scandal; Literature,Clytemnestra; Agamemnon; Helen of Troy; Heinrich Schliemann,true,Helen of Troy,2,false,medium,"The episode centers on Mycenae, Agamemnon, Clytemnestra, and the Trojan Wars, placing its dominant focus in the Mycenaean/Greek heroic age, conventionally around 1300–1100 BCE. The description also mentions Schliemann's archaeological discovery in 1870, but this frames the ancient story rather than replacing it as the main focus.",2944,https://pdst.fm/e/traffic.megaphone.fm/GLT7255356131.mp3?updated=1717361381,https://open.spotify.com/search/The%20Rest%20Is%20History%20458.%20Helen%20of%20Troy%3A%20A%20Family%20of%20Blood%20%28Part%202%29,4fbea500-1dcf-11ef-9077-abf60148f47d
459,"459. The Suit, Savile Row, and Smartly Dressed Men",2024-06-09,1350,1900,1350 – 1900,Britain,Long 19th Century,Culture & Arts; Politics & Power; Ideology; Monarchy & Royalty,Charles I; Beau Brummell; Geoffrey Chaucer,false,,,false,medium,"The description traces the suit from its stated origins in “14th century Latin Christendom” through the English Civil War, the 18th-century highwaymen and pirates, the Napoleonic Wars, Beau Brummell, and the origins of Savile Row. Britain is the dominant setting, especially through references to Charles I, English fashion, and London.",3514,https://pdst.fm/e/traffic.megaphone.fm/GLT8912379704.mp3?updated=1717951459,https://open.spotify.com/search/The%20Rest%20Is%20History%20459.%20The%20Suit%2C%20Savile%20Row%2C%20and%20Smartly%20Dressed%20Men,6fa109e6-240d-11ef-8be8-0b269b20bff8
460,460. The Empress of the Apocalypse,2024-06-12,972,1002,972 – 1002,Byzantine,Medieval,Monarchy & Royalty; Politics & Power; Empire & Colonialism; Biography,Theophanu; Otto the Great; Otto II; Otto III,false,,,false,high,"The episode is centered on Theophanu, who was sent to marry Otto the Great's son in 972 and later fought to secure her son's position as emperor. The description places the story in the late 10th century, amid struggles between the Byzantines, the Islamic world, and the Latin West.",3206,https://pdst.fm/e/traffic.megaphone.fm/GLT9103397168.mp3?updated=1718239019,https://open.spotify.com/search/The%20Rest%20Is%20History%20460.%20The%20Empress%20of%20the%20Apocalypse,be329cfa-240d-11ef-bc7e-7f4551732c03
,Rubicon: The Triumph and Tragedy of the Roman Republic (Extract),2024-06-13,-133,-27,133 BCE – 27 BCE,Italy,Ancient,Politics & Power; War & Military; Slavery; Biography,Julius Caesar; Cicero; Spartacus; Cleopatra,false,,,false,high,"The description focuses on the Roman Republic “at the climax of its greatness” and its fall, centring on Julius Caesar, Cicero, Spartacus, and Cleopatra in the final century BCE. The events around Caesar’s crossing of the Rubicon and the Republic’s collapse anchor the period broadly from the late 2nd century BCE to 27 BCE.",1531,https://pdst.fm/e/traffic.megaphone.fm/GLT5047152909.mp3?updated=1718312065,https://open.spotify.com/search/The%20Rest%20Is%20History%20Rubicon%3A%20The%20Triumph%20and%20Tragedy%20of%20the%20Roman%20Republic%20%28Extract%29,fd2648b2-29b7-11ef-9be6-2f00e125fda2
461,461. Dragons,2024-06-16,0,0,Undated,Global,Undated,Culture & Arts; Religion & Church,,false,,,false,high,"The episode is a broad thematic history of dragon mythology, tracing traditions from 'early antiquity' through Greek, Roman, Chinese, biblical, Norse, and modern fantasy representations. It does not have a single dominant historical period, so it is best treated as undated.",3256,https://pdst.fm/e/traffic.megaphone.fm/GLT6416738853.mp3?updated=1718583039,https://open.spotify.com/search/The%20Rest%20Is%20History%20461.%20Dragons,20e10ec8-2c32-11ef-a9d8-7fcf499edddd
462,462. St George: Dragon-Slayer,2024-06-19,-300,1700,300 BCE – 1700,Europe,Medieval,Religion & Church; Monarchy & Royalty; Culture & Arts; Biography,Saint George; Edward I; Henry VIII,false,,,false,medium,"The description dates the earliest historical George to the “3rd century BC” and then traces his cult through the “medieval era,” the Reformation, Tudor pageantry, and the 17th century. The dominant narrative is the evolution of a Christian martyr’s legend and his use by English monarchs.",3007,https://pdst.fm/e/traffic.megaphone.fm/GLT5334319363.mp3?updated=1718815298,https://open.spotify.com/search/The%20Rest%20Is%20History%20462.%20St%20George%3A%20Dragon-Slayer,c7a0360c-2963-11ef-8a52-8bbcf81e4dcd
463,463. Mad Elections (Part 1),2024-06-23,1690,1900,1690 – 1900,Britain,Early Modern,Politics & Power; Crime & Mystery; Sex & Scandal,,true,,,false,high,"The description focuses on British elections from the rise of party politics in the 1690s through examples in 1698, 1705, and 1865, ending with the Victorian era and pre-20th-century elections. The dominant focus spans the late Early Modern and 19th-century periods rather than lying wholly between 1800 and 1934.",3164,https://pdst.fm/e/traffic.megaphone.fm/GLT4220133865.mp3?updated=1718982280,https://open.spotify.com/search/The%20Rest%20Is%20History%20463.%20Mad%20Elections%20%28Part%201%29,88469588-2e2b-11ef-8e7c-afeeeca1e50e
464,464. Modern British Elections (Part 2),2024-06-26,1900,2024,1900 – 2024,Britain,Postwar,Politics & Power; Biography,Winston Churchill; Clement Attlee; Margaret Thatcher; Harold Wilson; Tony Blair,true,,,false,high,"The description explicitly traces British election campaigning “from the 20th century through to the present day,” with detailed examples from Churchill and Attlee in 1945, Wilson in 1964, Thatcher in 1983, and later leaders. The emphasis is predominantly post-1945 British electoral politics.",3240,https://pdst.fm/e/traffic.megaphone.fm/GLT4046145085.mp3?updated=1719421973,https://open.spotify.com/search/The%20Rest%20Is%20History%20464.%20Modern%20British%20Elections%20%28Part%202%29,f7628c7e-2f11-11ef-915b-47d256ff57ad
,Dynasty: The Rise and Fall of the House of Caesar (Extract),2024-06-27,-44,68,44 BCE – 68,Italy,Ancient,Politics & Power; Monarchy & Royalty; Empire & Colonialism; Sex & Scandal,Augustus; Tiberius; Caligula; Claudius; Nero,false,,,false,high,"The description explicitly says the story opens with “the murder of Julius Caesar” and runs from “the rise of Augustus through to the death of Nero,” placing the focus around 44 BCE–68 CE. It concerns Rome’s “first imperial dynasty” and the five Caesars, with emphasis on imperial rule, intrigue, murder, and decadence.",2038,https://pdst.fm/e/traffic.megaphone.fm/GLT3462283785.mp3?updated=1719520293,https://open.spotify.com/search/The%20Rest%20Is%20History%20Dynasty%3A%20The%20Rise%20and%20Fall%20of%20the%20House%20of%20Caesar%20%28Extract%29,8b00b2ce-34c3-11ef-9d02-1f02b4571377
465,465. The Murder of Franz Ferdinand: The Killer (Part 1),2024-06-30,1900,1914,1900 – 1914,Eastern Europe,World Wars & Interwar,Assassination; War & Military; Politics & Power; Empire & Colonialism,Franz Ferdinand; Gavrilo Princip,true,The Murder of Franz Ferdinand,1,true,high,"The episode focuses on Gavrilo Princip’s life in early-1900s Sarajevo and the assassination of Franz Ferdinand in June 1914, which helped set in motion the First World War. Its regional focus is rural Serbia, Sarajevo, and the Austro-Hungarian Empire.",3885,https://pdst.fm/e/traffic.megaphone.fm/GLT8626991580.mp3?updated=1719791043,https://open.spotify.com/search/The%20Rest%20Is%20History%20465.%20The%20Murder%20of%20Franz%20Ferdinand%3A%20The%20Killer%20%28Part%201%29,abb9a078-3736-11ef-a103-5b0720497ff5
466,466. The Murder of Franz Ferdinand: The Conspiracy (Part 2),2024-07-03,1914,1914,1914,Eastern Europe,World Wars & Interwar,Assassination; Politics & Power; Revolution; War & Military,Gavrilo Princip; Franz Ferdinand,true,The Murder of Franz Ferdinand,2,true,high,"The episode focuses on the conspiracy leading to the murder of Franz Ferdinand, explicitly described as a murder that “sent shockwaves through the world,” with Gavrilo Princip and the Black Hand at its centre. These events culminated in the assassination in 1914 amid tensions in the Balkans and the Habsburg Empire.",3301,https://pdst.fm/e/traffic.megaphone.fm/GLT2060941792.mp3?updated=1720023414,https://open.spotify.com/search/The%20Rest%20Is%20History%20466.%20The%20Murder%20of%20Franz%20Ferdinand%3A%20The%20Conspiracy%20%28Part%202%29,d34f9a24-394e-11ef-b913-df1c28e9125e
467,467. The Murder of Franz Ferdinand: The Victim (Part 3),2024-07-07,1914,1914,1914,Europe,World Wars & Interwar,Assassination; Monarchy & Royalty; War & Military; Biography,"Franz Ferdinand; Sophie, Duchess of Hohenberg",true,The Murder of Franz Ferdinand,3,true,high,"The description centers on Franz Ferdinand and Sophie’s 1914 military inspection in Sarajevo, explicitly identifying the assassination as the event that 'sent millions of men to war.' The references to the Austro-Hungarian Empire, the Balkans, and Sarajevo anchor the episode in Europe immediately before the First World War.",3482,https://pdst.fm/e/traffic.megaphone.fm/GLT9071060087.mp3?updated=1720382139,https://open.spotify.com/search/The%20Rest%20Is%20History%20467.%20The%20Murder%20of%20Franz%20Ferdinand%3A%20The%20Victim%20%28Part%203%29,f482d41c-3c97-11ef-a35c-d77e7843e792
468,468. The Murder of Franz Ferdinand: The Crime (Part 4),2024-07-10,1914,1914,1914,Eastern Europe,World Wars & Interwar,Assassination; Crime & Mystery; Politics & Power; War & Military,Franz Ferdinand; Sophie; Gavrilo Princip,true,The Murder of Franz Ferdinand,4,true,high,"The episode is explicitly set in Sarajevo on 28 June 1914 and describes the assassination attempts against Archduke Franz Ferdinand, culminating in Gavrilo Princip completing the mission.",3634,https://pdst.fm/e/traffic.megaphone.fm/GLT1158335154.mp3?updated=1720521521,https://open.spotify.com/search/The%20Rest%20Is%20History%20468.%20The%20Murder%20of%20Franz%20Ferdinand%3A%20The%20Crime%20%28Part%204%29,ffedb928-3d0c-11ef-9633-ff2274a0c121
469,469. The Road to The Great War: Countdown to Armageddon (Part 1),2024-07-14,1871,1914,1871 – 1914,Europe,World Wars & Interwar,War & Military; Politics & Power; Diplomacy; Assassination,"Archduke Franz Ferdinand; Sophie, Duchess of Hohenberg; Gavrilo Princip; Edward Grey",true,The Road to The Great War,1,true,high,"The episode focuses on the July Crisis and the outbreak of the First World War in 1914, beginning with the assassination of Franz Ferdinand and Sophie in Sarajevo. Its wider background includes the rise of Germany, the Austro-Hungarian Empire, Balkan tensions, and the pre-war alliance system.",2920,https://pdst.fm/e/traffic.megaphone.fm/GLT3669608632.mp3?updated=1721008019,https://open.spotify.com/search/The%20Rest%20Is%20History%20469.%20The%20Road%20to%20The%20Great%20War%3A%20Countdown%20to%20Armageddon%20%28Part%201%29,db1a39f6-3ddd-11ef-9153-b37127418dd2
470,470. The Road to The Great War: The Kaiser’s Blank Cheque (Part 2),2024-07-17,1914,1914,1914,Europe,World Wars & Interwar,War & Military; Politics & Power; Diplomacy; Monarchy & Royalty,Kaiser Wilhelm II; Franz Ferdinand; Franz Joseph I,true,The Road to The Great War,2,true,high,"The episode is anchored explicitly to the assassination of Franz Ferdinand on 28 June 1914 and the Kaiser’s 5 July 1914 Blank Cheque to Austria, describing the immediate road to the First World War.",2708,https://pdst.fm/e/traffic.megaphone.fm/GLT1054108569.mp3?updated=1721262147,https://open.spotify.com/search/The%20Rest%20Is%20History%20470.%20The%20Road%20to%20The%20Great%20War%3A%20The%20Kaiser%E2%80%99s%20Blank%20Cheque%20%28Part%202%29,abafede4-3e0c-11ef-a664-ab1e2f10336f
471,471. The Road to The Great War: The Austrian Ultimatum (Part 3),2024-07-18,1914,1914,1914,Europe,World Wars & Interwar,War & Military; Politics & Power; Diplomacy; Empire & Colonialism,Nicholas II,true,The Road to The Great War,3,true,high,"The description is anchored to the meetings and events of July 1914, including the Franco-Russian summit and Austria-Hungary’s Ultimatum to Serbia, which it says helped bring about the First World War.",3160,https://pdst.fm/e/traffic.megaphone.fm/GLT1171003479.mp3?updated=1721346208,https://open.spotify.com/search/The%20Rest%20Is%20History%20471.%20The%20Road%20to%20The%20Great%20War%3A%20The%20Austrian%20Ultimatum%20%28Part%203%29,d56902e2-4523-11ef-93b2-07163fd21443
472,472. The Road to The Great War: Britain's Fateful Choice (Part 4),2024-07-21,1914,1914,1914,Britain,World Wars & Interwar,War & Military; Politics & Power; Diplomacy; Empire & Colonialism,Edward Grey,true,The Road to The Great War,4,true,high,"The episode is anchored explicitly in “the 24th of July 1914” and discusses Britain’s response to Austria’s Ultimatum during the diplomatic countdown to the First World War. The description focuses on the British Cabinet, Sir Edward Grey, and Britain’s imperial and alliance politics.",3225,https://pdst.fm/e/traffic.megaphone.fm/GLT6983892157.mp3?updated=1721723355,https://open.spotify.com/search/The%20Rest%20Is%20History%20472.%20The%20Road%20to%20The%20Great%20War%3A%20Britain%27s%20Fateful%20Choice%20%28Part%204%29,08dd41ec-3ea3-11ef-a926-4b502a7939f2
473,473. The Road to The Great War: The Tsar Chooses War (Part 5),2024-07-24,1914,1914,1914,Europe,World Wars & Interwar,War & Military; Diplomacy; Politics & Power; Assassination,Franz Joseph; Sir Edward Grey,true,The Road to The Great War,5,true,high,"The description explicitly follows events after Austria's ultimatum on 25 July 1914, the declaration of war on Serbia, and the immediate lead-up to the First World War. It also references the assassination of the Archduke and diplomatic efforts by Sir Edward Grey.",3329,https://pdst.fm/e/traffic.megaphone.fm/GLT1322848845.mp3?updated=1721861492,https://open.spotify.com/search/The%20Rest%20Is%20History%20473.%20The%20Road%20to%20The%20Great%20War%3A%20The%20Tsar%20Chooses%20War%20%28Part%205%29,244b75c0-3e9e-11ef-b109-53ec1714dde8
474,474. The Road to The Great War: The Lights Go Out (Part 6),2024-07-25,1914,1914,1914,Europe,World Wars & Interwar,War & Military; Politics & Power; Diplomacy; Monarchy & Royalty,George V,true,The Road to The Great War,6,true,high,"The description explicitly places the episode in the “early days of August 1914” and identifies it as the final instalment on “the outbreak of the First World War.” The diplomatic crisis involves George V, the Kaiser, Britain, France, and Germany.",4072,https://pdst.fm/e/traffic.megaphone.fm/GLT2293540702.mp3?updated=1721953753,https://open.spotify.com/search/The%20Rest%20Is%20History%20474.%20The%20Road%20to%20The%20Great%20War%3A%20The%20Lights%20Go%20Out%20%28Part%206%29,7b2808b2-3ea9-11ef-920c-4fdbef8c2e11
475,475. The French Revolution: Marie Antoinette (Part 1),2024-07-28,1770,1789,1770 – 1789,France,Early Modern,Revolution; Monarchy & Royalty; Biography; Sex & Scandal,Marie Antoinette; Louis XVI,true,The French Revolution,1,false,high,"The description focuses on Marie Antoinette's arrival from Austria at age fifteen, her marriage to the future Louis XVI, and the outbreak and first years of the French Revolution. These references anchor the episode broadly from her arrival in France in 1770 to the Revolution's outbreak in 1789.",3351,https://pdst.fm/e/traffic.megaphone.fm/GLT3119389535.mp3?updated=1729780273,https://open.spotify.com/search/The%20Rest%20Is%20History%20475.%20The%20French%20Revolution%3A%20Marie%20Antoinette%20%28Part%201%29,e7b36f9e-45b6-11ef-b95c-bf3d690adb33
476,476. The French Revolution: The Diamond Necklace Scandal (Part 2),2024-07-29,1785,1786,1785 – 1786,France,Early Modern,Sex & Scandal; Monarchy & Royalty; Politics & Power; Crime & Mystery,Marie Antoinette; Louis XVI; Jeanne de la Motte; Louis-René de Rohan; Alessandro Cagliostro,true,The French Revolution,2,false,high,"The episode explicitly dates the scandal to August 1785 and describes its repercussions for Louis XVI, Marie Antoinette, and the French monarchy during the rising tide of the French Revolution.",3118,https://pdst.fm/e/traffic.megaphone.fm/GLT9914208350.mp3?updated=1729780305,https://open.spotify.com/search/The%20Rest%20Is%20History%20476.%20The%20French%20Revolution%3A%20The%20Diamond%20Necklace%20Scandal%20%28Part%202%29,a834b3ae-45bc-11ef-a3d4-bf2db107dedb
477,477. The French Revolution: The Violence Begins (Part 3),2024-07-31,1787,1792,1787 – 1792,France,Early Modern,Revolution; Politics & Power; Monarchy & Royalty; Economics & Trade,Louis XVI,true,The French Revolution,3,false,high,"The description dates the revolutionary crisis to the financial collapse of 1786, the events beginning in 1787, and Louis XVI's eventual overthrow. It explicitly frames the episode as an account of the causes behind the French Revolution, including monarchy, debt, and angry mobs.",3621,https://pdst.fm/e/traffic.megaphone.fm/GLT6535380991.mp3?updated=1729780334,https://open.spotify.com/search/The%20Rest%20Is%20History%20477.%20The%20French%20Revolution%3A%20The%20Violence%20Begins%20%28Part%203%29,53e559c6-49c6-11ef-964d-a737f1066da2
478,478. The French Revolution: Showdown in Versailles (Part 4),2024-08-01,1788,1789,1788 – 1789,France,Early Modern,Revolution; Politics & Power; Economics & Trade; Disaster & Plague,Louis XVI; Marie Antoinette; Jacques Necker,true,The French Revolution,4,false,high,"The description explicitly dates the episode from the summer of 1788 through the Estates General, National Assembly, and Tennis Court Oath in June 1789. It focuses on the French political, financial, social, and environmental crises preceding the Revolution.",4090,https://pdst.fm/e/traffic.megaphone.fm/GLT4803391126.mp3?updated=1729780496,https://open.spotify.com/search/The%20Rest%20Is%20History%20478.%20The%20French%20Revolution%3A%20Showdown%20in%20Versailles%20%28Part%204%29,f6a14ddc-49ad-11ef-9a47-83287a515126
479,479. The French Revolution: The Storming of the Bastille (Part 5),2024-08-04,1789,1789,1789,France,Early Modern,Revolution; War & Military; Politics & Power; Monarchy & Royalty,Jacques Necker,true,The French Revolution,5,false,high,"The description explicitly dates the episode to the beginning of July 1789 and focuses on the Storming of the Bastille, following the King’s dismissal of finance minister Necker and the arrival of troops in Paris.",3564,https://pdst.fm/e/traffic.megaphone.fm/GLT5485693441.mp3?updated=1729780519,https://open.spotify.com/search/The%20Rest%20Is%20History%20479.%20The%20French%20Revolution%3A%20The%20Storming%20of%20the%20Bastille%20%28Part%205%29,159508aa-4846-11ef-ba68-9fd478d8583f
480,480. The French Revolution: The Rights of Man (Part 6),2024-08-05,1789,1789,1789,France,Early Modern,Revolution; Politics & Power; Ideology,,true,The French Revolution,6,false,high,"The description explicitly focuses on the Fall of the Bastille, the Declaration of the Rights of Man, and the abolition of feudalism on 4 August 1789, anchoring the episode in the opening phase of the French Revolution.",3522,https://pdst.fm/e/traffic.megaphone.fm/GLT8413639265.mp3?updated=1729780546,https://open.spotify.com/search/The%20Rest%20Is%20History%20480.%20The%20French%20Revolution%3A%20The%20Rights%20of%20Man%20%28Part%206%29,12642d4a-4914-11ef-8e3e-03d114873326
481,481. The French Revolution: The Women's March on Versailles (Part 7),2024-08-07,1789,1789,1789,France,Early Modern,Revolution; Politics & Power; Monarchy & Royalty,Marie Antoinette; Louis XVI,true,The French Revolution,7,false,high,"The description explicitly dates the events to the summer and October of 1789 and focuses on the French Revolution's Women's March on Versailles, including tensions over Louis XVI and opposition to Marie Antoinette.",3517,https://pdst.fm/e/traffic.megaphone.fm/GLT9783455254.mp3?updated=1729780566,https://open.spotify.com/search/The%20Rest%20Is%20History%20481.%20The%20French%20Revolution%3A%20The%20Women%27s%20March%20on%20Versailles%20%28Part%207%29,1b67892e-49b3-11ef-872f-276f56988a96
482,482. The French Revolution: The Royal Family Escapes (Part 8),2024-08-08,1791,1791,1791,France,Early Modern,Revolution; Politics & Power; Monarchy & Royalty; Religion & Church,Louis XVI; Marie Antoinette; Axel von Fersen,true,The French Revolution,8,false,high,The description explicitly dates the escape to 20 June 1791 and focuses on Louis XVI and the Queen fleeing during the early French Revolution. It identifies the episode as the conclusion of a series on the early years of the French Revolution.,3892,https://pdst.fm/e/traffic.megaphone.fm/GLT3336151355.mp3?updated=1729780594,https://open.spotify.com/search/The%20Rest%20Is%20History%20482.%20The%20French%20Revolution%3A%20The%20Royal%20Family%20Escapes%20%28Part%208%29,d1d3cfb2-49c5-11ef-a6d2-07ed233b5c12
483,483. The Mysterious Case of the Ape Man,2024-08-11,1912,1912,1912,Britain,Long 19th Century,Science & Technology; Crime & Mystery; Culture & Arts,Charles Dawson,false,,,true,high,The episode is anchored by the discovery in Sussex in 1912 of the supposed Piltdown Man and the subsequent archaeological hoax investigation. The description explicitly names Charles Dawson and frames the story around the scientific and cultural impact of the find.,3021,https://pdst.fm/e/traffic.megaphone.fm/GLT8701811415.mp3?updated=1722856732,https://open.spotify.com/search/The%20Rest%20Is%20History%20483.%20The%20Mysterious%20Case%20of%20the%20Ape%20Man,d265a080-4db3-11ef-bd7e-9720ba5b6aaa
484,484. The Food that Changed the World,2024-08-14,1200,1935,1200 – 1935,Italy,Early Modern,Culture & Arts; Economics & Trade; Politics & Power,,false,,,false,medium,"The description presents a broad evolution of Italian food from the medieval period through the Renaissance, 19th-century traditions, and Mussolini’s fascist propaganda. The dominant emphasis appears to be the development of Italian culinary identity across the early modern period, rather than a narrowly 1800–1934 story.",2793,https://pdst.fm/e/traffic.megaphone.fm/GLT2872429496.mp3?updated=1723114973,https://open.spotify.com/search/The%20Rest%20Is%20History%20484.%20The%20Food%20that%20Changed%20the%20World,dd5a39e6-4db4-11ef-b5f2-c75db49302d9
485,485. Henry IV: The Usurper King (Part 1),2024-08-18,1388,1400,1388 – 1400,Britain,Medieval,Monarchy & Royalty; Politics & Power; War & Military; Biography,Henry IV; Richard II; John of Gaunt,true,Henry IV,1,false,high,"The description explicitly dates Henry’s failed rebellion against Richard II to 1388, his successful usurpation to 1399, and the Welsh uprising to autumn 1400. Its focus on Henry’s accession, reign, and rebellions places it firmly in medieval Britain.",3848,https://pdst.fm/e/traffic.megaphone.fm/GLT8868267122.mp3?updated=1724025396,https://open.spotify.com/search/The%20Rest%20Is%20History%20485.%20Henry%20IV%3A%20The%20Usurper%20King%20%28Part%201%29,4fa31b62-5da5-11ef-988f-2bd70e01e02d
486,486. Henry IV: Warrior Princes and Fat Knights (Part 2),2024-08-21,1403,1413,1403 – 1413,Britain,Medieval,War & Military; Politics & Power; Monarchy & Royalty; Biography,Henry IV; Henry Percy (Hotspur); Owain Glyndŵr; Prince Hal; Richard II,true,Henry IV,2,false,high,"The description explicitly dates the central conflict to 1403, focusing on Henry IV's struggle against Hotspur, Owain Glyndŵr's Welsh revolt, unrest involving Richard II, and the making of Prince Hal. The episode concerns Henry IV's reign and the associated revolts in the early fifteenth century.",3429,https://pdst.fm/e/traffic.megaphone.fm/GLT8391310611.mp3?updated=1724282528,https://open.spotify.com/search/The%20Rest%20Is%20History%20486.%20Henry%20IV%3A%20Warrior%20Princes%20and%20Fat%20Knights%20%28Part%202%29,497cea66-6010-11ef-846e-3771a1df6fa4
487,487. Hundred Years' War: Henry V’s Invasion of France (Part 1),2024-08-25,1415,1415,1415,France,Medieval,War & Military; Monarchy & Royalty; Politics & Power,Henry V; John the Fearless; Charles VI,true,Hundred Years' War,1,false,high,"The description explicitly dates Henry V’s siege of Harfleur to the late summer of 1415 and focuses on his invasion of France during the Hundred Years’ War. It also highlights the French civil conflict between the Burgundians and Armagnacs, with Charles VI and the Dauphin observing the crisis.",3406,https://pdst.fm/e/traffic.megaphone.fm/GLT7554933021.mp3?updated=1724590135,https://open.spotify.com/search/The%20Rest%20Is%20History%20487.%20Hundred%20Years%27%20War%3A%20Henry%20V%E2%80%99s%20Invasion%20of%20France%20%28Part%201%29,70bc8c58-62db-11ef-aa1e-8b9b009b5053
488,488. Hundred Years' War: The Road to Agincourt (Part 2),2024-08-28,1415,1415,1415,France,Medieval,War & Military; Monarchy & Royalty; Politics & Power,Henry V,true,Hundred Years' War,2,false,high,"The episode is anchored explicitly in 1415, beginning with Henry V’s departure for France on 11 August and covering the siege of Harfleur and his march toward Calais and Agincourt. Its focus is Henry V’s military campaign and claim to the French crown during the Hundred Years’ War.",3098,https://pdst.fm/e/traffic.megaphone.fm/GLT2110427983.mp3?updated=1724841234,https://open.spotify.com/search/The%20Rest%20Is%20History%20488.%20Hundred%20Years%27%20War%3A%20The%20Road%20to%20Agincourt%20%28Part%202%29,e3514630-5f9a-11ef-810a-efe6f1032b8e
489,489. Hundred Years' War: Bloodbath at Agincourt (Part 3),2024-09-01,1415,1415,1415,France,Medieval,War & Military; Monarchy & Royalty; Politics & Power,Henry V,true,Hundred Years' War,3,false,high,"The description explicitly dates the Battle of Agincourt to 1415 and focuses on the events leading up to and including the battle in France. Henry V is the central historical figure, described as the English king and commander.",3250,https://pdst.fm/e/traffic.megaphone.fm/GLT5834061192.mp3?updated=1725037473,https://open.spotify.com/search/The%20Rest%20Is%20History%20489.%20Hundred%20Years%27%20War%3A%20Bloodbath%20at%20Agincourt%20%28Part%203%29,3ba495b0-6074-11ef-9395-9fe2f5b22d47
490,490. Hundred Years' War: England Triumphant (Part 4),2024-09-04,1415,1416,1415 – 1416,France,Medieval,War & Military; Monarchy & Royalty; Politics & Power,Henry V; Duke of Orleans; Count of Armagnac,true,Hundred Years' War,4,false,high,"The description is anchored in St Crispin’s Day and the Battle of Agincourt in 1415, followed by the Count of Armagnac’s rise in Paris and Henry V’s planning of another offensive. It is explicitly described as the fourth instalment of a series on the Hundred Years’ War.",3306,https://pdst.fm/e/traffic.megaphone.fm/GLT2692942762.mp3?updated=1725452804,https://open.spotify.com/search/The%20Rest%20Is%20History%20490.%20Hundred%20Years%27%20War%3A%20England%20Triumphant%20%28Part%204%29,045ff940-6075-11ef-9609-5300ab971fbd
491,491. History's Greatest Beards: From Egyptian Queens to Medieval Conquerors (Part 1),2024-09-08,-3000,1200,3000 BCE – 1200,Mediterranean,Ancient,Culture & Arts; Monarchy & Royalty; Biography,Marcus Aurelius; Jesus; Ragnar Lothbrok; Alexander the Great,true,,,false,medium,"The episode is a broad history of beards, explicitly ranging from “Ancient Egypt” and Alexander the Great through Marcus Aurelius and Jesus to the medieval Ragnar Lothbrok. Because the description is weighted toward ancient examples while extending into the medieval period, it is classified primarily as Ancient with a wide span.",2762,https://pdst.fm/e/traffic.megaphone.fm/GLT6058938613.mp3?updated=1725837801,https://open.spotify.com/search/The%20Rest%20Is%20History%20491.%20History%27s%20Greatest%20Beards%3A%20From%20Egyptian%20Queens%20to%20Medieval%20Conquerors%20%28Part%201%29,d69368de-6c69-11ef-b577-f35add320ac8
492,492. The War on Beards: From Peter the Great to John Lennon (Part 2),2024-09-09,1700,1970,1700 – 1970,Europe,Long 19th Century,Culture & Arts; Politics & Power; Monarchy & Royalty; Meta/Podcast,Peter the Great; John Lennon; Charles Darwin; Winston Churchill; Lord Kitchener,true,,,false,medium,"The episode is framed as running 'from Peter the Great to John Lennon', with discussion ranging from Peter's beard tax and the Crimean War to Victorian beards and The Beatles. Although it begins earlier and ends after 1934, its central emphasis is the social and cultural history of beards in modern Europe.",3101,https://pdst.fm/e/traffic.megaphone.fm/GLT5427522678.mp3?updated=1725966975,https://open.spotify.com/search/The%20Rest%20Is%20History%20492.%20The%20War%20on%20Beards%3A%20From%20Peter%20the%20Great%20to%20John%20Lennon%20%28Part%202%29,d390da76-6e8b-11ef-9436-d7e1a56f1e24
493,493. Lee Miller: Exposing the Horrors of World War Two,2024-09-11,1944,1945,1944 – 1945,France,World Wars & Interwar,War & Military; Biography; Genocide & Atrocity; Culture & Arts,Lee Miller,false,,,false,high,"The episode is anchored in August 1944, during the Liberation of Paris and the siege of Saint-Malo, and follows Lee Miller’s documentation of the Nazi campaign, the Holocaust, and Hitler’s death in 1945. Its primary focus is Miller’s wartime experience in France and occupied Europe.",3677,https://pdst.fm/e/traffic.megaphone.fm/GLT1929673260.mp3?updated=1726077290,https://open.spotify.com/search/The%20Rest%20Is%20History%20493.%20Lee%20Miller%3A%20Exposing%20the%20Horrors%20of%20World%20War%20Two,a9f828f8-7062-11ef-ab8b-4bbc15fce9ad
494,494. Evita: Birth of a Legend (Part 1),2024-09-15,1919,1935,1919 – 1935,Latin America,World Wars & Interwar,Biography; Politics & Power; Culture & Arts,Eva Perón,true,Evita,1,false,medium,"The episode focuses on Eva Perón’s childhood and early career, describing her birth, her father’s death, radio soap operas, and her move to Buenos Aires to become an actor. These events place the main narrative in the interwar period, approximately from her 1919 birth to her arrival in Buenos Aires around 1935.",2474,https://pdst.fm/e/traffic.megaphone.fm/GLT9994303396.mp3?updated=1726439455,https://open.spotify.com/search/The%20Rest%20Is%20History%20494.%20Evita%3A%20Birth%20of%20a%20Legend%20%28Part%201%29,7a7091e6-7126-11ef-8bc3-27e69d5061be
495,495. Evita: The Rise of General Perón (Part 2),2024-09-18,1943,1946,1943 – 1946,Latin America,Postwar,Politics & Power; Biography; Sex & Scandal; Revolution,Juan Perón; Eva Perón,true,Evita,2,false,high,"The description anchors the episode in Argentina’s 1943 military coup, the 1944 earthquake, and Perón’s rise toward political power alongside Eva; this trajectory culminated in the immediate postwar period.",3150,https://pdst.fm/e/traffic.megaphone.fm/GLT1831793233.mp3?updated=1726677273,https://open.spotify.com/search/The%20Rest%20Is%20History%20495.%20Evita%3A%20The%20Rise%20of%20General%20Per%C3%B3n%20%28Part%202%29,8e418e62-75d8-11ef-ae1a-7344106d767b
496,496. Evita: The World's Most Powerful Woman (Part 3),2024-09-22,1943,1952,1943 – 1952,Latin America,Postwar,Politics & Power; Biography; Ideology; Monarchy & Royalty,Eva Perón; Juan Perón,true,Evita,3,false,high,"The description focuses on Eva and Colonel Perón building Peronism, Eva's role as his partner in government, and her emergence as Evita. These events center on Argentina's postwar political era, especially the 1940s and early 1950s.",2884,https://pdst.fm/e/traffic.megaphone.fm/GLT3440260328.mp3?updated=1727033647,https://open.spotify.com/search/The%20Rest%20Is%20History%20496.%20Evita%3A%20The%20World%27s%20Most%20Powerful%20Woman%20%28Part%203%29,a1e6ff2e-71d7-11ef-b33a-0b436a1f7c03
497,497. Evita: Death of a Martyr (Part 4),2024-09-23,1951,1952,1951 – 1952,Latin America,Postwar,Politics & Power; Biography; Ideology,Eva Perón; Juan Perón,true,Evita,4,false,high,"The description focuses on Evita’s deteriorating health, her supporters’ campaign for her to become Vice President, and the mass meetings occurring toward the end of her life. These events place the episode primarily around 1951–1952, ending with her death in 1952.",2756,https://pdst.fm/e/traffic.megaphone.fm/GLT5046116399.mp3?updated=1727170014,https://open.spotify.com/search/The%20Rest%20Is%20History%20497.%20Evita%3A%20Death%20of%20a%20Martyr%20%28Part%204%29,877704c6-71d8-11ef-bf17-87fd496664a3
498,498. Evita: The Mystery of the Missing Body (Part 5),2024-09-25,1952,1955,1952 – 1955,Latin America,Postwar,Biography; Politics & Power; Sex & Scandal; Crime & Mystery,Eva Perón; Juan Perón; Pedro Ara,true,Evita,5,false,high,"The description focuses on the period after Evita’s death, including her embalming, Perón’s affair, and the disappearance of her body; these events are associated with Argentina’s early 1950s, culminating in the body’s disappearance during the Perón era.",3322,https://pdst.fm/e/traffic.megaphone.fm/GLT5587823308.mp3?updated=1727284536,https://open.spotify.com/search/The%20Rest%20Is%20History%20498.%20Evita%3A%20The%20Mystery%20of%20the%20Missing%20Body%20%28Part%205%29,44c63062-71c8-11ef-9f18-43da347341dc
499,499. The Roman Conquest of Britain: Julius Caesar’s Invasion (Part 1),2024-09-29,-55,-54,55 BCE – 54 BCE,Britain,Ancient,War & Military; Empire & Colonialism; Exploration & Discovery; Biography,Julius Caesar,true,The Roman Conquest of Britain,1,false,high,"The description explicitly dates Caesar’s first invasion to 55 BC and says he returned with a larger army after the disastrous attempt, indicating the 55–54 BC campaigns. It focuses on Julius Caesar’s invasion of Britain during the Gallic Wars.",2928,https://pdst.fm/e/traffic.megaphone.fm/GLT9770560726.mp3?updated=1727648896,https://open.spotify.com/search/The%20Rest%20Is%20History%20499.%20The%20Roman%20Conquest%20of%20Britain%3A%20Julius%20Caesar%E2%80%99s%20Invasion%20%28Part%201%29,3381f002-7c22-11ef-a768-cb1e5cf32162
500,500. The Roman Conquest of Britain: The Empire Strikes Back (Part 2),2024-10-02,43,43,43,Britain,Ancient,War & Military; Empire & Colonialism; Monarchy & Royalty,Claudius,true,The Roman Conquest of Britain,2,false,high,"The description explicitly focuses on how Claudius conquered Britain in 43 AD, including the Roman attack across the Medway and advance to London. The title identifies this as Part 2 of a series on the Roman conquest of Britain.",3412,https://pdst.fm/e/traffic.megaphone.fm/GLT3137178317.mp3?updated=1727886683,https://open.spotify.com/search/The%20Rest%20Is%20History%20500.%20The%20Roman%20Conquest%20of%20Britain%3A%20The%20Empire%20Strikes%20Back%20%28Part%202%29,334fe640-80da-11ef-a960-bff8274ec2b2
501,501. The Roman Conquest of Britain: Boudicca’s Reign of Blood (Part 3),2024-10-06,60,61,60 – 61,Britain,Ancient,War & Military; Empire & Colonialism; Biography,Boudicca,true,The Roman Conquest of Britain,3,false,high,"The description explicitly dates Boudicca’s revolt to “60 AD” and describes her attacks on Colchester and London, followed by Roman revenge. The episode is primarily about Boudicca’s rebellion against Roman rule in Britain.",3263,https://pdst.fm/e/traffic.megaphone.fm/GLT3128836892.mp3?updated=1728255952,https://open.spotify.com/search/The%20Rest%20Is%20History%20501.%20The%20Roman%20Conquest%20of%20Britain%3A%20Boudicca%E2%80%99s%20Reign%20of%20Blood%20%28Part%203%29,71289a90-8434-11ef-8829-0b9cbd7b2c26
502,502. The Roman Conquest of Britain: To the Ends of the Earth (Part 4),2024-10-09,60,84,60 – 84,Britain,Ancient,War & Military; Empire & Colonialism; Politics & Power,Boudicca,true,The Roman Conquest of Britain,4,false,high,"The episode focuses on the aftermath of Boudicca’s uprising, the defeat of the Druids and Caledonians, and the Roman advance to the Highlands and Orkney. These events place the main focus broadly in the Roman conquest period from around 60 to the 80s CE.",3587,https://pdst.fm/e/traffic.megaphone.fm/GLT1970351222.mp3?updated=1728515096,https://open.spotify.com/search/The%20Rest%20Is%20History%20502.%20The%20Roman%20Conquest%20of%20Britain%3A%20To%20the%20Ends%20of%20the%20Earth%20%28Part%204%29,f638657a-865b-11ef-85ba-878d9ac61632
503,503. The French Revolution: Bloodbath in Paris (Part 1),2024-10-13,1791,1791,1791,France,Early Modern,Revolution; Politics & Power; War & Military,Louis XVI; Lafayette,true,The French Revolution,1,false,high,"The description explicitly identifies the episode as covering the Champs de Mars Massacre, after Louis XVI's failed escape to Varennes and the National Assembly's constitutional-monarchy decree; these events occurred in 1791.",3785,https://pdst.fm/e/traffic.megaphone.fm/GLT8447202194.mp3?updated=1729780235,https://open.spotify.com/search/The%20Rest%20Is%20History%20503.%20The%20French%20Revolution%3A%20Bloodbath%20in%20Paris%20%28Part%201%29,615cd29a-89b4-11ef-8a38-6f39bf50b1fa
504,504. The French Revolution: War to the Death (Part 2),2024-10-16,1792,1793,1792 – 1793,France,Early Modern,War & Military; Revolution; Politics & Power; Monarchy & Royalty,Marie Antoinette,true,The French Revolution,2,false,high,"The episode is anchored in “January 1792,” when the Gironde calls for war against Austria, and focuses on the first wars between Revolutionary France and its European rivals. The description also highlights revolutionary politics, the French royal family, and hatred of Marie Antoinette.",3662,https://pdst.fm/e/traffic.megaphone.fm/GLT3201191708.mp3?updated=1729780213,https://open.spotify.com/search/The%20Rest%20Is%20History%20504.%20The%20French%20Revolution%3A%20War%20to%20the%20Death%20%28Part%202%29,b841f49e-8c04-11ef-a2a1-eb5a1414618b
505,505. The French Revolution: The Shadow of the Guillotine (Part 3),2024-10-20,1789,1794,1789 – 1794,France,Early Modern,Revolution; Monarchy & Royalty; Crime & Mystery; Politics & Power,,true,The French Revolution,3,false,high,"The description explicitly contrasts the Ancien Régime with the Revolution and focuses on executions, executioners, and the invention of the guillotine during the French Revolution, conventionally dating the main focus to 1789–1794.",3344,https://pdst.fm/e/traffic.megaphone.fm/GLT1620539569.mp3?updated=1729780187,https://open.spotify.com/search/The%20Rest%20Is%20History%20505.%20The%20French%20Revolution%3A%20The%20Shadow%20of%20the%20Guillotine%20%28Part%203%29,cc32cad8-8f05-11ef-a38b-c7f6c9e51049
506,506. The French Revolution: Massacre at the Palace (Part 4),2024-10-23,1792,1792,1792,France,Early Modern,Revolution; War & Military; Monarchy & Royalty; Genocide & Atrocity,Louis XVI; Marie Antoinette,true,The French Revolution,4,false,high,"The description explicitly dates the episode to early August 1792 and the 10th of August, focusing on the revolutionary storming of the Tuileries Palace and massacre of the Swiss Guards. It specifically centers on Louis XVI and Marie Antoinette during the French Revolution.",3496,https://pdst.fm/e/traffic.megaphone.fm/GLT9954902163.mp3?updated=1729780149,https://open.spotify.com/search/The%20Rest%20Is%20History%20506.%20The%20French%20Revolution%3A%20Massacre%20at%20the%20Palace%20%28Part%204%29,a128c574-9183-11ef-aad0-7f2a1cc63829
507,"507. The French Revolution: The Marseillaise, Song of War (Part 5)",2024-10-24,1792,1792,1792,France,Early Modern,Revolution; War & Military; Music; Politics & Power,,true,The French Revolution,5,false,high,The description explicitly dates the song's creation to the declaration of war against Austria in 1792 and connects it to the storming of the Tuileries Palace during the French Revolution.,2761,https://pdst.fm/e/traffic.megaphone.fm/GLT5535769124.mp3?updated=1729810871,https://open.spotify.com/search/The%20Rest%20Is%20History%20507.%20The%20French%20Revolution%3A%20The%20Marseillaise%2C%20Song%20of%20War%20%28Part%205%29,5d9e8f2e-9259-11ef-9679-7fcfc5b2fd32
508,508. America in '68: Nightmare in Vietnam (Part 1),2024-10-28,1968,1968,1968,United States,Postwar,War & Military; Politics & Power; Biography,Lyndon B. Johnson; Eugene McCarthy,true,America in '68,1,false,high,"The episode is explicitly set on 31 March 1968 and described as part of a six-part series on America in 1968. Its focus is Lyndon B. Johnson, Eugene McCarthy, the Democratic presidential contest, and the Vietnam War.",4409,https://pdst.fm/e/traffic.megaphone.fm/GLT6375459097.mp3?updated=1730076936,https://open.spotify.com/search/The%20Rest%20Is%20History%20508.%20America%20in%20%2768%3A%20Nightmare%20in%20Vietnam%20%28Part%201%29,53376730-92e1-11ef-b14e-6323e6e0f45e
509,509.  America in '68: The Assassination of Martin Luther King Jr. (Part 2),2024-10-31,1968,1968,1968,United States,Postwar,Assassination; Politics & Power; Revolution; Biography,Martin Luther King Jr.,true,America in '68,2,false,high,"The description repeatedly anchors the episode to 1968, including King's Poor People's Campaign, his visit to Memphis, and his assassination at the Lorraine Motel. It also explicitly discusses the public outcry and his legacy in the United States.",3768,https://pdst.fm/e/traffic.megaphone.fm/GLT4373367265.mp3?updated=1731418996,https://open.spotify.com/search/The%20Rest%20Is%20History%20509.%20%20America%20in%20%2768%3A%20The%20Assassination%20of%20Martin%20Luther%20King%20Jr.%20%28Part%202%29,fa4eb980-92f8-11ef-b410-9b76eb9a0fe1
510,510. America in '68: The Killing of Robert Kennedy (Part 3),2024-11-04,1968,1968,1968,United States,Postwar,Assassination; Politics & Power; Biography,Robert F. Kennedy,true,America in '68,3,false,high,"The episode is explicitly set in 1968, covering Robert F. Kennedy's presidential campaign, his victory in the California primary, and his assassination at the Ambassador Hotel on June 4. The description repeatedly centers on Bobby Kennedy and the aftermath of his death.",3886,https://pdst.fm/e/traffic.megaphone.fm/GLT6589354101.mp3?updated=1730644471,https://open.spotify.com/search/The%20Rest%20Is%20History%20510.%20America%20in%20%2768%3A%20The%20Killing%20of%20Robert%20Kennedy%20%28Part%203%29,b79d4556-99ed-11ef-a256-b3fbb21524d9
511,"511. America in '68: George Wallace, The First Donald Trump (Part 4)",2024-11-07,1968,1968,1968,United States,Postwar,Politics & Power; Ideology; Biography,George Wallace,true,America in '68,4,false,high,"The episode explicitly focuses on George Wallace's 1968 presidential campaign, his segregationist politics, and its legacy for the modern Republican Party. The description repeatedly anchors the main subject to 1968, with Donald Trump presented primarily as a later comparison.",4009,https://pdst.fm/e/traffic.megaphone.fm/GLT8855008412.mp3?updated=1730940586,https://open.spotify.com/search/The%20Rest%20Is%20History%20511.%20America%20in%20%2768%3A%20George%20Wallace%2C%20The%20First%20Donald%20Trump%20%28Part%204%29,f9b83be0-9c9e-11ef-b06b-c7950e9b6f7d
512,512. America in '68: The Chicago Riots (Part 5),2024-11-11,1968,1968,1968,United States,Postwar,Politics & Power; War & Military; Revolution; Assassination,Lyndon B. Johnson; Robert F. Kennedy; Hubert Humphrey; Eugene McCarthy,true,America in '68,5,false,high,"The episode explicitly centers on the 1968 Democratic National Convention in Chicago, including anti-Vietnam War protests, the Yippies, and violent clashes with police. The description also anchors the political context with Lyndon B. Johnson’s withdrawal and Robert F. Kennedy’s assassination.",4175,https://pdst.fm/e/traffic.megaphone.fm/GLT9860410495.mp3?updated=1731270135,https://open.spotify.com/search/The%20Rest%20Is%20History%20512.%20America%20in%20%2768%3A%20The%20Chicago%20Riots%20%28Part%205%29,941235c6-9f9f-11ef-9e62-3363ba85fcb2
513,513. America in '68: Nixon's Great Comeback (Part 6),2024-11-14,1968,1968,1968,United States,Postwar,Politics & Power; Ideology; Biography,Richard M. Nixon; Hubert Humphrey; George Wallace; John F. Kennedy,true,America in '68,6,false,high,"The description is explicitly anchored to the U.S. presidential election on “the 5th of November 1968,” focusing on Nixon’s campaign against Hubert Humphrey and George Wallace. It identifies this as the final instalment of the “America in 1968” series.",3465,https://pdst.fm/e/traffic.megaphone.fm/GLT3853956463.mp3?updated=1731270226,https://open.spotify.com/search/The%20Rest%20Is%20History%20513.%20America%20in%20%2768%3A%20Nixon%27s%20Great%20Comeback%20%28Part%206%29,5efc6fe0-9fa0-11ef-a7d1-f33ff35b5521
514,514. Nelson: Hero of the Seas (Part 1),2024-11-18,1758,1788,1758 – 1788,Britain,Early Modern,Biography; War & Military; Exploration & Discovery,Horatio Nelson,true,Nelson,1,false,high,"The description explicitly begins with Nelson’s birth in 1758 and focuses on his early life, naval adventures, and rise to captain before England’s war with France in 1788. Britain is the dominant setting, despite episodes involving India, Mysore, and the Arctic.",3989,https://pdst.fm/e/traffic.megaphone.fm/GLT4893527428.mp3?updated=1731880805,https://open.spotify.com/search/The%20Rest%20Is%20History%20514.%20Nelson%3A%20Hero%20of%20the%20Seas%20%28Part%201%29,a134c534-a373-11ef-9780-071b22f89fa8
515,515. Nelson: Attack the French!  (Part 2),2024-11-21,1793,1794,1793 – 1794,Mediterranean,Early Modern,War & Military; Biography; Diplomacy,Horatio Nelson; Napoleon Bonaparte,true,Nelson,2,false,high,"The description explicitly dates the events to 1793, including the Siege of Toulon and Nelson’s campaign in Corsica, and mentions his injury at Calvi on 12 July. It focuses on Nelson’s early Mediterranean naval service and his first encounter with Napoleon Bonaparte.",2266,https://pdst.fm/e/traffic.megaphone.fm/GLT9020085184.mp3?updated=1731889804,https://open.spotify.com/search/The%20Rest%20Is%20History%20515.%20Nelson%3A%20Attack%20the%20French%21%20%20%28Part%202%29,b4121d66-a46b-11ef-96d9-3bb9345c7759
516,516. Nelson: God of War (Part 3),2024-11-25,1797,1797,1797,Britain,Early Modern,War & Military; Biography; Politics & Power,Horatio Nelson,true,Nelson,3,false,high,The description explicitly dates the Battle of Cape St. Vincent to Valentine’s Day 1797 and focuses on Nelson’s role in the British Royal Navy’s clash with the Spanish fleet. Its central subject is Nelson’s daring charge and the battle’s consequences for Britain.,2312,https://pdst.fm/e/traffic.megaphone.fm/GLT1686018300.mp3?updated=1732487389,https://open.spotify.com/search/The%20Rest%20Is%20History%20516.%20Nelson%3A%20God%20of%20War%20%28Part%203%29,e85e10a2-a46b-11ef-a3ca-db0e0cfc0b04
517,517. Nelson: The Hunt for Napoleon (Part 4),2024-11-28,1797,1798,1797 – 1798,Mediterranean,Early Modern,War & Military; Biography; Empire & Colonialism,Horatio Nelson; Napoleon Bonaparte,true,Nelson,4,false,high,"The episode is anchored in the aftermath of the Battle of Cape St. Vincent in 1797, Nelson’s attack on Tenerife, and his subsequent hunt for Napoleon’s French fleet. These events place the main focus in the late 1790s Mediterranean and surrounding naval conflict.",3120,https://pdst.fm/e/traffic.megaphone.fm/GLT5321926998.mp3?updated=1732010118,https://open.spotify.com/search/The%20Rest%20Is%20History%20517.%20Nelson%3A%20The%20Hunt%20for%20Napoleon%20%28Part%204%29,dde54a12-a373-11ef-a8b4-ff6b99a6d369
518,518. Nelson: The Battle of the Nile (Part 5),2024-12-02,1798,1798,1798,Africa,Early Modern,War & Military; Biography; Empire & Colonialism,Horatio Nelson; Napoleon Bonaparte,true,Nelson,5,false,high,The description explicitly dates the battle to 1 August 1798 and identifies it as the Battle of the Nile near Alexandria in French-occupied Egypt. It focuses on Horatio Nelson's naval victory over Napoleon Bonaparte's fleet.,3108,https://pdst.fm/e/traffic.megaphone.fm/GLT9518722562.mp3?updated=1733095800,https://open.spotify.com/search/The%20Rest%20Is%20History%20518.%20Nelson%3A%20The%20Battle%20of%20the%20Nile%20%28Part%205%29,026df634-a434-11ef-a4c9-4fbbf4a9b670
519,519. The World's First City,2024-12-05,-5000,700,5000 BCE – 700,Ancient Near East,Ancient,Science & Technology; Economics & Trade,,false,,,false,high,"The description dates Uruk to 'as early as 5000 BC' and follows its development and abandonment 'by 700 AD.' It focuses on urbanisation, irrigation, writing, craftsmanship, and trading networks in Southern Mesopotamia.",3053,https://pdst.fm/e/traffic.megaphone.fm/GLT2603135981.mp3?updated=1733159112,https://open.spotify.com/search/The%20Rest%20Is%20History%20519.%20The%20World%27s%20First%20City,def484dc-b097-11ef-bb19-134ff0ea1942
520,520. Warlords of the West: Barbarian Heirs of Rome (Part 1),2024-12-09,350,800,350 – 800,France,Medieval,War & Military; Monarchy & Royalty; Religion & Church; Empire & Colonialism,Charlemagne,true,Warlords of the West,1,false,medium,"The description places the Franks' emergence in the “4th century AD” and centers their rise through Charlemagne, extending into the early medieval formation of a western empire. The focus is on Frankish warlords, kings, battles, Christianity, and their inheritance of the Roman imperial world.",3114,https://pdst.fm/e/traffic.megaphone.fm/GLT4921093273.mp3?updated=1733512289,https://open.spotify.com/search/The%20Rest%20Is%20History%20520.%20Warlords%20of%20the%20West%3A%20Barbarian%20Heirs%20of%20Rome%20%28Part%201%29,081dea20-b326-11ef-b6e2-9b31f8cbc3a7
521,521. Warlords of the West: Killer Queens (Part 2),2024-12-12,511,613,511 – 613,France,Medieval,Monarchy & Royalty; Politics & Power; Sex & Scandal; Crime & Mystery,Fredegund; Brunhilda; Chilperic I; Galswintha; Clothar I,true,Warlords of the West,2,false,medium,"The episode follows events after the death of Frankish King Clovis, beginning with the division of his realm, and focuses on the feud between Fredegund and Brunhilda, including Galswintha’s murder and the ensuing civil war. These events belong primarily to the late sixth and early seventh centuries.",3612,https://pdst.fm/e/traffic.megaphone.fm/GLT5666966864.mp3?updated=1733512319,https://open.spotify.com/search/The%20Rest%20Is%20History%20521.%20Warlords%20of%20the%20West%3A%20Killer%20Queens%20%28Part%202%29,b717845a-b326-11ef-bf48-4bd39e000bd6
522,522. Warlords of the West: A Clash of Ice and Fire (Part 3),2024-12-16,711,732,711 – 732,France,Medieval,War & Military; Politics & Power; Religion & Church,Charles Martel; Abd al-Rahman al-Ghafiqi; Charlemagne,true,Warlords of the West,3,false,high,"The description explicitly dates the threat to 711 and focuses on the build-up, climax, and aftermath of the Battle of Tours, fought under Charles Martel and Abd al-Rahman al-Ghafiqi. It also notes the battle's role in the later ascent of Charlemagne.",3581,https://pdst.fm/e/traffic.megaphone.fm/GLT3154320009.mp3?updated=1733688591,https://open.spotify.com/search/The%20Rest%20Is%20History%20522.%20Warlords%20of%20the%20West%3A%20A%20Clash%20of%20Ice%20and%20Fire%20%28Part%203%29,1fbd9a34-b328-11ef-93db-73259f38162e
523,523. Charlemagne: Return of the Kings (Part 1),2024-12-19,741,771,741 – 771,Europe,Medieval,War & Military; Politics & Power; Monarchy & Royalty; Religion & Church,Charlemagne; Pepin the Short; Carloman; Charles Martel,true,Charlemagne,1,false,high,"The description explicitly begins in “741 AD” after Charles Martel’s death and focuses on Pepin’s reign, his death, and the resulting power struggle between Carloman and Charles, later known as Charlemagne. This places the episode in the early medieval Frankish world, with the narrative extending into Charlemagne’s rise after 768.",3031,https://pdst.fm/e/traffic.megaphone.fm/GLT5104943454.mp3?updated=1734097576,https://open.spotify.com/search/The%20Rest%20Is%20History%20523.%20Charlemagne%3A%20Return%20of%20the%20Kings%20%28Part%201%29,03b4f1d0-b6ec-11ef-ab17-f71dfc262b33
524,524. Charlemagne: Pagan Killer (Part 2),2024-12-23,777,800,777 – 800,Europe,Medieval,War & Military; Monarchy & Royalty; Religion & Church; Culture & Arts,Charlemagne,true,Charlemagne,2,false,high,"The description explicitly begins in 777, after Charlemagne becomes sole ruler, and focuses on his campaigns against the Saxons and Lombards, alongside the Christian and educational transformation of his regime. The episode is therefore centered on the late eighth century and Charlemagne's rise to dominion in western Europe.",3231,https://pdst.fm/e/traffic.megaphone.fm/GLT1992648453.mp3?updated=1734098988,https://open.spotify.com/search/The%20Rest%20Is%20History%20524.%20Charlemagne%3A%20Pagan%20Killer%20%28Part%202%29,24ac00ae-b6ec-11ef-9f30-17ce0dca19ba
525,525. Charlemagne: Emperor of the West (Part 3),2024-12-25,797,814,797 – 814,Europe,Medieval,Monarchy & Royalty; Politics & Power; Diplomacy; War & Military,Charlemagne; Constantine VI; Irene,true,Charlemagne,3,false,high,"The description centers on the crisis in Constantinople in 797, Charlemagne’s coronation as emperor in Rome on Christmas Day 800, and the subsequent struggles and division of his empire. These events place the main focus in the late eighth and early ninth centuries.",3827,https://pdst.fm/e/traffic.megaphone.fm/GLT6103469677.mp3?updated=1734100735,https://open.spotify.com/search/The%20Rest%20Is%20History%20525.%20Charlemagne%3A%20Emperor%20of%20the%20West%20%28Part%203%29,e2c2dc6e-b87e-11ef-9321-4f32bc7a6d8f
526,526. Mozart: History's Greatest Prodigy LIVE at the Royal Albert Hall,2024-12-30,1756,1791,1756 – 1791,Europe,Early Modern,Music; Biography; Culture & Arts,Wolfgang Amadeus Mozart,false,,,false,high,"The description explicitly dates Mozart's birth to 1756 and focuses on his career, compositions, Requiem, and tragic death as a young man, placing the main focus in 1756–1791.",4162,https://pdst.fm/e/traffic.megaphone.fm/GLT4198925734.mp3?updated=1735520137,https://open.spotify.com/search/The%20Rest%20Is%20History%20526.%20Mozart%3A%20History%27s%20Greatest%20Prodigy%20LIVE%20at%20the%20Royal%20Albert%20Hall,fa48f708-c605-11ef-bb33-f339af60f4c6
527,527.  Beethoven: Napoleon and the Music of War LIVE at the Royal Albert Hall,2025-01-02,1770,1827,1770 – 1827,Germany,Long 19th Century,Music; Biography; Culture & Arts; War & Military,Ludwig van Beethoven; Napoleon Bonaparte; Wolfgang Amadeus Mozart; Joseph Haydn,false,,,true,medium,"The description explicitly dates Beethoven's birth to 1770, his move to Vienna at age twenty-one, and his major public success to 1800, while focusing on his later deafness and mature compositions. The title anchors the episode in the Napoleonic and wartime musical context; Beethoven's life ended in 1827.",3976,https://pdst.fm/e/traffic.megaphone.fm/GLT4140502571.mp3?updated=1735600324,https://open.spotify.com/search/The%20Rest%20Is%20History%20527.%20%20Beethoven%3A%20Napoleon%20and%20the%20Music%20of%20War%20LIVE%20at%20the%20Royal%20Albert%20Hall,33568026-c6d1-11ef-8bde-33e5b6ea4233
528,528. The Nazis' Road to War: Hitler Prepares to Strike (Part 1),2025-01-06,1933,1938,1933 – 1938,Europe,World Wars & Interwar,War & Military; Politics & Power; Ideology; Diplomacy,Adolf Hitler; Neville Chamberlain,true,The Nazis' Road to War,1,false,high,"The episode focuses on Hitler’s seizure of power and preparations for war during the 1930s, especially his September 1938 claims over Czechoslovakia and the Munich diplomatic crisis. The description explicitly frames these events as leading toward the Second World War.",3675,https://pdst.fm/e/traffic.megaphone.fm/GLT9235039478.mp3?updated=1784112629,https://open.spotify.com/search/The%20Rest%20Is%20History%20528.%20The%20Nazis%27%20Road%20to%20War%3A%20Hitler%20Prepares%20to%20Strike%20%28Part%201%29,24978760-cbb3-11ef-b6d2-5f23b24d20a4
529,529. The Nazis' Road to War: Showdown in Munich (Part 2),2025-01-09,1938,1938,1938,Europe,World Wars & Interwar,War & Military; Politics & Power; Diplomacy; Ideology,Neville Chamberlain; Adolf Hitler,true,The Nazis' Road to War,2,false,high,"The description repeatedly dates the events to September 1938 and focuses on the Munich Agreement, Chamberlain's meetings with Hitler, and the impending war over Czechoslovakia.",3439,https://pdst.fm/e/traffic.megaphone.fm/GLT8359198113.mp3?updated=1738860594,https://open.spotify.com/search/The%20Rest%20Is%20History%20529.%20The%20Nazis%27%20Road%20to%20War%3A%20Showdown%20in%20Munich%20%28Part%202%29,de2ec452-bdff-11ef-b724-5ffe1308be90
530,530. Hitler’s War on Poland: Countdown to Armageddon (Part 1),2025-01-13,1938,1939,1938 – 1939,Europe,World Wars & Interwar,War & Military; Politics & Power; Genocide & Atrocity; Diplomacy,Adolf Hitler; Joseph Stalin,true,,,false,high,"The description explicitly anchors the episode after the Munich Agreement in September 1938 and follows Hitler’s preparations for the conquest and liquidation of Poland in March 1939. It focuses on the buildup to the genocidal war involving Germany, Poland, Britain, France, and Stalin’s Russia.",3543,https://pdst.fm/e/traffic.megaphone.fm/GLT8685711342.mp3?updated=1738860574,https://open.spotify.com/search/The%20Rest%20Is%20History%20530.%20Hitler%E2%80%99s%20War%20on%20Poland%3A%20Countdown%20to%20Armageddon%20%28Part%201%29,837b0212-cf72-11ef-83f8-dbe4aee16746
531,531. Hitler's War on Poland: The Pact with Stalin (Part 2),2025-01-16,1939,1939,1939,Europe,World Wars & Interwar,War & Military; Politics & Power; Diplomacy; Ideology,Adolf Hitler; Joseph Stalin,true,Hitler's War on Poland,2,false,high,"The description is anchored to 1939, mentioning the 11th of April, Hitler's pact with Stalin, and the invasion of Poland on 1 September, described as the moment the Second World War truly began.",3764,https://pdst.fm/e/traffic.megaphone.fm/GLT5437884494.mp3?updated=1738860541,https://open.spotify.com/search/The%20Rest%20Is%20History%20531.%20Hitler%27s%20War%20on%20Poland%3A%20The%20Pact%20with%20Stalin%20%28Part%202%29,2581bfe0-d367-11ef-9ad2-eb0fd2f9e5f7
532,532. Hitler's War on Poland: The Fall of Warsaw (Part 3),2025-01-20,1939,1939,1939,Eastern Europe,World Wars & Interwar,War & Military; Genocide & Atrocity; Politics & Power,Adolf Hitler; Joseph Stalin,true,Hitler's War on Poland,3,false,high,"The description explicitly identifies the Nazi invasion of Poland as part of the Second World War and dates the bombing of Warsaw to 10 September 1939. It focuses on Hitler's invasion, Stalin's intervention, and the fall and occupation of Poland.",3636,https://pdst.fm/e/traffic.megaphone.fm/GLT6308788391.mp3?updated=1738860519,https://open.spotify.com/search/The%20Rest%20Is%20History%20532.%20Hitler%27s%20War%20on%20Poland%3A%20The%20Fall%20of%20Warsaw%20%28Part%203%29,0bea65f0-d4e3-11ef-ac46-b79e446d323e
533,533. Wojtek: The Bear Who Beat the Nazis,2025-01-23,1939,1945,1939 – 1945,Eastern Europe,World Wars & Interwar,War & Military; Biography,Wojtek,false,,,false,high,"The description explicitly places Wojtek's story amid the ""Second World War,"" including Poland's resistance and his participation in the Italian campaign. The primary focus is his wartime service with Polish forces, conventionally dated to 1939–1945.",3555,https://pdst.fm/e/traffic.megaphone.fm/GLT8956421015.mp3?updated=1738860496,https://open.spotify.com/search/The%20Rest%20Is%20History%20533.%20Wojtek%3A%20The%20Bear%20Who%20Beat%20the%20Nazis,606c03f4-d8f8-11ef-82e3-a3fe34df31ae
534,534. Emperors of Rome: Sex Secrets of the Caesars (Part 1),2025-01-27,-27,96,27 BCE – 96,Italy,Ancient,Sex & Scandal; Monarchy & Royalty; Politics & Power; Biography,Augustus; Tiberius; Caligula; Nero; Suetonius,true,Emperors of Rome,1,false,high,"The description explicitly focuses on Suetonius's biographies of the early Roman emperors, naming Augustus, Tiberius, Caligula and Nero and describing the early imperial period. The range is anchored from Augustus's accession in 27 BCE through the early imperial dynasty, extending to the later first-century emperors covered by Suetonius.",3221,https://pdst.fm/e/traffic.megaphone.fm/GLT3696933602.mp3?updated=1738008610,https://open.spotify.com/search/The%20Rest%20Is%20History%20534.%20Emperors%20of%20Rome%3A%20Sex%20Secrets%20of%20the%20Caesars%20%28Part%201%29,c7e1a9ec-da71-11ef-9b6b-8f9d7119ba4b
535,"535. Emperors of Rome: Tiberius, Slaughter and Scandal (Part 2)",2025-01-30,14,37,14 – 37,Italy,Ancient,Monarchy & Royalty; Politics & Power; Sex & Scandal; Biography,Tiberius,true,Emperors of Rome,2,false,high,"The episode focuses on Tiberius as Rome’s second emperor, including his reign, paranoia, retirement to Capri, and the scandals surrounding him. The description explicitly places him after Augustus and discusses the imperial succession and his time as emperor.",3532,https://pdst.fm/e/traffic.megaphone.fm/GLT6029756405.mp3?updated=1738542150,https://open.spotify.com/search/The%20Rest%20Is%20History%20535.%20Emperors%20of%20Rome%3A%20Tiberius%2C%20Slaughter%20and%20Scandal%20%28Part%202%29,4418968a-de5d-11ef-a6fe-93b5b91a6829
536,"536. Emperors of Rome: Caligula, Incest and Insanity (Part 3)",2025-02-03,12,41,12 – 41,Italy,Ancient,Monarchy & Royalty; Politics & Power; Sex & Scandal; Biography,Caligula,true,Emperors of Rome,3,false,high,"The episode is explicitly a biography of the Roman emperor Caligula, covering his early life, rise to power, and reign, which lasted from 37 to 41 CE. The description anchors the subject in Roman imperial history and repeatedly focuses on Caligula's alleged incest, cruelty, debauchery, and terror.",3946,https://pdst.fm/e/traffic.megaphone.fm/GLT6260105026.mp3?updated=1738534057,https://open.spotify.com/search/The%20Rest%20Is%20History%20536.%20Emperors%20of%20Rome%3A%20Caligula%2C%20Incest%20and%20Insanity%20%28Part%203%29,2a24347c-dfe9-11ef-b01f-0bb604d26f69
537,"537. Emperors of Rome: Claudius, Paranoia and Poison (Part 4)",2025-02-06,41,54,41 – 54,Italy,Ancient,Politics & Power; Monarchy & Royalty; War & Military; Sex & Scandal,Claudius; Caligula; Nero,true,Emperors of Rome,4,false,high,"The description focuses on Claudius’s unexpected elevation after Caligula’s assassination and his subsequent reign, conventionally dated 41–54 CE, including the conquest of Britain and Nero’s rise. The Roman setting and references to Suetonius anchor the episode in Ancient Rome.",3970,https://pdst.fm/e/traffic.megaphone.fm/GLT8484602825.mp3?updated=1738860427,https://open.spotify.com/search/The%20Rest%20Is%20History%20537.%20Emperors%20of%20Rome%3A%20Claudius%2C%20Paranoia%20and%20Poison%20%28Part%204%29,01f3685c-e321-11ef-a2ed-e30cfd4f8c79
538,538. Horror in the Congo: The Nightmare Begins  (Part 1),2025-02-10,1870,1908,1870 – 1908,Africa,Long 19th Century,Empire & Colonialism; Genocide & Atrocity; Monarchy & Royalty; Politics & Power,Leopold II of Belgium; Henry Morton Stanley,true,Horror in the Congo,1,true,high,"The description explicitly dates the story to the “late 19th century” and mentions the Congo’s transformation beginning in the “late 1870s,” centering on King Leopold’s regime in the Congo Free State. The focus is European colonialism, exploitation, and the reign of terror associated with Leopold, with Henry Morton Stanley as a major supporting figure.",3800,https://pdst.fm/e/traffic.megaphone.fm/GLT1431012085.mp3?updated=1738860407,https://open.spotify.com/search/The%20Rest%20Is%20History%20538.%20Horror%20in%20the%20Congo%3A%20The%20Nightmare%20Begins%20%20%28Part%201%29,9c028bcc-e2ee-11ef-8bb5-bf8b8a8cccb0
539,539. Horror in the Congo: The Crimes of Empire (Part 2),2025-02-13,1885,1908,1885 – 1908,Africa,Long 19th Century,Empire & Colonialism; Genocide & Atrocity; Slavery; Economics & Trade,Leopold II of Belgium; Henry Morton Stanley,true,Horror in the Congo,2,true,high,"The description explicitly dates Leopold’s recognition as sovereign of the Congo to 1885 and focuses on his exploitation of the Congo Free State, including ivory and rubber extraction and the abuse and enslavement of Congolese people. The episode appears to cover the Congo Free State period through its eventual end under Leopold, in 1908.",3539,https://pdst.fm/e/traffic.megaphone.fm/GLT5467841243.mp3?updated=1740400440,https://open.spotify.com/search/The%20Rest%20Is%20History%20539.%20Horror%20in%20the%20Congo%3A%20The%20Crimes%20of%20Empire%20%28Part%202%29,b77d35ca-e53a-11ef-91bb-2b7c28eb4a6c
540,540. Horror in the Congo: A Conspiracy Unmasked (Part 3),2025-02-17,1885,1908,1885 – 1908,Africa,Long 19th Century,Empire & Colonialism; Genocide & Atrocity; Politics & Power; Biography,Leopold II of Belgium; Edmund Dene Morel; Roger Casement,true,Horror in the Congo,3,true,high,"The description dates Leopold's establishment of his private colonial fiefdom to 1885 and focuses on the subsequent campaign against his Congo regime, including Morel's work 'for the next decade and more' and the international political response. Its emphasis on brutal exploitation, human-rights abuses, and European colonial powers anchors the episode in the late 19th and early 20th centuries.",3845,https://pdst.fm/e/traffic.megaphone.fm/GLT5172130471.mp3?updated=1739557159,https://open.spotify.com/search/The%20Rest%20Is%20History%20540.%20Horror%20in%20the%20Congo%3A%20A%20Conspiracy%20Unmasked%20%28Part%203%29,fa33aa02-e57b-11ef-b433-53e2b38ac882
541,541. Heart of Darkness: Fear and Loathing in the Congo,2025-02-20,1890,1899,1890 – 1899,Africa,Long 19th Century,Literature; Culture & Arts; Empire & Colonialism; Genocide & Atrocity,Joseph Conrad; Leopold II of Belgium,false,,,true,high,"The description anchors the episode in Conrad’s journey into the Congo in 1890 and the novella’s publication in 1899, under King Leopold’s colonial regime. Its main focus is the literary and cultural meaning of Heart of Darkness and the colonial horrors that inspired it.",4541,https://pdst.fm/e/traffic.megaphone.fm/GLT5482142786.mp3?updated=1784112568,https://open.spotify.com/search/The%20Rest%20Is%20History%20541.%20Heart%20of%20Darkness%3A%20Fear%20and%20Loathing%20in%20the%20Congo,c419e616-e95e-11ef-ada2-172a3a2e2e9e
542,542. Elizabeth I’s Sorcerer: Angels and Demons in Renaissance Europe,2025-02-24,1547,1603,1547 – 1603,Britain,Early Modern,Biography; Monarchy & Royalty; Religion & Church; Empire & Colonialism,John Dee; Elizabeth I; Henry VIII; Mary I; Edward Kelly,false,,,false,high,"The episode is anchored in Tudor England, covering John Dee from the 'dying days of the reign of Henry VIII' through the 'rise of Elizabeth I' and the succession of her heir. Its focus on Elizabeth's court, religious persecutions under Mary I, and the birth of the British Empire places it primarily in Britain during the later sixteenth century.",3798,https://pdst.fm/e/traffic.megaphone.fm/GLT4512754016.mp3?updated=1740334108,https://open.spotify.com/search/The%20Rest%20Is%20History%20542.%20Elizabeth%20I%E2%80%99s%20Sorcerer%3A%20Angels%20and%20Demons%20in%20Renaissance%20Europe,f7ef957e-ee06-11ef-82f6-536b545ac8de
543,"543. Death in the Amazon: Aguirre, the Wrath of God",2025-02-27,1559,1561,1559 – 1561,Latin America,Early Modern,Exploration & Discovery; Empire & Colonialism; Crime & Mystery; Biography,Lope de Aguirre; Pedro de Ursúa; Doña Inés,false,,,false,high,"The description anchors the episode in the 1559 expedition assembled in Lima, led by Pedro de Ursúa, and follows Lope de Aguirre’s violent takeover and journey into the Amazon. Its broader context is the fifteenth- and sixteenth-century Spanish search for El Dorado and conquest of the New World.",4077,https://pdst.fm/e/traffic.megaphone.fm/GLT3694360248.mp3?updated=1740605631,https://open.spotify.com/search/The%20Rest%20Is%20History%20543.%20Death%20in%20the%20Amazon%3A%20Aguirre%2C%20the%20Wrath%20of%20God,5ca82906-ef8b-11ef-adab-372aafe7fe3f
544,544. The French Revolution: The September Massacres (Part 1),2025-03-03,1792,1792,1792,France,Early Modern,Revolution; War & Military; Politics & Power; Genocide & Atrocity,Maximilien Robespierre,true,The French Revolution,1,false,high,"The description explicitly states that it is 1792, after the storming of the Tuileries and imprisonment of the royal family, and focuses on the September massacres in Paris. It names Robespierre as a leading Montagnard and describes the revolutionary factions, wartime tensions, and prison killings.",3614,https://pdst.fm/e/traffic.megaphone.fm/GLT8301042051.mp3?updated=1740758267,https://open.spotify.com/search/The%20Rest%20Is%20History%20544.%20The%20French%20Revolution%3A%20The%20September%20Massacres%20%28Part%201%29,0f6db080-e940-11ef-b5c3-1fd07afe8286
545,545. The French Revolution: The First Feminist (Part 2),2025-03-06,1789,1792,1789 – 1792,France,Early Modern,Revolution; Politics & Power; Sex & Scandal; Monarchy & Royalty,Marie Antoinette,true,The French Revolution,2,false,high,"The episode explicitly focuses on the French Revolution, describing women’s roles in bringing the King and Queen back to Paris in 1789 and in the events of 1792, including the September Massacres and the storming of the Tuileries. Marie Antoinette is the only named historical figure central to the discussion.",3635,https://pdst.fm/e/traffic.megaphone.fm/GLT4335903757.mp3?updated=1741269951,https://open.spotify.com/search/The%20Rest%20Is%20History%20545.%20The%20French%20Revolution%3A%20The%20First%20Feminist%20%28Part%202%29,8fd79f88-f9df-11ef-9515-73368c9aaed4
546,546. The French Revolution: The Monarchy Falls (Part 3),2025-03-10,1792,1792,1792,France,Early Modern,Revolution; Politics & Power; War & Military; Monarchy & Royalty,Georges Danton; Jean-Paul Marat; Maximilien Robespierre; Duke of Brunswick,true,The French Revolution,3,false,high,"The description is anchored in September 1792, when the National Convention abolished the monarchy, amid the September Massacres and the approaching Prussian army. It culminates in the French-Prussian Battle of Valmy, also in 1792.",3606,https://pdst.fm/e/traffic.megaphone.fm/GLT3779628370.mp3?updated=1741366301,https://open.spotify.com/search/The%20Rest%20Is%20History%20546.%20The%20French%20Revolution%3A%20The%20Monarchy%20Falls%20%28Part%203%29,b478e222-fb6d-11ef-bc60-4f1e32aa5f4d
547,547. The French Revolution: The Execution of the King (Part 4),2025-03-13,1792,1793,1792 – 1793,France,Early Modern,Revolution; Politics & Power; Monarchy & Royalty,Louis XVI,true,The French Revolution,4,false,high,"The description explicitly places the episode in the French Revolution of 1792, focusing on Louis XVI’s trial in December and the verdict and death sentence reached on 15 January, 1793.",3775,https://pdst.fm/e/traffic.megaphone.fm/GLT2184509954.mp3?updated=1742407669,https://open.spotify.com/search/The%20Rest%20Is%20History%20547.%20The%20French%20Revolution%3A%20The%20Execution%20of%20the%20King%20%28Part%204%29,362e0e88-ff69-11ef-b1e6-ef1bd2a7048d
548,548. The Road to 1066: Anglo-Saxon Apocalypse (Part 1),2025-03-17,975,1066,975 – 1066,Britain,Medieval,War & Military; Politics & Power; Monarchy & Royalty; Empire & Colonialism,King Edgar; Edward; Æthelred the Unready; Olaf Tryggvason; Emma of Normandy,true,The Road to 1066,1,false,high,"The description explicitly dates the succession crisis to 975 and focuses on the build-up to the Norman Conquest and Battle of Hastings in 1066. It highlights the Anglo-Saxon monarchy, Viking attacks, and figures including Edgar, Æthelred, Olaf Tryggvason, and Emma of Normandy.",3485,https://pdst.fm/e/traffic.megaphone.fm/GLT9632339286.mp3?updated=1742156513,https://open.spotify.com/search/The%20Rest%20Is%20History%20548.%20The%20Road%20to%201066%3A%20Anglo-Saxon%20Apocalypse%20%28Part%201%29,bf885d2e-00bc-11f0-9a64-4b2fec426366
549,549. The Road to 1066: Revenge of the Vikings (Part 2),2025-03-20,1002,1016,1002 – 1016,Britain,Medieval,War & Military; Monarchy & Royalty; Religion & Church,Æthelred the Unready; Sweyn Forkbeard; Cnut; Edmund Ironside; Harold Bluetooth,true,The Road to 1066,2,false,high,"The episode is anchored by the St Brice’s Day Massacre in 1002, the Danish conquest of England by 1013, and the succession struggle after Sweyn Forkbeard’s death, culminating in Cnut’s rise around 1016. Although 1066 is foreshadowed, the description’s main narrative concerns England and Denmark in the early 11th century.",3876,https://pdst.fm/e/traffic.megaphone.fm/GLT2312975985.mp3?updated=1742408238,https://open.spotify.com/search/The%20Rest%20Is%20History%20549.%20The%20Road%20to%201066%3A%20Revenge%20of%20the%20Vikings%20%28Part%202%29,f90a1c22-04a9-11f0-a9be-6f3ab9362ebb
550,550. The Road to 1066: Rise of the Normans (Part 3),2025-03-24,1035,1066,1035 – 1066,Britain,Medieval,Monarchy & Royalty; Politics & Power; War & Military; Biography,William of Normandy; Æthelred the Unready,true,The Road to 1066,3,false,high,"The description focuses on William inheriting Normandy at age eight, his early reign and power struggles, and the turmoil over the English throne leading toward his claim to the crown in 1066.",3462,https://pdst.fm/e/traffic.megaphone.fm/GLT9316865693.mp3?updated=1742557768,https://open.spotify.com/search/The%20Rest%20Is%20History%20550.%20The%20Road%20to%201066%3A%20Rise%20of%20the%20Normans%20%28Part%203%29,1c6f384a-0573-11f0-a6ac-6b0e89369a0a
551,551. The Road to 1066: Countdown to Conquest (Part 4),2025-03-27,1016,1066,1016 – 1066,Britain,Medieval,Politics & Power; Monarchy & Royalty; Biography,"Godwin, Earl of Wessex; Harold Godwinson; Edward the Confessor; William of Normandy; Cnut",true,The Road to 1066,4,false,high,"The description focuses on the rise and fall of the Godwin family, beginning with Godwin's service to Cnut and culminating in Harold's coronation and the events leading to 1066. It explicitly discusses the exile of 1051, Harold, Edward the Confessor, and William of Normandy.",3573,https://pdst.fm/e/traffic.megaphone.fm/GLT9351236299.mp3?updated=1743507297,https://open.spotify.com/search/The%20Rest%20Is%20History%20551.%20The%20Road%20to%201066%3A%20Countdown%20to%20Conquest%20%28Part%204%29,b5b6d7ee-0968-11f0-852f-df3692cf4129
552,552. The Last Viking: The Saga of Harald Hardrada (Part 1),2025-03-30,1015,1066,1015 – 1066,Scandinavia,Medieval,Biography; War & Military; Monarchy & Royalty; Exploration & Discovery,Harald Hardrada; Olaf II of Norway; Cnut; Harold Godwinson,true,The Last Viking,1,false,high,"The episode is centered on Harald Hardrada's life, from his youth and campaigns through the 1066 struggle for England, explicitly culminating in the showdown at Stamford Bridge. References to Norway, Russia, Kyiv, Constantinople, and the Varangian Guard support a primarily Scandinavian medieval biography spanning roughly 1015–1066.",3748,https://pdst.fm/e/traffic.megaphone.fm/GLT8286135160.mp3?updated=1743514879,https://open.spotify.com/search/The%20Rest%20Is%20History%20552.%20The%20Last%20Viking%3A%20The%20Saga%20of%20Harald%20Hardrada%20%28Part%201%29,e1dd559c-0bc9-11f0-aaba-ab7592c99d4d
553,553. The Last Viking: Warrior of the New Rome (Part 2),2025-04-02,1030,1066,1030 – 1066,Byzantine,Medieval,War & Military; Politics & Power; Monarchy & Royalty; Sex & Scandal,Harald Hardrada; Zoe; Michael IV,true,The Last Viking,2,false,high,"The episode follows Harald Hardrada’s years in Constantinople as a Varangian Guard, his involvement in the Byzantine court, and his return to Norway, culminating in the Battle of Stamford Bridge in 1066. The Byzantine setting and court intrigue dominate much of the description, while the explicit 1066 endpoint anchors the date range.",3865,https://pdst.fm/e/traffic.megaphone.fm/GLT5802152245.mp3?updated=1743594277,https://open.spotify.com/search/The%20Rest%20Is%20History%20553.%20The%20Last%20Viking%3A%20Warrior%20of%20the%20New%20Rome%20%28Part%202%29,a8f80966-0fa7-11f0-adf2-fb8fb7e9e3d5
554,554. 1066: The Shadows of War (Part 1),2025-04-06,1066,1066,1066,Britain,Medieval,War & Military; Politics & Power; Monarchy & Royalty,Edward the Confessor,true,1066,1,false,high,"The episode is explicitly set in 1066 and discusses the succession crisis after Edward the Confessor’s death, culminating in the Battle of Hastings and the invasion triggered by the 14 October coronation.",3669,https://pdst.fm/e/traffic.megaphone.fm/GLT1461163139.mp3?updated=1744035271,https://open.spotify.com/search/The%20Rest%20Is%20History%20554.%201066%3A%20The%20Shadows%20of%20War%20%28Part%201%29,555043f2-116c-11f0-b17e-e7f3edb30863
555,555. 1066: Slaughter at Stamford Bridge (Part 2),2025-04-09,1066,1066,1066,Britain,Medieval,War & Military; Monarchy & Royalty; Politics & Power,Harold Godwinson; Harald Hardrada; Tostig,true,1066,2,false,high,"The description explicitly places the episode in the climax of 1066 and focuses on the Battle of Stamford Bridge, where Harold Godwinson and Harald Hardrada fought for the English throne.",4167,https://pdst.fm/e/traffic.megaphone.fm/GLT1524879968.mp3?updated=1744220170,https://open.spotify.com/search/The%20Rest%20Is%20History%20555.%201066%3A%20Slaughter%20at%20Stamford%20Bridge%20%28Part%202%29,617ca3c8-1563-11f0-a218-537a95ab3896
556,556. 1066: The Battle of Hastings (Part 3),2025-04-13,1066,1066,1066,Britain,Medieval,War & Military; Monarchy & Royalty,Harold Godwinson; William of Normandy; Harald Hardrada,true,1066,3,false,high,"The description explicitly dates the Battle of Hastings to 14 October 1066 and focuses on the clash between Harold Godwinson and William of Normandy, following Harold's victory over Harald Hardrada.",3421,https://pdst.fm/e/traffic.megaphone.fm/GLT3522014441.mp3?updated=1744371038,https://open.spotify.com/search/The%20Rest%20Is%20History%20556.%201066%3A%20The%20Battle%20of%20Hastings%20%28Part%203%29,edeed2fe-16b2-11f0-a336-9771f11b04bc
557,557. 1066: The Norman Conquest (Part 4),2025-04-16,1066,1087,1066 – 1087,Britain,Medieval,War & Military; Monarchy & Royalty; Politics & Power,William the Conqueror,true,1066,4,false,high,"The description explicitly focuses on the aftermath of the Battle of Hastings, William the Conqueror's consolidation of England, the Harrowing of the North, castles, and the Domesday Book. These events belong primarily to William's reign after the 1066 Norman Conquest, conventionally ending with his death in 1087.",3827,https://pdst.fm/e/traffic.megaphone.fm/GLT5156716826.mp3?updated=1744847594,https://open.spotify.com/search/The%20Rest%20Is%20History%20557.%201066%3A%20The%20Norman%20Conquest%20%28Part%204%29,4065fbbe-1aa7-11f0-8171-33f01d18e1ad
558,"558. The Rolling Stones: Sex, Drugs and Rock ‘n’ Roll (Part 1)",2025-04-20,1962,1969,1962 – 1969,Britain,Postwar,Music; Culture & Arts; Sex & Scandal; Biography,Brian Jones,true,The Rolling Stones,1,false,high,"The description explicitly focuses on the Rolling Stones’ origins, their emergence in the 1960s, and Brian Jones as the band’s founder. References to sexual liberation, the Labour government, and rising youth culture anchor the episode in postwar Britain, especially the 1960s.",4088,https://pdst.fm/e/traffic.megaphone.fm/GLT1663902020.mp3?updated=1745166333,https://open.spotify.com/search/The%20Rest%20Is%20History%20558.%20The%20Rolling%20Stones%3A%20Sex%2C%20Drugs%20and%20Rock%20%E2%80%98n%E2%80%99%20Roll%20%28Part%201%29,b898d65a-1918-11f0-90ba-ebf3e16abf0e
559,559. The Rolling Stones: Satanic Majesties of Sixties Rebellion (Part 2),2025-04-23,1967,1969,1967 – 1969,Britain,Postwar,Music; Culture & Arts; Sex & Scandal; Crime & Mystery,Brian Jones,true,The Rolling Stones,2,false,high,"The description explicitly focuses on what happened to the Rolling Stones in 1967, including their legal troubles and musical work, and ends with the deadly Altamont concert, which occurred in 1969. Brian Jones is the only named historical figure and is discussed in connection with his death.",4135,https://pdst.fm/e/traffic.megaphone.fm/GLT1390188077.mp3?updated=1745417239,https://open.spotify.com/search/The%20Rest%20Is%20History%20559.%20The%20Rolling%20Stones%3A%20Satanic%20Majesties%20of%20Sixties%20Rebellion%20%28Part%202%29,d5e57918-191b-11f0-b02f-67cbbcdd34ca
560,560. The Golden Age of Japan: Lady Murasaki and the Shining Prince (Part 1),2025-04-27,900,1100,900 – 1100,Japan,Medieval,Culture & Arts; Literature; Monarchy & Royalty,Lady Murasaki,true,The Golden Age of Japan,1,false,high,"The description focuses on the Tale of Genji, Lady Murasaki, and the imperial court during the 'height of Imperial Japan' and a 'golden age of court intrigue.' These references anchor the episode in Japan's Heian-period court world, roughly 900–1100.",3254,https://pdst.fm/e/traffic.megaphone.fm/GLT6500007351.mp3?updated=1745945479,https://open.spotify.com/search/The%20Rest%20Is%20History%20560.%20The%20Golden%20Age%20of%20Japan%3A%20Lady%20Murasaki%20and%20the%20Shining%20Prince%20%28Part%201%29,11de629a-1f89-11f0-929f-bf6f23f9574b
561,561. The Golden Age of Japan: Secrets of the Imperial Court (Part 2),2025-04-30,900,1100,900 – 1100,Japan,Medieval,Culture & Arts; Literature; Monarchy & Royalty; Biography,Sei Shōnagon,true,The Golden Age of Japan,2,false,high,The description explicitly places the episode in the “iconic Heian period” of Imperial Japan and focuses on Sei Shōnagon and life around the Japanese Empress. The main focus is therefore the late 10th to early 11th-century imperial court.,4007,https://pdst.fm/e/traffic.megaphone.fm/GLT9428275194.mp3?updated=1746033394,https://open.spotify.com/search/The%20Rest%20Is%20History%20561.%20The%20Golden%20Age%20of%20Japan%3A%20Secrets%20of%20the%20Imperial%20Court%20%28Part%202%29,81dab170-25e2-11f0-a250-4fe872e051f4
562,562. Peter the Great: The Rise of Russia (Part 1),2025-05-04,1672,1721,1672 – 1721,Russia,Early Modern,Biography; Monarchy & Royalty; Politics & Power; War & Military,Peter the Great,true,Peter the Great,1,false,high,"The description focuses on Peter the Great's early life, his rise as Tsar, and the conditions of 17th-century Russia, extending to the Great Northern War that began in 1700 and established his reputation. A reasonable span is Peter's lifetime through the war's end in 1721.",3812,https://pdst.fm/e/traffic.megaphone.fm/GLT5535116202.mp3?updated=1746448094,https://open.spotify.com/search/The%20Rest%20Is%20History%20562.%20Peter%20the%20Great%3A%20The%20Rise%20of%20Russia%20%28Part%201%29,269925c8-276b-11f0-934d-e7714d2f5b2e
563,563. Peter the Great: Bloodbath in the Kremlin (Part 2),2025-05-07,1682,1700,1682 – 1700,Russia,Early Modern,Monarchy & Royalty; War & Military; Politics & Power; Diplomacy,Peter the Great,true,Peter the Great,2,false,high,"The description focuses on Peter the Great’s early life and rule, including his travels in Europe, first war against the Ottoman Empire, diplomatic mission, suppression of a Russian mutiny, reforms, and the outbreak of the Great Northern War in 1700. These events place the main focus in the late 17th century and around 1700.",3739,https://pdst.fm/e/traffic.megaphone.fm/GLT4388388819.mp3?updated=1784112362,https://open.spotify.com/search/The%20Rest%20Is%20History%20563.%20Peter%20the%20Great%3A%20Bloodbath%20in%20the%20Kremlin%20%28Part%202%29,14cd595e-2b49-11f0-b091-ef0c4bc156d2
564,564. The Great Northern War: The Battle of the Baltic (Part 1),2025-05-11,1700,1709,1700 – 1709,Scandinavia,Early Modern,War & Military; Monarchy & Royalty; Sex & Scandal,Peter the Great; Charles XII,true,The Great Northern War,1,false,high,"The description explicitly identifies the Great Northern War and discusses its “early stages,” Sweden’s Charles XII, and Peter the Great’s conflict with Sweden and its allies. The episode also covers Peter’s scandalous marriage to a serving girl, placing the focus in the early eighteenth century, within the war’s 1700–1721 span.",4027,https://pdst.fm/e/traffic.megaphone.fm/GLT2662789070.mp3?updated=1747059727,https://open.spotify.com/search/The%20Rest%20Is%20History%20564.%20The%20Great%20Northern%20War%3A%20The%20Battle%20of%20the%20Baltic%20%28Part%201%29,5065999e-2d0c-11f0-9292-a3928406e6be
565,565. The Great Northern War: Revenge of the Cossacks (Part 2),2025-05-14,1708,1709,1708 – 1709,Europe,Early Modern,War & Military; Politics & Power; Monarchy & Royalty; Diplomacy,Peter the Great; Charles XII of Sweden,true,The Great Northern War,2,false,high,"The description explicitly places the episode in the Great Northern War and focuses on Peter the Great’s struggle against Charles XII, the Swedish advance, Cossack defection, and the battle that decided their fate. The events described correspond chiefly to the 1708–1709 stage of the war, within the Early Modern period.",4025,https://pdst.fm/e/traffic.megaphone.fm/GLT1223770243.mp3?updated=1747251724,https://open.spotify.com/search/The%20Rest%20Is%20History%20565.%20The%20Great%20Northern%20War%3A%20Revenge%20of%20the%20Cossacks%20%28Part%202%29,d2406992-30f1-11f0-a78e-3bbeead6f8ba
566,566. The Great Northern War: Slaughter on the Steppes (Part 3),2025-05-18,1707,1709,1707 – 1709,Eastern Europe,Early Modern,War & Military; Monarchy & Royalty; Politics & Power,Charles XII of Sweden; Peter the Great,true,The Great Northern War,3,false,high,"The description focuses on Charles XII's invasion of Russia in 1707 and the Battle of Poltava, which took place in 1709, within the Great Northern War. It explicitly centers on Peter the Great, Charles XII, and the decisive battlefield outcome.",3696,https://pdst.fm/e/traffic.megaphone.fm/GLT4679437587.mp3?updated=1747310607,https://open.spotify.com/search/The%20Rest%20Is%20History%20566.%20The%20Great%20Northern%20War%3A%20Slaughter%20on%20the%20Steppes%20%28Part%203%29,5c842908-315c-11f0-9353-b733bc6d64c9
567,567. The Great Northern War: Murder in Moscow (Part 4),2025-05-21,1707,1725,1707 – 1725,Russia,Early Modern,War & Military; Monarchy & Royalty; Politics & Power; Biography,Peter the Great; Alexis Petrovich,true,The Great Northern War,4,false,high,"The description focuses on Peter the Great's victory over Sweden at Poltava, his reign and its consequences for Russia, and the later years of his life, including his treatment of his son Alexis. These events center on the period from the early 1700s through Peter's death in 1725.",3918,https://pdst.fm/e/traffic.megaphone.fm/GLT4718660658.mp3?updated=1747754804,https://open.spotify.com/search/The%20Rest%20Is%20History%20567.%20The%20Great%20Northern%20War%3A%20Murder%20in%20Moscow%20%28Part%204%29,e554bd86-3587-11f0-ab18-97b41f2ba738
568,568. Hannibal: Rome's Greatest Enemy (Part 1),2025-05-25,-264,-218,264 BCE – 218 BCE,Mediterranean,Ancient,War & Military; Politics & Power; Biography,Hannibal; Hamilcar Barca,true,Hannibal,1,false,high,"The description explicitly places the Rome–Carthage rivalry in the third century BC and mentions Carthage's defeat in 264 BC. It focuses on Hannibal's early life, rise, and setting out against Rome, leading up to his command and campaign beginning around 218 BC.",3336,https://pdst.fm/e/traffic.megaphone.fm/GLT7606824410.mp3?updated=1748000703,https://open.spotify.com/search/The%20Rest%20Is%20History%20568.%20Hannibal%3A%20Rome%27s%20Greatest%20Enemy%20%28Part%201%29,6b5221b6-37c3-11f0-bb8b-3f58035d9433
569,569. Hannibal: Elephants Cross the Alps (Part 2),2025-05-28,-218,-201,218 BCE – 201 BCE,Mediterranean,Ancient,War & Military; Politics & Power; Biography,Hannibal Barca,true,Hannibal,2,false,high,The description explicitly dates Hannibal's Alpine crossing to 218 BC and identifies the outbreak of the Second Punic War between Carthage and Rome; the war conventionally continued until 201 BC.,3508,https://pdst.fm/e/traffic.megaphone.fm/GLT8313087633.mp3?updated=1784112214,https://open.spotify.com/search/The%20Rest%20Is%20History%20569.%20Hannibal%3A%20Elephants%20Cross%20the%20Alps%20%28Part%202%29,4f9912aa-3beb-11f0-8be0-cbaedbf7f973
570,570. Hannibal: The Invasion of Italy (Part 3),2025-06-01,-218,-218,218 BCE,Italy,Ancient,War & Military; Biography; Exploration & Discovery,Hannibal,true,Hannibal,3,false,high,The description explicitly dates the Trebbia River clash to 218 BC and focuses on Hannibal’s crossing of the Alps and the early stages of his war against Rome in Italy.,3360,https://pdst.fm/e/traffic.megaphone.fm/GLT2952414067.mp3?updated=1784112251,https://open.spotify.com/search/The%20Rest%20Is%20History%20570.%20Hannibal%3A%20The%20Invasion%20of%20Italy%20%28Part%203%29,1494cd46-3c6a-11f0-b486-5318baea25d5
571,571. Hannibal: Roman Bloodbath at Cannae (Part 4),2025-06-04,-216,-216,216 BCE,Mediterranean,Ancient,War & Military; Biography; Politics & Power,Hannibal,true,Hannibal,4,false,high,"The description explicitly dates the Battle of Cannae to “216 BC” and focuses on Hannibal’s tactics, the battle’s casualties, and the war between Carthage and Rome.",3506,https://pdst.fm/e/traffic.megaphone.fm/GLT2444504695.mp3?updated=1749055048,https://open.spotify.com/search/The%20Rest%20Is%20History%20571.%20Hannibal%3A%20Roman%20Bloodbath%20at%20Cannae%20%28Part%204%29,33dbaad2-4154-11f0-b9ea-dbc2b3cb28b0
572,572. The Medici: Masters of Florence (Part 1),2025-06-08,1400,1500,1400 – 1500,Italy,Medieval,Politics & Power; Biography; Culture & Arts,Cosimo de' Medici,true,The Medici,1,false,high,The description explicitly places the Medici's seizure of power in Florence during the “15th century” and focuses on Cosimo Medici's rise to the forefront of Florentine politics during the Renaissance.,3825,https://pdst.fm/e/traffic.megaphone.fm/GLT1413065864.mp3?updated=1749052325,https://open.spotify.com/search/The%20Rest%20Is%20History%20572.%20The%20Medici%3A%20Masters%20of%20Florence%20%28Part%201%29,481263d6-405c-11f0-839d-d7beff4fbd4e
573,573. The Medici: Lorenzo the Magnificent (Part 2),2025-06-11,1478,1492,1478 – 1492,Italy,Medieval,Biography; Politics & Power; Crime & Mystery; Culture & Arts,Lorenzo de' Medici,true,The Medici,2,false,high,"The description focuses on Lorenzo the Magnificent’s early political career, especially the Pazzi Conspiracy and his struggle to remain Prince of Florence. These events anchor the episode in the late 15th century, during the Renaissance.",3598,https://pdst.fm/e/traffic.megaphone.fm/GLT6599592252.mp3?updated=1749655445,https://open.spotify.com/search/The%20Rest%20Is%20History%20573.%20The%20Medici%3A%20Lorenzo%20the%20Magnificent%20%28Part%202%29,02550136-453f-11f0-9054-5b2dc31ef1b0
574,574. The Medici: Curse of the Mad Monk (Part 3),2025-06-15,1449,1498,1449 – 1498,Italy,Medieval,Politics & Power; Religion & Church; Culture & Arts; Biography,Lorenzo de' Medici; Girolamo Savonarola; Michelangelo; Leonardo da Vinci,true,The Medici,3,false,high,"The episode focuses on Lorenzo de' Medici's rule in Florence, his conflict with Girolamo Savonarola, and the careers of Michelangelo and Leonardo da Vinci, placing it in late-15th-century Renaissance Italy.",3573,https://pdst.fm/e/traffic.megaphone.fm/GLT6193985064.mp3?updated=1784111483,https://open.spotify.com/search/The%20Rest%20Is%20History%20574.%20The%20Medici%3A%20Curse%20of%20the%20Mad%20Monk%20%28Part%203%29,1deb6f9c-4545-11f0-8b3d-7bfdbee6664f
575,575. The Medici: The Bonfire of the Vanities (Part 4),2025-06-19,1492,1498,1492 – 1498,Italy,Medieval,Politics & Power; Religion & Church; War & Military; Monarchy & Royalty,Lorenzo de' Medici; Savonarola,true,The Medici,4,false,high,"The episode follows the death of Lorenzo the Magnificent, the Medici succession, the approaching French army, and Savonarola's rise to power in Florence. These events center on the political and religious turmoil of Renaissance Florence in the 1490s, especially after the French invasion of 1494.",4149,https://pdst.fm/e/traffic.megaphone.fm/GLT2280694489.mp3?updated=1784111597,https://open.spotify.com/search/The%20Rest%20Is%20History%20575.%20The%20Medici%3A%20The%20Bonfire%20of%20the%20Vanities%20%28Part%204%29,2fa34374-4caf-11f0-98e7-7fd584575b46
576,576. The Irish War of Independence: Rise of the IRA (Part 1),2025-06-22,1916,1921,1916 – 1921,Ireland,World Wars & Interwar,War & Military; Politics & Power; Revolution; Biography,Éamon de Valera,true,The Irish War of Independence,1,true,high,"The description anchors the episode in the Easter Rising of 1916, the impact of the First World War, and the Irish War of Independence, which primarily ran from 1919 to 1921. Éamon de Valera is explicitly identified as a central figure in the story.",4198,https://pdst.fm/e/traffic.megaphone.fm/GLT9072105702.mp3?updated=1750631815,https://open.spotify.com/search/The%20Rest%20Is%20History%20576.%20The%20Irish%20War%20of%20Independence%3A%20Rise%20of%20the%20IRA%20%28Part%201%29,25e4d690-4dd1-11f0-81ad-a7e10ee422a8
577,577. The Irish War of Independence: The Violence Begins (Part 2),2025-06-25,1917,1921,1917 – 1921,Ireland,World Wars & Interwar,War & Military; Revolution; Politics & Power; Biography,Michael Collins,true,The Irish War of Independence,2,true,high,"The description explicitly focuses on the Irish War of Independence, Sinn Féin's 1917 electoral victory, and post-First World War politics, placing the main narrative in approximately 1917–1921. Michael Collins is identified as a central revolutionary leader.",3817,https://pdst.fm/e/traffic.megaphone.fm/GLT3492584348.mp3?updated=1750870334,https://open.spotify.com/search/The%20Rest%20Is%20History%20577.%20The%20Irish%20War%20of%20Independence%3A%20The%20Violence%20Begins%20%28Part%202%29,5d7d0b70-51de-11f0-bbcc-3fc88ff280a8
578,578. The Irish War of Independence: Bloody Sunday (Part 3),2025-06-29,1920,1920,1920,Ireland,World Wars & Interwar,War & Military; Assassination; Politics & Power; Genocide & Atrocity,Michael Collins,true,The Irish War of Independence,3,true,high,"The description explicitly dates the episode's central events to Bloody Sunday on 21 November 1920, during the Irish War of Independence. It focuses on the assassinations ordered by Michael Collins and the shooting of civilians at Croke Park.",3466,https://pdst.fm/e/traffic.megaphone.fm/GLT8552699883.mp3?updated=1751035728,https://open.spotify.com/search/The%20Rest%20Is%20History%20578.%20The%20Irish%20War%20of%20Independence%3A%20Bloody%20Sunday%20%28Part%203%29,226b0334-5341-11f0-8b22-5f9941bcdd93
579,579. The Irish War of Independence: Showdown in London (Part 4),2025-07-02,1921,1923,1921 – 1923,Ireland,World Wars & Interwar,Politics & Power; War & Military; Revolution; Diplomacy,David Lloyd George; Winston Churchill; Michael Collins; Arthur Griffith; Éamon de Valera,true,The Irish War of Independence,4,true,high,"The episode is anchored by the Anglo-Irish Treaty, explicitly described as signed in December 1921, and follows its rejection by Éamon de Valera and the seeds of the Irish Civil War, extending into 1922–23.",3967,https://pdst.fm/e/traffic.megaphone.fm/GLT9064307865.mp3?updated=1751464705,https://open.spotify.com/search/The%20Rest%20Is%20History%20579.%20The%20Irish%20War%20of%20Independence%3A%20Showdown%20in%20London%20%28Part%204%29,b7ac4d7e-5592-11f0-ab4b-e742605904ae
580,580. The Irish Civil War: The Assassination of Sir Henry Wilson (Part 1),2025-07-06,1922,1923,1922 – 1923,Ireland,World Wars & Interwar,Assassination; War & Military; Politics & Power; Biography,Sir Henry Wilson,true,The Irish Civil War,1,true,high,"The description explicitly dates Sir Henry Wilson’s murder to 1922 and says his death launched the Irish Civil War, whose main phase was 1922–1923. References to Irish Home Rule and Irish independence establish Ireland as the dominant region.",2852,https://pdst.fm/e/traffic.megaphone.fm/GLT8285525213.mp3?updated=1751982238,https://open.spotify.com/search/The%20Rest%20Is%20History%20580.%20The%20Irish%20Civil%20War%3A%20The%20Assassination%20of%20Sir%20Henry%20Wilson%20%28Part%201%29,f3a0bcc2-5595-11f0-809c-47f70432e2dd
581,581. The Irish Civil War: The Killing of Michael Collins (Part 2),2025-07-09,1922,1922,1922,Ireland,World Wars & Interwar,War & Military; Politics & Power; Assassination; Biography,Michael Collins; Éamon de Valera; Sir Henry Wilson,true,The Irish Civil War,2,true,high,"The description centers on the Battle of the Four Courts and the Irish Civil War in 1922, especially the killing of Michael Collins. It explicitly asks how Collins was killed in 1922 and discusses his conflict with Éamon de Valera.",2722,https://pdst.fm/e/traffic.megaphone.fm/GLT3233824863.mp3?updated=1752078918,https://open.spotify.com/search/The%20Rest%20Is%20History%20581.%20The%20Irish%20Civil%20War%3A%20The%20Killing%20of%20Michael%20Collins%20%28Part%202%29,8c6fa70e-5cdc-11f0-8fb8-931b31c7dcdf
582,582. The Body in the Woods: A Medieval Murder Mystery,2025-07-13,1144,1200,1144 – 1200,Britain,Medieval,Crime & Mystery; Religion & Church; Genocide & Atrocity,,false,,,false,medium,"The description explicitly places the murder in Norwich in the “12th century” and identifies it as the medieval English blood libel story, with subsequent Jewish persecution as the broader aftermath. The exact endpoint is not specified, so the range is treated as the later 12th century.",3654,https://pdst.fm/e/traffic.megaphone.fm/GLT7904466685.mp3?updated=1752446388,https://open.spotify.com/search/The%20Rest%20Is%20History%20582.%20The%20Body%20in%20the%20Woods%3A%20A%20Medieval%20Murder%20Mystery,2623ac04-5e60-11f0-9008-3f34c90baa27
583,"583. The Lion, the Priest and the Parlourmaids: A 1930s Sex Scandal",2025-07-16,1932,1937,1932 – 1937,Britain,World Wars & Interwar,Sex & Scandal; Crime & Mystery; Biography,Harold Davidson,false,,,false,high,"The episode is explicitly described as a “1930s Sex Scandal,” centered on Harold Davidson’s trial and defrocking in 1932 and his later public appearances and death between a lion’s jaws. The British setting is established by his role as the Rector of Stiffkey and the references to Blackpool.",3455,https://pdst.fm/e/traffic.megaphone.fm/GLT8788233490.mp3?updated=1753917783,https://open.spotify.com/search/The%20Rest%20Is%20History%20583.%20The%20Lion%2C%20the%20Priest%20and%20the%20Parlourmaids%3A%20A%201930s%20Sex%20Scandal,1abf3894-6255-11f0-8ec4-034fb3e2137f
584,"584. Mary, Queen of Scots: Birth of a Legend (Part 1)",2025-07-20,1542,1560,1542 – 1560,Scandinavia,Early Modern,Monarchy & Royalty; Politics & Power; Religion & Church; Biography,"Mary, Queen of Scots",true,"Mary, Queen of Scots",1,false,high,"The episode focuses on Mary's birth, infancy, and early life, including becoming queen at one week old and being betrothed at five; the description explicitly places this in the politically and religiously divided 16th century.",3283,https://pdst.fm/e/traffic.megaphone.fm/GLT7723962252.mp3?updated=1753939684,https://open.spotify.com/search/The%20Rest%20Is%20History%20584.%20Mary%2C%20Queen%20of%20Scots%3A%20Birth%20of%20a%20Legend%20%28Part%201%29,c691a8ce-63e4-11f0-a3df-a3091a6d41d9
585,"585. Mary, Queen of Scots: The Royal Rivals (Part 2)",2025-07-23,1559,1560,1559 – 1560,France,Early Modern,Monarchy & Royalty; Politics & Power; Biography; Religion & Church,"Mary, Queen of Scots; Mary of Guise; Elizabeth I",true,"Mary, Queen of Scots",2,false,high,"The description explicitly anchors the episode in 1559, when Mary became queen of Scotland and France, and follows her unexpected widowhood and burgeoning rivalry with Elizabeth I.",3652,https://pdst.fm/e/traffic.megaphone.fm/GLT5612344391.mp3?updated=1753942527,https://open.spotify.com/search/The%20Rest%20Is%20History%20585.%20Mary%2C%20Queen%20of%20Scots%3A%20The%20Royal%20Rivals%20%28Part%202%29,d9a5e5c2-67ab-11f0-9c98-e7a5f31a14f1
586,"586. Mary, Queen of Scots: The Battle for Scotland (Part 3)",2025-07-27,1561,1567,1561 – 1567,Britain,Early Modern,Monarchy & Royalty; Politics & Power; Religion & Church,"Mary, Queen of Scots; Elizabeth I",true,"Mary, Queen of Scots",3,false,high,"The episode focuses on Mary's return to Scotland after her husband's death, her religious and political conflicts with Scottish nobles, her interest in the English crown, and her second marriage. These events anchor the episode broadly to 1561–1567, during the reigns of Mary, Queen of Scots and Elizabeth I.",3892,https://pdst.fm/e/traffic.megaphone.fm/GLT1545905247.mp3?updated=1753917314,https://open.spotify.com/search/The%20Rest%20Is%20History%20586.%20Mary%2C%20Queen%20of%20Scots%3A%20The%20Battle%20for%20Scotland%20%28Part%203%29,180f1576-693d-11f0-9ba4-4fb317cacfca
587,"587. Mary, Queen of Scots: Murder Most Foul (Part 4)",2025-07-30,1565,1567,1565 – 1567,Britain,Early Modern,Monarchy & Royalty; Politics & Power; War & Military; Assassination,"Mary, Queen of Scots; Lord Darnley; Elizabeth I; James Hepburn, Earl of Bothwell; James VI of Scotland",true,"Mary, Queen of Scots",4,false,high,"The description focuses on Mary’s second marriage to Lord Darnley, the murder within her inner circle, her conflict with Elizabeth I, and the birth of her heir, James, placing the episode primarily around 1565–1567.",3262,https://pdst.fm/e/traffic.megaphone.fm/GLT2035316933.mp3?updated=1753936999,https://open.spotify.com/search/The%20Rest%20Is%20History%20587.%20Mary%2C%20Queen%20of%20Scots%3A%20Murder%20Most%20Foul%20%28Part%204%29,aed57c98-6d61-11f0-83b7-c75d76a7e5d1
588,"588. Mary, Queen of Scots: The Mystery of the Exploding Mansion (Part 5)",2025-08-03,1567,1567,1567,Britain,Early Modern,Assassination; Monarchy & Royalty; Politics & Power; Sex & Scandal,"Mary, Queen of Scots; Lord Darnley",true,"Mary, Queen of Scots",5,false,high,"The description focuses on the build-up to and enactment of Lord Darnley’s murder, which occurred in 1567, and on whether Mary, Queen of Scots was complicit. The episode is explicitly marked “Part 5” and concerns Mary’s tumultuous life in Scotland.",3608,https://pdst.fm/e/traffic.megaphone.fm/GLT2383249995.mp3?updated=1754129911,https://open.spotify.com/search/The%20Rest%20Is%20History%20588.%20Mary%2C%20Queen%20of%20Scots%3A%20The%20Mystery%20of%20the%20Exploding%20Mansion%20%28Part%205%29,69db2a6c-6ee6-11f0-bf23-8b1f4a3f4e92
589,"589. Mary, Queen of Scots: Downfall (Part 6)",2025-08-06,1567,1587,1567 – 1587,Britain,Early Modern,Monarchy & Royalty; Politics & Power; Sex & Scandal; Assassination,"Mary, Queen of Scots; Elizabeth I; Lord Darnley",true,"Mary, Queen of Scots",6,false,medium,"The episode focuses on the aftermath of the murder of Lord Darnley, Mary's forced flight, dethronement and imprisonment under Elizabeth I, placing it in the late sixteenth century, approximately 1567–1587. The title's “Downfall” and description's references to Elizabeth I and her spymasters anchor the episode in Mary's final years.",3973,https://pdst.fm/e/traffic.megaphone.fm/GLT8999516788.mp3?updated=1754478548,https://open.spotify.com/search/The%20Rest%20Is%20History%20589.%20Mary%2C%20Queen%20of%20Scots%3A%20Downfall%20%28Part%206%29,06f73ad8-72b2-11f0-af85-336e84e38dad
590,590. The Assassination of Abraham Lincoln: Death at the Theatre (Part 1),2025-08-10,1865,1865,1865,United States,Long 19th Century,Assassination; War & Military; Politics & Power; Biography,Abraham Lincoln; John Wilkes Booth,true,The Assassination of Abraham Lincoln,1,true,high,"The description anchors the episode in the closing weeks and final days of the American Civil War, following Lincoln's passage of the 13th Amendment and recent re-election, and focuses on his assassination by John Wilkes Booth in 1865.",3744,https://pdst.fm/e/traffic.megaphone.fm/GLT2286421954.mp3?updated=1754871827,https://open.spotify.com/search/The%20Rest%20Is%20History%20590.%20The%20Assassination%20of%20Abraham%20Lincoln%3A%20Death%20at%20the%20Theatre%20%28Part%201%29,861022f0-7391-11f0-a2e3-bfa463089f74
591,591. The Assassination of Abraham Lincoln: Manhunt for the Killer (Part 2),2025-08-13,1865,1865,1865,United States,Long 19th Century,Assassination; Crime & Mystery; Politics & Power; Biography,Abraham Lincoln; John Wilkes Booth; Robert E. Lee,true,The Assassination of Abraham Lincoln,2,true,high,"The description explicitly dates Lincoln’s murder to Good Friday 1865 and focuses on the assassination, John Wilkes Booth’s escape and the ensuing manhunt, with Robert E. Lee’s surrender as immediate context.",4076,https://pdst.fm/e/traffic.megaphone.fm/GLT7618197031.mp3?updated=1755122723,https://open.spotify.com/search/The%20Rest%20Is%20History%20591.%20The%20Assassination%20of%20Abraham%20Lincoln%3A%20Manhunt%20for%20the%20Killer%20%28Part%202%29,adde893a-784f-11f0-9b7a-e762460e32e7
592,592. Mad Victorian Sport,2025-08-17,1800,1901,1800 – 1901,Britain,Long 19th Century,Sport; Culture & Arts; Crime & Mystery,Richard Manks,false,,,true,high,"The title explicitly identifies the subject as ""Victorian"" sport, while the description focuses on the origins of football, rugby and cricket, the first cricket Test, and the Victorian-era Richard Manks. These anchors place the dominant focus in 19th-century Britain, approximately 1800–1901.",3395,https://pdst.fm/e/traffic.megaphone.fm/GLT6102181144.mp3?updated=1755510331,https://open.spotify.com/search/The%20Rest%20Is%20History%20592.%20Mad%20Victorian%20Sport,58faaca2-7915-11f0-b505-0394435ea024
593,593. The Fight of the Century,2025-08-20,1860,1860,1860,Britain,Long 19th Century,Sport; Culture & Arts; Biography,John Heenan; Tom Sayers,false,,,true,high,"The description explicitly centers on John Heenan and Tom Sayers illegally fighting in Hampshire “in 1860,” and asks about the fight’s impact on British sport and 19th-century Britishness.",3439,https://pdst.fm/e/traffic.megaphone.fm/GLT1334632459.mp3?updated=1775852216,https://open.spotify.com/search/The%20Rest%20Is%20History%20593.%20The%20Fight%20of%20the%20Century,9a8c87cc-7dbf-11f0-abf4-a34b63e044f3
594,594. The First World War: The Invasion of Belgium (Part 1),2025-08-24,1914,1914,1914,Europe,World Wars & Interwar,War & Military; Politics & Power; Diplomacy,,true,The First World War,1,true,high,"The description explicitly anchors the episode to the declaration of war and outbreak of the First World War in 1914, focusing on its earliest military engagements and the German move into Belgium.",3611,https://pdst.fm/e/traffic.megaphone.fm/GLT4855256129.mp3?updated=1755880436,https://open.spotify.com/search/The%20Rest%20Is%20History%20594.%20The%20First%20World%20War%3A%20The%20Invasion%20of%20Belgium%20%28Part%201%29,30b63a14-7f5e-11f0-86a6-571fadefd84f
595,595. The First World War: The Battle of the Frontiers (Part 2),2025-08-27,1914,1914,1914,Europe,World Wars & Interwar,War & Military; Politics & Power,,true,The First World War,2,true,high,"The title and description explicitly identify the First World War and focus on the Battle of the Ardennes and other early engagements in August 1914. The episode concerns military operations among Britain, France, and Germany in Europe.",3637,https://pdst.fm/e/traffic.megaphone.fm/GLT5758313909.mp3?updated=1756312614,https://open.spotify.com/search/The%20Rest%20Is%20History%20595.%20The%20First%20World%20War%3A%20The%20Battle%20of%20the%20Frontiers%20%28Part%202%29,74561d18-835d-11f0-a69c-73ccdd92cb5a
596,596. The First World War: The Miracle on the Marne (Part 3),2025-08-31,1914,1914,1914,France,World Wars & Interwar,War & Military; Politics & Power,,true,The First World War,3,true,high,"The episode is explicitly about the Battle of the Marne, fought in September 1914, and describes it as a decisive clash of the First World War involving the Schlieffen Plan and French-German forces.",4055,https://pdst.fm/e/traffic.megaphone.fm/GLT2229565266.mp3?updated=1756658924,https://open.spotify.com/search/The%20Rest%20Is%20History%20596.%20The%20First%20World%20War%3A%20The%20Miracle%20on%20the%20Marne%20%28Part%203%29,ca1692ae-865b-11f0-bdbf-2bbd0a2fa2ff
597,597. The First World War: The Massacre of the Innocents (Part 4),2025-09-03,1914,1914,1914,Europe,World Wars & Interwar,War & Military; Genocide & Atrocity; Politics & Power,,true,The First World War,4,true,high,"The description focuses on the Battle of Ypres in October 1914, including the German and British fighting and the 'Kindermord' or 'Massacre of the Innocents.' Later consequences for Hitler are mentioned, but the dominant focus is the 1914 battle.",3315,https://pdst.fm/e/traffic.megaphone.fm/GLT9434623550.mp3?updated=1757078000,https://open.spotify.com/search/The%20Rest%20Is%20History%20597.%20The%20First%20World%20War%3A%20The%20Massacre%20of%20the%20Innocents%20%28Part%204%29,5391eeb4-88cf-11f0-bcd2-6ff110fe670f
598,598. The First World War: The Eastern Front Explodes (Part 5),2025-09-05,1914,1915,1914 – 1915,Eastern Europe,World Wars & Interwar,War & Military; Empire & Colonialism; Politics & Power,,true,The First World War,5,true,high,"The description explicitly focuses on the outbreak of the First World War in 1914, the early campaigns on the Eastern Front, and clashes involving Austria, Serbia, Russia, and Germany. Its emphasis on the Habsburg Empire also supports the empire and power themes.",4241,https://pdst.fm/e/traffic.megaphone.fm/GLT2256735701.mp3?updated=1757428931,https://open.spotify.com/search/The%20Rest%20Is%20History%20598.%20The%20First%20World%20War%3A%20The%20Eastern%20Front%20Explodes%20%28Part%205%29,27230e6c-8a50-11f0-85b1-17e856872aab
599,599. The First World War: Downfall of the Habsburgs (Part 6),2025-09-10,1914,1914,1914,Europe,World Wars & Interwar,War & Military; Empire & Colonialism; Politics & Power,,true,The First World War,6,true,high,"The episode explicitly focuses on the first year of “the First World War,” including the Russian advance and the fall of the Austro-Hungarian Empire in 1914. Its title identifies it as Part 6 of “The First World War.”",3716,https://pdst.fm/e/traffic.megaphone.fm/GLT3258664296.mp3?updated=1757523887,https://open.spotify.com/search/The%20Rest%20Is%20History%20599.%20The%20First%20World%20War%3A%20Downfall%20of%20the%20Habsburgs%20%28Part%206%29,39b664ca-8e60-11f0-9da7-cfc43e2d611a
600,600. Chatham High Street,2025-09-14,43,1945,43 – 1945,Britain,Long 19th Century,War & Military; Monarchy & Royalty; Culture & Arts; Politics & Power,King John; Charles II; Horatio Nelson; Charles Dickens,false,,,false,low,"The description explicitly presents Chatham as spanning “every epoch,” from the Roman invasion of Britain through the Napoleonic Wars to the Second World War. The chosen range therefore runs from the Roman invasion, conventionally dated to AD 43, to the end of the Second World War in 1945; the era bucket reflects the prominent Napoleonic-era focus while acknowledging the episode’s broad chronological span.",3716,https://pdst.fm/e/traffic.megaphone.fm/GLT2782191075.mp3?updated=1757879738,https://open.spotify.com/search/The%20Rest%20Is%20History%20600.%20Chatham%20High%20Street,3f871d4e-9005-11f0-a467-3b6de25634b5
601,601. Scandal in the White House,2025-09-17,1884,1889,1884 – 1889,United States,Long 19th Century,Politics & Power; Sex & Scandal; Biography; Crime & Mystery,Grover Cleveland; Maria Crofts Halpin,false,,,true,high,"The description anchors the episode in the run-up to Cleveland's first term in 1884, during the Gilded Age, and focuses on the scandal surrounding his alleged relationship with Maria Crofts Halpin and its political consequences.",4281,https://pdst.fm/e/traffic.megaphone.fm/GLT1369800109.mp3?updated=1758146111,https://open.spotify.com/search/The%20Rest%20Is%20History%20601.%20Scandal%20in%20the%20White%20House,04252de4-93e4-11f0-bd6e-d388f3afe963
602,"602. Greek Myths: Zeus, King of the Gods (Part 1)",2025-09-21,-1200,-700,1200 BCE – 700 BCE,Mediterranean,Ancient,Religion & Church; Culture & Arts; Literature; War & Military,Zeus; Cronos; Hesiod; Homer; Heracles,true,Greek Myths,1,false,medium,"The episode focuses on the mythic origins of Zeus, the Titans, and Greek heroes, while dating the earliest recorded myths to the era of Hesiod and Homer. The description explicitly frames the subject as ancient Greek myth and culture, so the date range is approximate.",3677,https://pdst.fm/e/traffic.megaphone.fm/GLT4871750364.mp3?updated=1758288034,https://open.spotify.com/search/The%20Rest%20Is%20History%20602.%20Greek%20Myths%3A%20Zeus%2C%20King%20of%20the%20Gods%20%28Part%201%29,9bf1c766-9544-11f0-9a9b-2fcec944c46f
603,603. Greek Myths: The Riddle of the Sphinx (Part 2),2025-09-24,-500,-400,500 BCE – 400 BCE,Mediterranean,Ancient,Literature; Culture & Arts; Politics & Power; Disaster & Plague,Sophocles; Pericles,true,Greek Myths,2,false,high,"The episode explicitly anchors the historical context in “5th century Athens,” discussing Sophocles, Pericles, rival Greek city-states, and a major plague. Freud is mentioned only as a later interpreter of the myth, not as the dominant focus.",3934,https://pdst.fm/e/traffic.megaphone.fm/GLT9108845593.mp3?updated=1758732761,https://open.spotify.com/search/The%20Rest%20Is%20History%20603.%20Greek%20Myths%3A%20The%20Riddle%20of%20the%20Sphinx%20%28Part%202%29,e761611a-995f-11f0-8039-7bf33cc9f49d
604,"604. Greek Myths: Sex, Drugs & Tragedy (Part 3)",2025-09-28,-500,-400,500 BCE – 400 BCE,Mediterranean,Ancient,Religion & Church; Culture & Arts; Sex & Scandal,,true,Greek Myths,3,false,medium,"The description explicitly places the episode in 'Ancient Greek society' and focuses on Dionysus, his cult, and The Bacchae, an ancient Greek tragedy. The play is associated with the late fifth century BCE, so the main focus is reasonably dated to approximately 500–400 BCE.",3874,https://pdst.fm/e/traffic.megaphone.fm/GLT7123647684.mp3?updated=1759100706,https://open.spotify.com/search/The%20Rest%20Is%20History%20604.%20Greek%20Myths%3A%20Sex%2C%20Drugs%20%26%20Tragedy%20%28Part%203%29,8940fee2-9ae5-11f0-b94d-5f85be665521
605,605. Greek Myths: Jason & The Quest for the Golden Fleece (Part 4),2025-10-01,-1300,-300,1300 BCE – 300 BCE,Mediterranean,Ancient,Religion & Church; Culture & Arts; Exploration & Discovery; Monarchy & Royalty,Jason; Medea; Alexander the Great; Odysseus; Achilles,true,Greek Myths,4,false,medium,"The episode focuses on the ancient Greek myth of Jason and the Argonauts, while explicitly discussing its origins, the Olympian gods, and the skeptical Hellenistic age transformed by Alexander the Great. The broad mythic timeframe is uncertain, so it is dated approximately from the Mycenaean-era origins of Greek traditions to the Hellenistic period.",3782,https://pdst.fm/e/traffic.megaphone.fm/GLT3067620137.mp3?updated=1759342659,https://open.spotify.com/search/The%20Rest%20Is%20History%20605.%20Greek%20Myths%3A%20Jason%20%26%20The%20Quest%20for%20the%20Golden%20Fleece%20%28Part%204%29,0a127432-9eb1-11f0-84b4-eff338ad799f
606,606. Enoch Powell: Rivers of Blood,2025-10-05,1968,1968,1968,Britain,Postwar,Politics & Power; Ideology; Biography,Enoch Powell,false,,,false,high,"The episode is anchored by Enoch Powell’s inflammatory “Rivers of Blood speech” in 1968, while discussing his wider role in British politics and his enduring influence today.",4621,https://pdst.fm/e/traffic.megaphone.fm/GLT7520958596.mp3?updated=1763642349,https://open.spotify.com/search/The%20Rest%20Is%20History%20606.%20Enoch%20Powell%3A%20Rivers%20of%20Blood,c6f5558e-a063-11f0-964a-c78e71a735dc
607,607. Nelson’s Lover: The Scandalous Lady Hamilton,2025-10-08,1765,1815,1765 – 1815,Britain,Early Modern,Biography; Sex & Scandal; Culture & Arts,Emma Hamilton; Horatio Nelson,false,,,false,high,"The description focuses on Emma Hamilton's rise from poverty and her relationship with Horatio Nelson, spanning her life and celebrity career from the mid-18th century through Nelson's death in 1805 and her death in 1815. Phrases such as “Nelson’s mistress,” “model, actress, dancer,” and “famous love affair” anchor the episode in biography, scandal, and cultural celebrity.",4443,https://pdst.fm/e/traffic.megaphone.fm/GLT1577197938.mp3?updated=1763642144,https://open.spotify.com/search/The%20Rest%20Is%20History%20607.%20Nelson%E2%80%99s%20Lover%3A%20The%20Scandalous%20Lady%20Hamilton,5dccc242-a39f-11f0-b5ab-d355e8d63394
608,608. Nelson: Slaughter in Naples (Part 1),2025-10-12,1798,1800,1798 – 1800,Italy,Early Modern,War & Military; Biography; Sex & Scandal; Politics & Power,Horatio Nelson; Lady Emma Hamilton,true,Nelson,1,false,high,"The description centers on Nelson's arrival in Naples after the Battle of the Nile and his support for the Neapolitan campaign to liberate Italy from the French, placing the main events around 1798–1800. It also explicitly highlights his relationship with Lady Emma Hamilton and the controversy that damaged his reputation.",4943,https://pdst.fm/e/traffic.megaphone.fm/GLT8594694484.mp3?updated=1763642104,https://open.spotify.com/search/The%20Rest%20Is%20History%20608.%20Nelson%3A%20Slaughter%20in%20Naples%20%28Part%201%29,4c29f10a-a439-11f0-8146-a7570b733687
609,609. Nelson: The Gathering Storm (Part 2),2025-10-15,1797,1801,1797 – 1801,Britain,Early Modern,War & Military; Biography; Politics & Power; Sex & Scandal,Horatio Nelson; Emma Hamilton,true,Nelson,2,false,medium,"The description focuses on Nelson’s return to Britain after two years at sea, his involvement in Naples and the Jacobite rebellion, his affair with Emma Hamilton, and the road to the Battle of Copenhagen, placing the main story roughly in 1797–1801. Because the narrative begins before 1800 and spans the Early Modern/19th-century boundary, it is not strongly confined to 1800–1934.",3732,https://pdst.fm/e/traffic.megaphone.fm/GLT8067718474.mp3?updated=1763642285,https://open.spotify.com/search/The%20Rest%20Is%20History%20609.%20Nelson%3A%20The%20Gathering%20Storm%20%28Part%202%29,473130d4-a9e1-11f0-b09d-2350aa219b54
610,610. Nelson: The Battle of Copenhagen (Part 3),2025-10-19,1801,1801,1801,Scandinavia,Long 19th Century,War & Military; Biography; Diplomacy,Horatio Nelson,true,Nelson,3,true,high,"The description explicitly identifies the episode as covering the bloody First Battle of Copenhagen in 1801, including Nelson's attack on the Danish fleet and its consequences for Britain, Napoleon's France, and Nelson.",4045,https://pdst.fm/e/traffic.megaphone.fm/GLT9153225543.mp3?updated=1763642283,https://open.spotify.com/search/The%20Rest%20Is%20History%20610.%20Nelson%3A%20The%20Battle%20of%20Copenhagen%20%28Part%203%29,076142fa-ab71-11f0-8378-17d3687bd35e
611,611. Nelson: Bonaparte Prepares to Strike (Part 4),2025-10-22,1801,1803,1801 – 1803,Britain,Long 19th Century,War & Military; Biography; Sex & Scandal; Diplomacy,Horatio Nelson; Napoleon Bonaparte; Emma Hamilton,true,Nelson,4,true,high,"The description explicitly focuses on Napoleon’s planned invasion in 1801, Nelson’s attack at Boulogne, the failed peace treaty, and Britain’s renewed war with France in 1803. It also highlights Nelson’s relationship with Emma Hamilton and his clashes with Napoleon’s fleet.",4168,https://pdst.fm/e/traffic.megaphone.fm/GLT9281187489.mp3?updated=1763642327,https://open.spotify.com/search/The%20Rest%20Is%20History%20611.%20Nelson%3A%20Bonaparte%20Prepares%20to%20Strike%20%28Part%204%29,eeae3190-af63-11f0-a23b-1b096475a4ea
612,612. Nelson: The Final Showdown (Part 5),2025-10-27,1803,1805,1803 – 1805,Britain,Long 19th Century,War & Military; Biography; Empire & Colonialism,Horatio Nelson; Napoleon Bonaparte; Emma Hamilton,true,Nelson,5,true,high,"The description focuses on the build-up to the Battle of Trafalgar in 1805, including Nelson’s pursuit of the combined French and Spanish fleet, Napoleon’s invasion schemes, and Nelson’s personal life with Emma. The likely narrative span is the preceding naval campaign through Trafalgar, approximately 1803–1805.",3779,https://pdst.fm/e/traffic.megaphone.fm/GLT2077045869.mp3?updated=1763642169,https://open.spotify.com/search/The%20Rest%20Is%20History%20612.%20Nelson%3A%20The%20Final%20Showdown%20%28Part%205%29,80ecb8be-b285-11f0-b6e2-af2a478fec08
613,613. Nelson: Glory at Trafalgar (Part 6),2025-10-30,1805,1805,1805,Britain,Long 19th Century,War & Military; Biography,Horatio Nelson; Pierre-Charles Villeneuve,true,Nelson,6,true,high,"The description focuses on the Battle of Trafalgar, explicitly placing it at the height of the Napoleonic Wars and describing Nelson aboard HMS Victory; the battle took place in 1805.",4256,https://pdst.fm/e/traffic.megaphone.fm/GLT7193792251.mp3?updated=1763642241,https://open.spotify.com/search/The%20Rest%20Is%20History%20613.%20Nelson%3A%20Glory%20at%20Trafalgar%20%28Part%206%29,4e4f7c62-b4f0-11f0-b84b-6b7fe498d33b
614,614. Walt Disney: The Great American Storyteller,2025-11-03,1901,1966,1901 – 1966,United States,Postwar,Biography; Culture & Arts; Politics & Power,Walt Disney,false,,,false,medium,"The episode is a biography of Walt Disney, focusing on his founding of the Disney company, the creation of Mickey Mouse, and the global influence of American culture. These references anchor the subject in Walt Disney's twentieth-century career, extending beyond 1934.",4211,https://pdst.fm/e/traffic.megaphone.fm/GLT5465018421.mp3?updated=1763642278,https://open.spotify.com/search/The%20Rest%20Is%20History%20614.%20Walt%20Disney%3A%20The%20Great%20American%20Storyteller,34ac245a-b670-11f0-8453-6bb3a611d3c3
615,615. Disneyland: The Modern American Utopia,2025-11-06,1939,2021,1939 – 2021,United States,Postwar,Culture & Arts; Science & Technology; War & Military,,false,,,false,medium,"The episode focuses on Disneyland and the history of American theme parks, described as a major creation of the 21st century, while also asking how the Second World War impacted Disney. This supports a broad span from the Second World War into the modern/postwar era.",4993,https://pdst.fm/e/traffic.megaphone.fm/GLT8516268220.mp3?updated=1763642381,https://open.spotify.com/search/The%20Rest%20Is%20History%20615.%20Disneyland%3A%20The%20Modern%20American%20Utopia,476fad66-ba6f-11f0-b7b0-9baccd85e8c4
,"RIHC: Disney's Legacy, with Bob Iger",2025-11-07,1955,2025,1955 – 2025,United States,Postwar,Culture & Arts; Biography; Economics & Trade,Bob Iger; Walt Disney,false,,,false,medium,"The description focuses on Disneyland’s “70th anniversary,” Walt Disney’s legacy, and Bob Iger’s time leading The Walt Disney Company, anchoring the episode in the postwar-to-contemporary history of Disney from Disneyland’s 1955 opening to the present anniversary period.",2011,https://pdst.fm/e/traffic.megaphone.fm/GLT6989183827.mp3?updated=1762813212,https://open.spotify.com/search/The%20Rest%20Is%20History%20RIHC%3A%20Disney%27s%20Legacy%2C%20with%20Bob%20Iger,9ccddb66-bb3c-11f0-831c-af2f05bf8226
616,616. Elizabeth I: The Fall of the Axe (Part 1),2025-11-10,1509,1558,1509 – 1558,Britain,Early Modern,Monarchy & Royalty; Politics & Power; Sex & Scandal; Religion & Church,Elizabeth I; Henry VIII; Anne Boleyn; Catherine of Aragon,true,Elizabeth I,1,false,high,"The description focuses on Elizabeth I’s early life within Henry VIII’s reign, including his marriages to Catherine of Aragon and Anne Boleyn and Anne’s execution. These events anchor the episode in the Tudor period, broadly from Henry VIII’s accession in 1509 through Elizabeth’s early life before her reign.",4060,https://pdst.fm/e/traffic.megaphone.fm/GLT9331634740.mp3?updated=1763641855,https://open.spotify.com/search/The%20Rest%20Is%20History%20616.%20Elizabeth%20I%3A%20The%20Fall%20of%20the%20Axe%20%28Part%201%29,070dd200-bbf2-11f0-8d32-33ad57d72fcf
617,617. Elizabeth I: Anne Boleyn's Bastard (Part 2),2025-11-13,1533,1553,1533 – 1553,Britain,Early Modern,Monarchy & Royalty; Politics & Power; Sex & Scandal; Biography,Elizabeth I; Anne Boleyn; Henry VIII; Edward VI,true,Elizabeth I,2,false,high,"The episode focuses on Elizabeth I's childhood from her birth after Anne Boleyn's execution through Henry VIII's death and the succession of her Protestant brother Edward, placing the main narrative roughly in 1533–1553.",3691,https://pdst.fm/e/traffic.megaphone.fm/GLT2585433242.mp3?updated=1763641944,https://open.spotify.com/search/The%20Rest%20Is%20History%20617.%20Elizabeth%20I%3A%20Anne%20Boleyn%27s%20Bastard%20%28Part%202%29,7863d550-bfe7-11f0-959d-db66c046ecc3
618,618. Elizabeth I: The Shadow of the Tower (Part 3),2025-11-17,1547,1558,1547 – 1558,Britain,Early Modern,Monarchy & Royalty; Politics & Power; Religion & Church; Biography,Elizabeth I; Edward VI; Jane Grey; Mary I; Anne Boleyn,true,Elizabeth I,3,false,high,"The description focuses on Elizabeth’s early life from Edward VI’s succession, Jane Grey’s brief reign and execution, through Mary Tudor’s reign and Elizabeth’s imprisonment in the Tower, covering approximately 1547–1558.",4338,https://pdst.fm/e/traffic.megaphone.fm/GLT7928851339.mp3?updated=1763138973,https://open.spotify.com/search/The%20Rest%20Is%20History%20618.%20Elizabeth%20I%3A%20The%20Shadow%20of%20the%20Tower%20%28Part%203%29,a453357c-c0a3-11f0-8c16-9fd62df67771
619,619.  Elizabeth I: The Virgin Queen (Part 4),2025-11-20,1558,1603,1558 – 1603,Britain,Early Modern,Monarchy & Royalty; Politics & Power; Sex & Scandal; Biography,Elizabeth I; William Cecil,true,Elizabeth I,4,false,high,"The description focuses on Elizabeth I being crowned Queen of England, her early reign, William Cecil, and her determination to remain the unmarried “Virgin Queen,” anchoring the episode in her reign from 1558 to 1603.",4166,https://pdst.fm/e/traffic.megaphone.fm/GLT7930465337.mp3?updated=1763549960,https://open.spotify.com/search/The%20Rest%20Is%20History%20619.%20%20Elizabeth%20I%3A%20The%20Virgin%20Queen%20%28Part%204%29,86c9c938-c532-11f0-be4b-67b3f5063f4c
620,620. The Nazis at War: Hitler Strikes West (Part 1),2025-11-24,1939,1940,1939 – 1940,Europe,World Wars & Interwar,War & Military; Politics & Power; Assassination; Ideology,Adolf Hitler,true,The Nazis at War,1,false,high,"The description anchors the episode after the occupation of Czechoslovakia in March 1939 and the invasion of Poland in September 1939, while describing the launch of the Second World War and the Nazis' escalation across Europe. The focus on Hitler and an internal German assassination plot supports a 1939–1940 wartime range.",4321,https://pdst.fm/e/traffic.megaphone.fm/GLT4381972581.mp3?updated=1784111378,https://open.spotify.com/search/The%20Rest%20Is%20History%20620.%20The%20Nazis%20at%20War%3A%20Hitler%20Strikes%20West%20%28Part%201%29,7a700686-c6e8-11f0-8077-cf4dd07cd912
621,621. The Nazis at War: Blitzkrieg (Part 2),2025-11-27,1940,1940,1940,Europe,World Wars & Interwar,War & Military; Politics & Power,Adolf Hitler,true,The Nazis at War,2,false,high,"The description explicitly discusses Hitler's conquest of Norway and Denmark, the Allied response, and the German attack on France as part of the Nazis' wartime campaign, which anchors the episode in 1940 during the Second World War.",4015,https://pdst.fm/e/traffic.megaphone.fm/GLT8711886512.mp3?updated=1784111303,https://open.spotify.com/search/The%20Rest%20Is%20History%20621.%20The%20Nazis%20at%20War%3A%20Blitzkrieg%20%28Part%202%29,cec46d0a-caba-11f0-ac43-877553017234
622,622. The Nazis at War: The Fall of France (Part 3),2025-12-01,1940,1940,1940,France,World Wars & Interwar,War & Military; Politics & Power,Adolf Hitler,true,The Nazis at War,3,false,high,"The description explicitly focuses on the Battle of Dunkirk and the Fall of France in 1940, describing it as a key turning point of the Second World War and discussing Hitler's forces and the Allies.",4074,https://pdst.fm/e/traffic.megaphone.fm/GLT6447940829.mp3?updated=1764261729,https://open.spotify.com/search/The%20Rest%20Is%20History%20622.%20The%20Nazis%20at%20War%3A%20The%20Fall%20of%20France%20%28Part%203%29,dd9a1616-cbac-11f0-8a79-9fd3cabef61d
,"The Beatles: The Band that Changed the World, with Conan O’Brien (Part 1)",2025-12-03,1957,1970,1957 – 1970,Britain,Postwar,Music; Culture & Arts; Biography,,true,The Beatles,1,false,medium,"The description focuses on the Beatles’ rise from “four Liverpool teenagers” to the “defining band of the 20th century,” including their musical breakthroughs and cultural impact. This supports a postwar focus spanning their emergence in the late 1950s through the band’s major active period ending around 1970.",3060,https://pdst.fm/e/traffic.megaphone.fm/GLT5632094525.mp3?updated=1764730276,https://open.spotify.com/search/The%20Rest%20Is%20History%20The%20Beatles%3A%20The%20Band%20that%20Changed%20the%20World%2C%20with%20Conan%20O%E2%80%99Brien%20%28Part%201%29,1ae197a6-cf9a-11f0-89df-e745764b0a8f
623,623. The Nazis at War: Churchill’s Finest Hour (Part 4),2025-12-04,1940,1940,1940,Britain,World Wars & Interwar,War & Military; Politics & Power; Diplomacy,Adolf Hitler; Winston Churchill,true,The Nazis at War,4,false,high,"The description explicitly places the episode during the Second World War and focuses on the Battle of Britain, Churchill’s response, and Hitler’s attempt to attack Britain from the skies, anchoring it to 1940.",4303,https://pdst.fm/e/traffic.megaphone.fm/GLT7746266438.mp3?updated=1764777567,https://open.spotify.com/search/The%20Rest%20Is%20History%20623.%20The%20Nazis%20at%20War%3A%20Churchill%E2%80%99s%20Finest%20Hour%20%28Part%204%29,0acd6562-d05c-11f0-9cf5-036872edf668
624,624. Jack The Ripper: History’s Darkest Mystery (Part 1),2025-12-08,1888,1889,1888 – 1889,Britain,Long 19th Century,Crime & Mystery; Sex & Scandal; Culture & Arts,Jack the Ripper,true,Jack The Ripper,1,true,high,"The description refers to Jack the Ripper’s “first victim,” his “grisly reign of terror,” and the anxieties of “Victorian London,” anchoring the episode in the 1888–1889 Whitechapel murders. It is explicitly marked “(Part 1).",3848,https://pdst.fm/e/traffic.megaphone.fm/GLT7829555893.mp3?updated=1764858656,https://open.spotify.com/search/The%20Rest%20Is%20History%20624.%20Jack%20The%20Ripper%3A%20History%E2%80%99s%20Darkest%20Mystery%20%28Part%201%29,137424c0-d111-11f0-bdac-c75a04e39c39
,"The Beatles: The British Invasion, with Conan O’Brien (Part 2)",2025-12-10,1966,1970,1966 – 1970,Britain,Postwar,Music; Culture & Arts; Biography,John Lennon; Brian Epstein,true,The Beatles,2,false,high,"The description explicitly focuses on the Beatles’ “final years,” including the 1966 “more popular than Jesus” interview, Brian Epstein’s death, rooftop gigs, and the band’s eventual breakup in 1970. These events place the main focus in the late 1960s, centered on Britain’s Beatles phenomenon.",3322,https://pdst.fm/e/traffic.megaphone.fm/GLT4240205398.mp3?updated=1765280297,https://open.spotify.com/search/The%20Rest%20Is%20History%20The%20Beatles%3A%20The%20British%20Invasion%2C%20with%20Conan%20O%E2%80%99Brien%20%28Part%202%29,bd071b8a-d4e7-11f0-85f5-5f8cc0f18338
625,625. Jack The Ripper: Horror in Whitechapel (Part 2),2025-12-11,1888,1888,1888,Britain,Long 19th Century,Crime & Mystery; Biography,Jack the Ripper,true,Jack The Ripper,2,true,high,"The description places the episode in “Victorian London” and focuses on Jack the Ripper’s murders and the police investigation, which refers to the Whitechapel killings of 1888.",3992,https://pdst.fm/e/traffic.megaphone.fm/GLT2555108111.mp3?updated=1784107685,https://open.spotify.com/search/The%20Rest%20Is%20History%20625.%20Jack%20The%20Ripper%3A%20Horror%20in%20Whitechapel%20%28Part%202%29,b2a38640-d4e9-11f0-a94c-1f84691b3f84
626,626. Jack The Ripper: The Killer Strikes Again (Part 3),2025-12-15,1888,1888,1888,Britain,Long 19th Century,Crime & Mystery; Sex & Scandal,Jack the Ripper,true,Jack The Ripper,3,true,medium,"The episode is explicitly about Jack the Ripper's killing spree, including murders, police clues, and attempts to reveal his identity. The 1888 dating is strongly associated with the Ripper murders, though the description itself does not state the year directly.",3549,https://pdst.fm/e/traffic.megaphone.fm/GLT7980605076.mp3?updated=1784107604,https://open.spotify.com/search/The%20Rest%20Is%20History%20626.%20Jack%20The%20Ripper%3A%20The%20Killer%20Strikes%20Again%20%28Part%203%29,18b45630-d4ea-11f0-85bc-f7afe1e4ca0c
627,627. Jack The Ripper: From Hell (Part 4),2025-12-18,1888,1888,1888,Britain,Long 19th Century,Crime & Mystery; Sex & Scandal; Culture & Arts,Jack the Ripper; Mary Jane Kelly,true,Jack The Ripper,4,true,high,"The description explicitly places the episode in “Victorian London” and focuses on Jack the Ripper’s final murder, the killing of Mary-Jane Kelly, and the resulting impact on England’s cultural climate and treatment of women. The final murder occurred in 1888.",4208,https://pdst.fm/e/traffic.megaphone.fm/GLT6270048402.mp3?updated=1765988289,https://open.spotify.com/search/The%20Rest%20Is%20History%20627.%20Jack%20The%20Ripper%3A%20From%20Hell%20%28Part%204%29,085ea67e-db60-11f0-bbd8-efe9f9e2c27c
628,628. Jack The Ripper: The Killer Unmasked (Part 5),2025-12-22,1888,1888,1888,Britain,Long 19th Century,Crime & Mystery; Sex & Scandal,Jack the Ripper,true,Jack The Ripper,5,true,medium,"The title and description focus on the Jack the Ripper murders, described as a mysterious serial killer and a 'hellish killing spree'; this case is conventionally centered in Britain in 1888. The episode is marked '(Part 5)', making it part of a series.",5753,https://pdst.fm/e/traffic.megaphone.fm/GLT3796910737.mp3?updated=1766065370,https://open.spotify.com/search/The%20Rest%20Is%20History%20628.%20Jack%20The%20Ripper%3A%20The%20Killer%20Unmasked%20%28Part%205%29,d9dc3a26-dc10-11f0-a678-d38e8cab2864
629,629. WWI: The Christmas Truce,2025-12-25,1914,1914,1914,Europe,World Wars & Interwar,War & Military; Diplomacy,,false,,,true,high,"The description explicitly dates the Christmas Truce to Christmas 1914 and identifies it as an event of the First World War, including unofficial ceasefires between German and British soldiers.",3522,https://pdst.fm/e/traffic.megaphone.fm/GLT5393732684.mp3?updated=1766065378,https://open.spotify.com/search/The%20Rest%20Is%20History%20629.%20WWI%3A%20The%20Christmas%20Truce,a3095250-dc14-11f0-bd82-cf076b9901e5
630,630. Tchaikovsky: LIVE at the Royal Albert Hall,2025-12-29,1840,1893,1840 – 1893,Russia,Long 19th Century,Music; Biography; Culture & Arts,Pyotr Ilyich Tchaikovsky,false,,,true,high,"The episode is explicitly about Tchaikovsky’s origins, inner conflicts, music, and “the life” of the Russian composer. His lifetime, 1840–1893, anchors the episode in the Long 19th Century.",4768,https://pdst.fm/e/traffic.megaphone.fm/GLT2445190309.mp3?updated=1766537673,https://open.spotify.com/search/The%20Rest%20Is%20History%20630.%20Tchaikovsky%3A%20LIVE%20at%20the%20Royal%20Albert%20Hall,d3ea5352-df47-11f0-8847-87d621467df7
631,631. Wagner: LIVE at the Royal Albert Hall,2026-01-01,1813,1883,1813 – 1883,Germany,Long 19th Century,Music; Biography; Culture & Arts; Politics & Power,Richard Wagner,false,,,true,high,"The episode is centered on Richard Wagner’s life and musical career, described through his operas, revolutionary artistry, scandal, and political ideas. Wagner lived from 1813 to 1883; the reference to Hitler and the Nazis is presented as a later influence rather than the main focus.",4380,https://pdst.fm/e/traffic.megaphone.fm/GLT7214350401.mp3?updated=1766537584,https://open.spotify.com/search/The%20Rest%20Is%20History%20631.%20Wagner%3A%20LIVE%20at%20the%20Royal%20Albert%20Hall,8fb29d42-df48-11f0-adc3-d3292755e9ef
632,632. Joan of Arc: Warrior Maid (Part 1),2026-01-05,1412,1431,1412 – 1431,France,Medieval,Biography; War & Military; Monarchy & Royalty; Religion & Church,Joan of Arc,true,Joan of Arc,1,false,medium,"The episode follows Joan of Arc from her youth through her role as a military heroine and her condemnation at the pyre, explicitly placing her in 'medieval history' and the Hundred Years’ War. The focus is her life and career in France, conventionally dated to 1412–1431.",4156,https://pdst.fm/e/traffic.megaphone.fm/GLT6592271090.mp3?updated=1767622369,https://open.spotify.com/search/The%20Rest%20Is%20History%20632.%20Joan%20of%20Arc%3A%20Warrior%20Maid%20%28Part%201%29,3b7841fe-dff3-11f0-96c2-17a068fc5348
633,633. Joan of Arc: Saviour of France (Part 2),2026-01-08,1429,1431,1429 – 1431,France,Medieval,War & Military; Monarchy & Royalty; Biography,Joan of Arc; Charles VI,true,Joan of Arc,2,false,high,"The description explicitly anchors the episode in April 1429, when Joan of Arc rode to war, and focuses on her campaign against the English during the Hundred Years' War. The episode is titled “Joan of Arc: Saviour of France (Part 2),” supporting a central focus on Joan’s military story around 1429–1431.",3359,https://pdst.fm/e/traffic.megaphone.fm/GLT5406937184.mp3?updated=1767891416,https://open.spotify.com/search/The%20Rest%20Is%20History%20633.%20Joan%20of%20Arc%3A%20Saviour%20of%20France%20%28Part%202%29,2af6e02e-ebd3-11f0-a393-7fce378acf29
634,634. Joan of Arc: Heroine in Chains (Part 3),2026-01-12,1429,1431,1429 – 1431,France,Medieval,War & Military; Monarchy & Royalty; Biography; Religion & Church,Joan of Arc; Charles VII,true,Joan of Arc,3,false,high,"The description focuses on Joan of Arc helping Charles VII fight to Reims for his coronation, her battles against England, and her capture and trial. These events primarily date to 1429–1431, during the late medieval phase of the Hundred Years' War.",3791,https://pdst.fm/e/traffic.megaphone.fm/GLT6235222836.mp3?updated=1768217618,https://open.spotify.com/search/The%20Rest%20Is%20History%20634.%20Joan%20of%20Arc%3A%20Heroine%20in%20Chains%20%28Part%203%29,7f9a8216-ec69-11f0-9f0b-270fc57adccf
635,635. Joan of Arc: For Fear of the Flames (Part 4),2026-01-15,1431,1431,1431,France,Medieval,Biography; Religion & Church; Politics & Power,Joan of Arc,true,Joan of Arc,4,false,high,"The description focuses on Joan of Arc’s imprisonment, trial, charges, and possible confession before her execution, placing the episode in the final events of her life in 1431.",3750,https://pdst.fm/e/traffic.megaphone.fm/GLT8113477235.mp3?updated=1768476106,https://open.spotify.com/search/The%20Rest%20Is%20History%20635.%20Joan%20of%20Arc%3A%20For%20Fear%20of%20the%20Flames%20%28Part%204%29,31ea63b8-f12f-11f0-984a-db3475069096
636,636. Revolution in Iran: Fall of the Shah  (Part 1),2026-01-19,1953,1979,1953 – 1979,Middle East,Postwar,Revolution; Politics & Power; Monarchy & Royalty; Biography,Mohammad Reza Pahlavi; Jimmy Carter; Ruhollah Khomeini,true,Revolution in Iran,1,false,high,"The episode is explicitly about the Iranian Revolution of 1979 and the fall of the Shah, while its discussion of the events that set the revolution in motion and the relationship between Carter and Shah Mohammad Reza Pahlavi supports a broader focus from the mid-20th century through 1979.",4654,https://pdst.fm/e/traffic.megaphone.fm/GLT5083873634.mp3?updated=1768557306,https://open.spotify.com/search/The%20Rest%20Is%20History%20636.%20Revolution%20in%20Iran%3A%20Fall%20of%20the%20Shah%20%20%28Part%201%29,9b9e4f5c-f18b-11f0-a21e-f3eea83640a9
637,637.  Revolution in Iran: Rise of the Ayatollah (Part 2),2026-01-22,1978,1979,1978 – 1979,Middle East,Postwar,Revolution; Politics & Power; Monarchy & Royalty; Diplomacy,Ayatollah Khomeini; Mohammed Reza Pahlavi; Jimmy Carter,true,Revolution in Iran,2,false,high,"The description focuses on the final uprisings of the Iranian Revolution, the fall of Shah Mohammed Reza Pahlavi, and the rising power of Ayatollah Khomeini, with Jimmy Carter and America responding to events in 1978–1979.",4187,https://pdst.fm/e/traffic.megaphone.fm/GLT7243579163.mp3?updated=1769178690,https://open.spotify.com/search/The%20Rest%20Is%20History%20637.%20%20Revolution%20in%20Iran%3A%20Rise%20of%20the%20Ayatollah%20%28Part%202%29,c8a88240-f610-11f0-8414-7b114b4a7005
638,638. Revolution in Iran: The Hostage Crisis (Part 3),2026-01-26,1979,1979,1979,Middle East,Postwar,Revolution; Politics & Power; Diplomacy,,true,Revolution in Iran,3,false,high,"The description explicitly dates the storming of the American Embassy and the hostage-taking in Tehran to 4 November 1979, during the Iranian Revolution. The title identifies this as Part 3 of the Iran revolution series.",4518,https://pdst.fm/e/traffic.megaphone.fm/GLT6844236579.mp3?updated=1769165839,https://open.spotify.com/search/The%20Rest%20Is%20History%20638.%20Revolution%20in%20Iran%3A%20The%20Hostage%20Crisis%20%28Part%203%29,6df9f81e-f774-11f0-8071-fb06f90af3e6
639,639. Revolution in Iran: Death in the Desert (Part 4),2026-01-29,1979,1981,1979 – 1981,Middle East,Postwar,Revolution; Politics & Power; Diplomacy,Ayatollah Khomeini,true,Revolution in Iran,4,false,high,"The description explicitly focuses on the Iranian Revolution, the seizure of the American Embassy in Tehran, and the hostage crisis, placing the main events in 1979–1981. It also specifically names Ayatollah Khomeini.",4335,https://pdst.fm/e/traffic.megaphone.fm/GLT6288433592.mp3?updated=1769449341,https://open.spotify.com/search/The%20Rest%20Is%20History%20639.%20Revolution%20in%20Iran%3A%20Death%20in%20the%20Desert%20%28Part%204%29,ae8389a4-fab7-11f0-9ae2-2bfb6623b471
640,640. Rome’s Greatest Enemy: Carthage at the Gates (Part 1),2026-02-02,-216,-202,216 BCE – 202 BCE,Mediterranean,Ancient,War & Military; Politics & Power; Biography,Hannibal Barca,true,Rome’s Greatest Enemy,1,false,medium,"The description explicitly anchors the episode at Hannibal’s victory at the Battle of Cannae in 216 BC and describes the continuing clash between Rome and Carthage, including the beginning of Carthage’s decline. Hannibal Barca is the central named figure.",3827,https://pdst.fm/e/traffic.megaphone.fm/GLT9223169972.mp3?updated=1770030511,https://open.spotify.com/search/The%20Rest%20Is%20History%20640.%20Rome%E2%80%99s%20Greatest%20Enemy%3A%20Carthage%20at%20the%20Gates%20%28Part%201%29,1373802e-fc36-11f0-ae8f-2f0afa788c8d
641,641. Rome’s Greatest Enemy: Hannibal’s Nemesis (Part 2),2026-02-05,-215,-206,215 BCE – 206 BCE,Mediterranean,Ancient,War & Military; Politics & Power; Biography,Publius Cornelius Scipio,true,Rome’s Greatest Enemy,2,false,high,"The description explicitly places the episode in the Punic Wars and focuses on the Battle of Ibera, the depleted Roman Republic, and the rise of the young Publius Cornelius Scipio against Carthage. These events belong to the later phase of the Second Punic War, approximately 215–206 BCE.",3675,https://pdst.fm/e/traffic.megaphone.fm/GLT6811115289.mp3?updated=1770288466,https://open.spotify.com/search/The%20Rest%20Is%20History%20641.%20Rome%E2%80%99s%20Greatest%20Enemy%3A%20Hannibal%E2%80%99s%20Nemesis%20%28Part%202%29,71eb2894-01c4-11f1-8087-03c414bedfb3
642,642. Rome’s Greatest Enemy: Bloodbath in Africa (Part 3),2026-02-09,-218,-201,218 BCE – 201 BCE,Mediterranean,Ancient,War & Military; Empire & Colonialism; Biography,Publius Cornelius Scipio; Hannibal,true,Rome’s Greatest Enemy,3,false,high,"The description focuses on the Roman invasion of North Africa, the clash between Scipio and Hannibal, and the Battle of Zama, placing it in the Second Punic War (218–201 BCE).",4144,https://pdst.fm/e/traffic.megaphone.fm/GLT1285518636.mp3?updated=1770658202,https://open.spotify.com/search/The%20Rest%20Is%20History%20642.%20Rome%E2%80%99s%20Greatest%20Enemy%3A%20Bloodbath%20in%20Africa%20%28Part%203%29,971f2d56-02b2-11f1-9bf7-bfa59557947f
643,643. Rome’s Greatest Enemy: Carthage Destroyed (Part 4),2026-02-12,-149,-146,149 BCE – 146 BCE,Mediterranean,Ancient,War & Military; Empire & Colonialism; Politics & Power,,true,Rome’s Greatest Enemy,4,false,high,"The description explicitly identifies the episode as the “climactic, final phase of the Punic Wars,” focusing on Rome’s renewed assault and Carthage’s destruction, conventionally dated to the Third Punic War (149–146 BCE). Hannibal is mentioned only as part of the earlier series, so no key figures are assigned.",3615,https://pdst.fm/e/traffic.megaphone.fm/GLT7699509622.mp3?updated=1770914051,https://open.spotify.com/search/The%20Rest%20Is%20History%20643.%20Rome%E2%80%99s%20Greatest%20Enemy%3A%20Carthage%20Destroyed%20%28Part%204%29,e7be1b82-02b2-11f1-9f00-777d8cd64b2d
644,644. The Fall of the Incas: Empire of Gold (Part 1),2026-02-16,1524,1533,1524 – 1533,Latin America,Early Modern,War & Military; Empire & Colonialism; Biography; Genocide & Atrocity,Francisco Pizarro,true,The Fall of the Incas,1,false,high,"The description focuses on the Spanish conquest of the Incas, Pizarro's expedition, and the collapse of the Incan Empire; the main conquest began with Pizarro's expeditions in the 1520s and culminated in the capture of the Incan heartland in the 1530s.",4580,https://pdst.fm/e/traffic.megaphone.fm/GLT4676536558.mp3?updated=1771269723,https://open.spotify.com/search/The%20Rest%20Is%20History%20644.%20The%20Fall%20of%20the%20Incas%3A%20Empire%20of%20Gold%20%28Part%201%29,6ae8637e-02b7-11f1-b56c-db6ad6aeaf77
645,645. The Fall of the Incas: Massacre in the Andes (Part 2),2026-02-19,1532,1533,1532 – 1533,Latin America,Early Modern,War & Military; Empire & Colonialism; Monarchy & Royalty,Francisco Pizarro; Atahualpa,true,The Fall of the Incas,2,false,high,"The description focuses on the Spanish conquistadors led by Francisco Pizarro meeting the Incan emperor Atahualpa and the ensuing brutal fight, anchoring the episode to the Spanish conquest of the Inca Empire in the early 1530s.",4140,https://pdst.fm/e/traffic.megaphone.fm/GLT2938007438.mp3?updated=1771863725,https://open.spotify.com/search/The%20Rest%20Is%20History%20645.%20The%20Fall%20of%20the%20Incas%3A%20Massacre%20in%20the%20Andes%20%28Part%202%29,c0b93050-0ce2-11f1-a509-f36866955408
646,646. The Fall of the Incas: Death to the Emperor (Part 3),2026-02-23,1532,1533,1532 – 1533,Latin America,Early Modern,War & Military; Empire & Colonialism; Monarchy & Royalty,Francisco Pizarro,true,The Fall of the Incas,3,false,high,"The description centers on the Spanish conquistadors' capture of the Incan emperor and Francisco Pizarro's conquest, placing the episode in the early 1530s during the fall of the Inca Empire.",3936,https://pdst.fm/e/traffic.megaphone.fm/GLT8131543734.mp3?updated=1771955001,https://open.spotify.com/search/The%20Rest%20Is%20History%20646.%20The%20Fall%20of%20the%20Incas%3A%20Death%20to%20the%20Emperor%20%28Part%203%29,57f69100-0db1-11f1-98f3-b31c5eae92f0
647,647. The Fall of the Incas: The King in the North (Part 4),2026-02-26,1532,1536,1532 – 1536,Latin America,Early Modern,War & Military; Empire & Colonialism; Genocide & Atrocity,Francisco Pizarro,true,The Fall of the Incas,4,false,high,"The description focuses on the Spanish conquistadors under Francisco Pizarro exploiting the Incan civil war, discovering Cusco, and escalating violence as the city falls. These events belong to the Spanish conquest of the Inca Empire in the 1530s.",4259,https://pdst.fm/e/traffic.megaphone.fm/GLT4740382633.mp3?updated=1772124782,https://open.spotify.com/search/The%20Rest%20Is%20History%20647.%20The%20Fall%20of%20the%20Incas%3A%20The%20King%20in%20the%20North%20%28Part%204%29,239a48e6-10e7-11f1-9366-572767f19126
648,648. The Fall of the Incas: Battle for the Sacred City (Part 5),2026-03-02,1536,1537,1536 – 1537,Latin America,Early Modern,War & Military; Empire & Colonialism; Politics & Power,Manco; Francisco Pizarro,true,The Fall of the Incas,5,false,medium,"The episode focuses on the Incan uprising led by Manco, occurring three years into the Spanish conquest, and on the assault against Pizarro’s Spaniards. These events correspond to the 1536–1537 rebellion and siege campaigns during the Spanish conquest of the Inca Empire.",4063,https://pdst.fm/e/traffic.megaphone.fm/GLT6392035011.mp3?updated=1772185903,https://open.spotify.com/search/The%20Rest%20Is%20History%20648.%20The%20Fall%20of%20the%20Incas%3A%20Battle%20for%20the%20Sacred%20City%20%28Part%205%29,d6b455f2-1321-11f1-918c-a7090db70c45
649,649. The Fall of the Incas: The Last Emperor (Part 6),2026-03-05,1532,1572,1532 – 1572,Latin America,Early Modern,War & Military; Empire & Colonialism; Genocide & Atrocity; Economics & Trade,Francisco Pizarro; Diego de Almagro,true,The Fall of the Incas,6,false,medium,"The description focuses on the final phase of the Spanish conquest of the Inca Empire, including the emperor’s flight, the hunt for gold, and the rivalry between Francisco Pizarro and Diego de Almagro. This places the episode primarily in the sixteenth-century conquest period, approximately 1532–1572.",4345,https://pdst.fm/e/traffic.megaphone.fm/GLT4505534064.mp3?updated=1772550842,https://open.spotify.com/search/The%20Rest%20Is%20History%20649.%20The%20Fall%20of%20the%20Incas%3A%20The%20Last%20Emperor%20%28Part%206%29,8e03007a-16ef-11f1-ba32-9765672ba611
650,650. London’s Golden Age: The Mad Life of Dr Johnson (Part 1),2026-03-09,1709,1784,1709 – 1784,Britain,Early Modern,Biography; Literature; Culture & Arts; Politics & Power,Samuel Johnson; James Boswell,true,London’s Golden Age,1,false,high,"The description focuses on Samuel Johnson, the “dominant literary celebrity of 18th century London,” his friendship with James Boswell, and Georgian Britain. Johnson’s life (1709–1784) provides the clearest primary date range.",3932,https://pdst.fm/e/traffic.megaphone.fm/GLT2687128958.mp3?updated=1773055447,https://open.spotify.com/search/The%20Rest%20Is%20History%20650.%20London%E2%80%99s%20Golden%20Age%3A%20The%20Mad%20Life%20of%20Dr%20Johnson%20%28Part%201%29,b5296d0e-16f1-11f1-a063-6bd9e938dc75
651,651. London’s Golden Age: Sex and Scandal in Georgian Britain (Part 2),2026-03-12,1700,1800,1700 – 1800,Britain,Early Modern,Sex & Scandal; Politics & Power; Biography; Culture & Arts,James Boswell; Samuel Johnson,true,London’s Golden Age,2,false,high,"The description explicitly places the episode in “the 18th century” and focuses on James Boswell’s adventures in Georgian London, including his meeting with Samuel Johnson. The title and description emphasize sexual scandal, political tumult, and Boswell’s biography.",4126,https://pdst.fm/e/traffic.megaphone.fm/GLT1542242808.mp3?updated=1773416272,https://open.spotify.com/search/The%20Rest%20Is%20History%20651.%20London%E2%80%99s%20Golden%20Age%3A%20Sex%20and%20Scandal%20in%20Georgian%20Britain%20%28Part%202%29,56378f84-1bc3-11f1-be9c-1bd0bd90477d
652,652. London’s Golden Age: The Ghosts of Culloden (Part 3),2026-03-16,1707,1773,1707 – 1773,Britain,Early Modern,Politics & Power; War & Military; Biography; Culture & Arts,Samuel Johnson; James Boswell,true,London’s Golden Age,3,false,high,"The description anchors the episode in Scotland’s union with England in 1707, the Battle of Culloden, and Samuel Johnson and James Boswell’s journey, which occurred in the 18th century. The main focus therefore spans the union’s aftermath and the Johnson–Boswell travels, roughly 1707–1773.",3895,https://pdst.fm/e/traffic.megaphone.fm/GLT2422514848.mp3?updated=1773416285,https://open.spotify.com/search/The%20Rest%20Is%20History%20652.%20London%E2%80%99s%20Golden%20Age%3A%20The%20Ghosts%20of%20Culloden%20%28Part%203%29,93446c5e-1c9e-11f1-aa00-3b620d96bfaa
653,653. London’s Golden Age: The Shadow of the Madhouse (Part 4),2026-03-19,1770,1784,1770 – 1784,Britain,Early Modern,Biography; Literature; Sex & Scandal,Samuel Johnson; James Boswell,true,London’s Golden Age,4,false,medium,"The description focuses on Samuel Johnson “towards the end of his life,” including his romantic attachment, fear of imprisonment in an asylum, and the conclusion of his life. The London setting and Johnson’s literary biography place the episode in 18th-century Britain, broadly the 1770s to his death in 1784.",4028,https://pdst.fm/e/traffic.megaphone.fm/GLT2240052230.mp3?updated=1774256098,https://open.spotify.com/search/The%20Rest%20Is%20History%20653.%20London%E2%80%99s%20Golden%20Age%3A%20The%20Shadow%20of%20the%20Madhouse%20%28Part%204%29,5c35e60a-2123-11f1-a500-138cb9a91583
654,654. The Ku Klux Klan: The Rise of Evil (Part 1),2026-03-23,1863,1871,1863 – 1871,United States,Long 19th Century,Politics & Power; War & Military; Ideology; Slavery,,true,The Ku Klux Klan,1,true,high,"The episode focuses primarily on the formation of the first Ku Klux Klan after the American Civil War, explicitly anchored by the abolition of slavery in 1863 and the Klan's coming into being in 1866. Its discussion of the former Confederacy and freedmen places the main focus in the postwar Reconstruction era, extending into the first Klan's early activities.",4145,https://pdst.fm/e/traffic.megaphone.fm/GLT2601231794.mp3?updated=1774193991,https://open.spotify.com/search/The%20Rest%20Is%20History%20654.%20The%20Ku%20Klux%20Klan%3A%20The%20Rise%20of%20Evil%20%28Part%201%29,94f22888-2389-11f1-8eba-b7ffaf4bbeb4
655,655. The Ku Klux Klan: Terror in the South (Part 2),2026-03-26,1865,1871,1865 – 1871,United States,Long 19th Century,Politics & Power; Crime & Mystery; Genocide & Atrocity,,true,The Ku Klux Klan,2,true,high,"The description explicitly focuses on American politics after the Civil War, the Klan's rise in the American South, its violence against freedmen, and its final destruction, anchoring the episode in the Reconstruction era around 1865–1871.",4256,https://pdst.fm/e/traffic.megaphone.fm/GLT2904395784.mp3?updated=1774286562,https://open.spotify.com/search/The%20Rest%20Is%20History%20655.%20The%20Ku%20Klux%20Klan%3A%20Terror%20in%20the%20South%20%28Part%202%29,fa3fae16-26d3-11f1-8ef3-c79a67e9ccc3
656,656. The Ku Klux Klan: Birth of a Nation (Part 3),2026-03-29,1915,1928,1915 – 1928,United States,World Wars & Interwar,Politics & Power; Ideology; Crime & Mystery,,true,The Ku Klux Klan,3,true,medium,"The description explicitly dates the second incarnation of the Ku Klux Klan to its birth in Georgia in 1915 and focuses on its rise, mass membership, targets, and violence during the ensuing interwar period, with an election on the horizon. The end date is therefore estimated within the 1920s rather than stated precisely.",4509,https://pdst.fm/e/traffic.megaphone.fm/GLT9883414135.mp3?updated=1774622635,https://open.spotify.com/search/The%20Rest%20Is%20History%20656.%20The%20Ku%20Klux%20Klan%3A%20Birth%20of%20a%20Nation%20%28Part%203%29,291bbbb8-29c6-11f1-a1fb-cb0079ec5370
657,657. The Ku Klux Klan: American Fascists (Part 4),2026-04-01,1915,1930,1915 – 1930,United States,World Wars & Interwar,Politics & Power; Ideology; Crime & Mystery; Sex & Scandal,,true,The Ku Klux Klan,4,true,medium,"The description explicitly dates the Klan’s resurrection to 1915 and focuses on its subsequent move in an American election, the role of women, and its eventual reckoning. The episode therefore centers on the Klan’s interwar rise and decline, approximately 1915–1930.",4291,https://pdst.fm/e/traffic.megaphone.fm/GLT4147819855.mp3?updated=1774886633,https://open.spotify.com/search/The%20Rest%20Is%20History%20657.%20The%20Ku%20Klux%20Klan%3A%20American%20Fascists%20%28Part%204%29,b4088270-2c1d-11f1-9e4e-87f090b9fb07
658,658. Dawn of the Samurai: The Shadow of the Sword (Part 1),2026-04-05,900,1300,900 – 1300,Japan,Medieval,War & Military; Politics & Power; Culture & Arts,,true,Dawn of the Samurai,1,false,medium,"The description focuses on when the Samurai “came into being” and their rise from “provincial outsiders” to masters of Japan over aristocratic overlords. This anchors the episode in medieval Japan, though no precise dates are stated.",3807,https://pdst.fm/e/traffic.megaphone.fm/GLT7378881498.mp3?updated=1775643305,https://open.spotify.com/search/The%20Rest%20Is%20History%20658.%20Dawn%20of%20the%20Samurai%3A%20The%20Shadow%20of%20the%20Sword%20%28Part%201%29,7f8d2c62-2c45-11f1-b638-07fae8c3232f
659,659. Dawn of the Samurai: Bloodbath at the Bridge (Part 2),2026-04-08,1180,1185,1180 – 1185,Japan,Medieval,War & Military; Politics & Power,,true,Dawn of the Samurai,2,false,medium,"The description explicitly places the episode in the “12th century” and discusses the Minamoto clan’s seizure of power and the bloody downfall of rival Samurai in medieval Japan, consistent with the late-12th-century conflict.",4046,https://pdst.fm/e/traffic.megaphone.fm/GLT3420393571.mp3?updated=1775760569,https://open.spotify.com/search/The%20Rest%20Is%20History%20659.%20Dawn%20of%20the%20Samurai%3A%20Bloodbath%20at%20the%20Bridge%20%28Part%202%29,f9b9e13a-2c4d-11f1-af10-eb0ed9da4272
660,660. Dawn of the Samurai: Japan’s Greatest Warrior  (Part 3),2026-04-12,1180,1185,1180 – 1185,Japan,Medieval,War & Military; Biography; Politics & Power,Yoshitsune,true,Dawn of the Samurai,3,false,high,"The description explicitly places the episode in “12th century Japan” and focuses on Yoshitsune’s role in the Samurai civil war between the Minamoto and Taira clans, including its decisive victory. The 1180–1185 range reflects the central conflict described.",3688,https://pdst.fm/e/traffic.megaphone.fm/GLT3581345898.mp3?updated=1776098535,https://open.spotify.com/search/The%20Rest%20Is%20History%20660.%20Dawn%20of%20the%20Samurai%3A%20Japan%E2%80%99s%20Greatest%20Warrior%20%20%28Part%203%29,2f8abe74-2c4e-11f1-9e44-ab5c65e9fd0b
661,661. Dawn of the Samurai: The Shōgun Triumphant (Part 4),2026-04-15,1180,1192,1180 – 1192,Japan,Medieval,War & Military; Politics & Power; Monarchy & Royalty,,true,Dawn of the Samurai,4,false,medium,"The description centers on the civil war between the Minamoto and Taira dynasties and the Samurai becoming the masters of Japan, anchoring the episode in the late twelfth-century rise of the Kamakura shogunate.",3891,https://pdst.fm/e/traffic.megaphone.fm/GLT7837412375.mp3?updated=1776592324,https://open.spotify.com/search/The%20Rest%20Is%20History%20661.%20Dawn%20of%20the%20Samurai%3A%20The%20Sh%C5%8Dgun%20Triumphant%20%28Part%204%29,6003a828-372e-11f1-b625-076e404bff70
662,662. Britain in the 70s: The Rise of Thatcher (Part 1),2026-04-19,1970,1979,1970 – 1979,Britain,Postwar,Politics & Power; Biography,Margaret Thatcher,true,Britain in the 70s,1,false,high,"The description explicitly focuses on Thatcher’s rise to become Conservative Party leader and the political turmoil of “1970s Britain,” anchoring the episode in 1970–1979.",4536,https://pdst.fm/e/traffic.megaphone.fm/GLT1785737730.mp3?updated=1777544262,https://open.spotify.com/search/The%20Rest%20Is%20History%20662.%20Britain%20in%20the%2070s%3A%20The%20Rise%20of%20Thatcher%20%28Part%201%29,8f21583c-3740-11f1-adb4-2f517cc7f1f8
663,663. Britain in the 70s: The Brexit That Never Was (Part 2),2026-04-22,1970,1979,1970 – 1979,Britain,Postwar,Politics & Power; Ideology; Diplomacy,Harold Wilson,true,Britain in the 70s,2,false,high,"The description explicitly focuses on the Spring of 1975, Harold Wilson, the divided left, and Britain’s fracturing relationship with Europe, within the broader setting of 1970s Britain.",4638,https://pdst.fm/e/traffic.megaphone.fm/GLT2237203377.mp3?updated=1776869331,https://open.spotify.com/search/The%20Rest%20Is%20History%20663.%20Britain%20in%20the%2070s%3A%20The%20Brexit%20That%20Never%20Was%20%28Part%202%29,aff5cbd4-3d66-11f1-96b8-cf9390c276f5
664,664. Britain in the 70s: Scandal in Downing Street (Part 3),2026-04-26,1974,1976,1974 – 1976,Britain,Postwar,Politics & Power; Economics & Trade; War & Military,Harold Wilson,true,Britain in the 70s,3,false,high,"The episode is anchored in Britain’s 1970s crisis, explicitly mentioning Harold Wilson, financial meltdown, bombs in London during the winter of 1975, and soaring inflation. These references support a primary focus around 1974–1976.",4448,https://pdst.fm/e/traffic.megaphone.fm/GLT9115516865.mp3?updated=1777029534,https://open.spotify.com/search/The%20Rest%20Is%20History%20664.%20Britain%20in%20the%2070s%3A%20Scandal%20in%20Downing%20Street%20%28Part%203%29,99a45d18-3e3e-11f1-9a0d-0fb849364802
665,665. Britain in the 70s: The Bailout from Hell (Part 4),2026-04-29,1970,1979,1970 – 1979,Britain,Postwar,Politics & Power; Economics & Trade; Culture & Arts,Jim Callaghan,true,Britain in the 70s,4,false,high,"The description explicitly focuses on Britain in the 1970s, especially the 1976 financial crisis under Prime Minister Jim Callaghan, the survival of Labour, and the rise of punk.",4511,https://pdst.fm/e/traffic.megaphone.fm/GLT9598017819.mp3?updated=1777473193,https://open.spotify.com/search/The%20Rest%20Is%20History%20665.%20Britain%20in%20the%2070s%3A%20The%20Bailout%20from%20Hell%20%28Part%204%29,9bf253f6-43cd-11f1-8dd5-7794b75c8042
666,666. Wine and the Birth of Civilisation,2026-05-03,-3000,500,3000 BCE – 500,Mediterranean,Ancient,Economics & Trade; Culture & Arts; Civilisation,Julius Caesar,false,,,false,medium,"The description frames the episode around “wine in the ancient world,” citing ancient Jordan, Bronze Age Greece, The Odyssey, and Julius Caesar. Although it also mentions Vikings and the later Judgement of Paris, the dominant focus is the ancient Mediterranean and the relationship between wine and civilisation.",4543,https://pdst.fm/e/traffic.megaphone.fm/GLT1414718476.mp3?updated=1777979642,https://open.spotify.com/search/The%20Rest%20Is%20History%20666.%20Wine%20and%20the%20Birth%20of%20Civilisation,bd678cc4-456a-11f1-a054-a3c32e27c734
667,667. The Mystery of the Mona Lisa,2026-05-06,1503,1519,1503 – 1519,Italy,Early Modern,Culture & Arts; Biography; Crime & Mystery,Leonardo da Vinci,false,,,false,high,"The description explicitly focuses on the Mona Lisa, its creation, Renaissance Italy, and Leonardo da Vinci. The painting is associated with Leonardo's work around 1503–1519, anchoring the episode in the early modern period.",4197,https://pdst.fm/e/traffic.megaphone.fm/GLT1735270133.mp3?updated=1777982084,https://open.spotify.com/search/The%20Rest%20Is%20History%20667.%20The%20Mystery%20of%20the%20Mona%20Lisa,daaeaa76-4874-11f1-88ce-331a65b81038
668,668. Greece vs Persia: The Rise of the First Superpower (Part 1),2026-05-10,-490,-490,490 BCE,Mediterranean,Ancient,War & Military; Empire & Colonialism; Monarchy & Royalty; Politics & Power,Darius I,true,,,false,high,The description explicitly dates the Persian invasion of Greece to 490 BC and focuses on Darius and the invasion's unfolding. The title identifies this as Part 1 of the Greece–Persia conflict.,4356,https://pdst.fm/e/traffic.megaphone.fm/GLT8965800182.mp3?updated=1779119313,https://open.spotify.com/search/The%20Rest%20Is%20History%20668.%20Greece%20vs%20Persia%3A%20The%20Rise%20of%20the%20First%20Superpower%20%28Part%201%29,54bf7828-4ad6-11f1-bc13-234a21510a7e
669,669. Greece vs. Persia: The Battle of Marathon (Part 2),2026-05-13,-490,-490,490 BCE,Mediterranean,Ancient,War & Military; Empire & Colonialism; Politics & Power,,true,,,false,high,"The episode is explicitly about the Battle of Marathon, the Greek victory over the Persian Empire in 490 BCE, and its aftermath. The title identifies it as Part 2 of the series.",4144,https://pdst.fm/e/traffic.megaphone.fm/GLT2696648260.mp3?updated=1778685155,https://open.spotify.com/search/The%20Rest%20Is%20History%20669.%20Greece%20vs.%20Persia%3A%20The%20Battle%20of%20Marathon%20%28Part%202%29,f575756a-4e1e-11f1-8d69-1b8a204015dc
670,670. Tom Holland Meets Paul McCartney,2026-05-14,1945,1970,1945 – 1970,Britain,Postwar,Music; Biography; Culture & Arts; Literature,Paul McCartney,false,,,false,medium,"The description explicitly focuses on Paul McCartney's life in 'postwar Liverpool,' his early musical development, and the Beatles, placing the main historical focus in the post-1945 period. The interview also discusses his current album, but the historical emphasis is on his formative years and musical influences.",2382,https://pdst.fm/e/traffic.megaphone.fm/GLT5781731754.mp3,https://open.spotify.com/search/The%20Rest%20Is%20History%20670.%20Tom%20Holland%20Meets%20Paul%20McCartney,0b42322c-4fc1-11f1-889f-b77581958797
671,671. The First World War: Blood in the Trenches (Part 1),2026-05-17,1915,1915,1915,Europe,World Wars & Interwar,War & Military; Science & Technology,,true,The First World War,1,true,high,"The description explicitly focuses on life in the trenches on the Western Front in 1915, the German offensive effort, and the use of a secret weapon during the First World War.",5063,https://pdst.fm/e/traffic.megaphone.fm/GLT2309179565.mp3,https://open.spotify.com/search/The%20Rest%20Is%20History%20671.%20The%20First%20World%20War%3A%20Blood%20in%20the%20Trenches%20%28Part%201%29,1a33b978-4df4-11f1-8551-03ebb7cd5a09
1,Empress Matilda: Civil War and the Fight for the Throne,2026-05-19,1110,1153,1110 – 1153,Britain,Medieval,Monarchy & Royalty; War & Military; Politics & Power; Biography,Empress Matilda,false,,,false,high,"The description explicitly dates Matilda's elevation as Empress to 1110 and focuses on her battle for the English throne during the civil war known as The Anarchy, which occurred in the 12th century.",2595,https://pdst.fm/e/traffic.megaphone.fm/GLT3399401666.mp3,https://open.spotify.com/search/The%20Rest%20Is%20History%20Empress%20Matilda%3A%20Civil%20War%20and%20the%20Fight%20for%20the%20Throne,9c9c810e-5373-11f1-a7c9-8729400f0b02
672,672. The First World War: Italy’s Doomed Campaign (Part 2),2026-05-20,1915,1918,1915 – 1918,Italy,World Wars & Interwar,War & Military; Politics & Power; Empire & Colonialism,,true,The First World War,2,true,high,"The description explicitly focuses on Italy entering the First World War in 1915, its invasion of the Austro-Hungarian Empire, and the aftermath of the conflict, placing the main coverage in 1915–1918.",4262,https://pdst.fm/e/traffic.megaphone.fm/GLT3383347829.mp3,https://open.spotify.com/search/The%20Rest%20Is%20History%20672.%20The%20First%20World%20War%3A%20Italy%E2%80%99s%20Doomed%20Campaign%20%28Part%202%29,94709434-542c-11f1-b8a0-136b7219bfa7
673,673. The First World War: The Submarine Strikes (Part 3),2026-05-24,1915,1917,1915 – 1917,Europe,World Wars & Interwar,War & Military; Diplomacy,,true,The First World War,3,true,high,"The description focuses on the Lusitania sinking by German U-boats and the United States joining the First World War in 1917, anchoring the episode in 1915–1917.",4600,https://pdst.fm/e/traffic.megaphone.fm/GLT3632974949.mp3,https://open.spotify.com/search/The%20Rest%20Is%20History%20673.%20The%20First%20World%20War%3A%20The%20Submarine%20Strikes%20%28Part%203%29,70824358-55e2-11f1-a9c2-abe6b164b5e5
674,674. The First World War: The Spy Who Took on the Germans (Part 4),2026-05-27,1914,1915,1914 – 1915,Europe,World Wars & Interwar,War & Military; Espionage; Biography; Genocide & Atrocity,Edith Cavell,true,The First World War,4,true,high,"The description explicitly places Edith Cavell's espionage, German occupation, and execution amid the First World War, anchoring the episode to 1914–1915. It focuses on her life and mission as a British nurse in the Belgian Resistance.",4061,https://pdst.fm/e/traffic.megaphone.fm/GLT1889262052.mp3,https://open.spotify.com/search/The%20Rest%20Is%20History%20674.%20The%20First%20World%20War%3A%20The%20Spy%20Who%20Took%20on%20the%20Germans%20%28Part%204%29,9b9c3b24-59b7-11f1-ae58-17e305fb826f
675,675.  The First World War: Slaughter at Gallipoli (Part 5),2026-05-31,1915,1915,1915,Middle East,World Wars & Interwar,War & Military; Politics & Power; Nationalism,Winston Churchill,true,The First World War,5,true,high,"The description explicitly dates the Battle of Gallipoli to February 1915 and calls it a catastrophe of the First World War. It focuses on the campaign's impact on the Allies, Winston Churchill, Australia, New Zealand, and Turkey.",4602,https://pdst.fm/e/traffic.megaphone.fm/GLT4394132715.mp3,https://open.spotify.com/search/The%20Rest%20Is%20History%20675.%20%20The%20First%20World%20War%3A%20Slaughter%20at%20Gallipoli%20%28Part%205%29,c72c2240-59b7-11f1-a089-d7e59e32bf6d
676,676. The First World War: Churchill’s Calamity (Part 6),2026-06-03,1915,1915,1915,Middle East,World Wars & Interwar,War & Military; Politics & Power; Biography,Winston Churchill,true,The First World War,6,true,high,"The description explicitly focuses on the Gallipoli campaign and the “bloody year of 1915,” including Churchill’s role and the campaign’s impact on Anzac identity.",4623,https://pdst.fm/e/traffic.megaphone.fm/GLT1275431911.mp3,https://open.spotify.com/search/The%20Rest%20Is%20History%20676.%20The%20First%20World%20War%3A%20Churchill%E2%80%99s%20Calamity%20%28Part%206%29,143ab446-5ea1-11f1-b411-c73d11770c57
677,677. USA: The Star-Spangled Banner (Part 1),2026-06-07,1812,1814,1812 – 1814,United States,Long 19th Century,War & Military; Music; Politics & Power,,true,,,true,high,"The description explicitly centers on the War of 1812 and the origin of America’s national anthem, the Star-Spangled Banner, placing the main focus in 1812–1814. No historical individuals are named in the supplied description.",4244,https://pdst.fm/e/traffic.megaphone.fm/GLT7890467734.mp3,https://open.spotify.com/search/The%20Rest%20Is%20History%20677.%20USA%3A%20The%20Star-Spangled%20Banner%20%28Part%201%29,15c21496-5e7c-11f1-99e8-2be2f4812e1a
678,678. Britain: God Save the King (Part 2),2026-06-10,1745,1815,1745 – 1815,Britain,Early Modern,Music; Monarchy & Royalty; War & Military,,true,,,false,medium,"The description anchors the episode in the Jacobite origins of the melody, conventionally associated with the mid-18th century, and asks how the Napoleonic Wars shaped its national status, ending around 1815. It focuses on the creation and royal association of Britain’s national anthem.",4269,https://pdst.fm/e/traffic.megaphone.fm/GLT2603959218.mp3,https://open.spotify.com/search/The%20Rest%20Is%20History%20678.%20Britain%3A%20God%20Save%20the%20King%20%28Part%202%29,87fb0042-6415-11f1-8c38-efa4839e5cad
679,679. Germany: The Song Hitler Stole (Part 3),2026-06-14,1797,1990,1797 – 1990,Germany,Postwar,Culture & Arts; Politics & Power; Monarchy & Royalty; Ideology,Adolf Hitler,true,,,false,medium,"The description traces the German anthem from its Austrian origin to Hitler's appropriation and then focuses on Germany's division after the Second World War, including East Germany's new anthem. The span is therefore centered on modern German history, especially the Nazi and postwar eras.",4391,https://pdst.fm/e/traffic.megaphone.fm/GLT6217148052.mp3,https://open.spotify.com/search/The%20Rest%20Is%20History%20679.%20Germany%3A%20The%20Song%20Hitler%20Stole%20%28Part%203%29,3a6d462a-663e-11f1-8124-07e30a7c3199
1,The Fascist World Cup: Mussolini's Football Dictatorship | History of the World Cup,2026-06-16,1930,1934,1930 – 1934,Italy,World Wars & Interwar,Sport; Ideology; Politics & Power,Benito Mussolini,false,,,true,high,"The episode explicitly focuses on Mussolini’s regime “in the 1930s” and the 1934 World Cup, examining fascist propaganda, sport, and preparations for war.",3669,https://pdst.fm/e/traffic.megaphone.fm/GLT5810592007.mp3,https://open.spotify.com/search/The%20Rest%20Is%20History%20The%20Fascist%20World%20Cup%3A%20Mussolini%27s%20Football%20Dictatorship%20%7C%20History%20of%20the%20World%20Cup,01e704f8-69bd-11f1-b262-8fa334988761
680,680. The Netherlands: The Revolt that Made The Modern World (Part 4),2026-06-17,1568,1648,1568 – 1648,Netherlands,Early Modern,Revolution; Politics & Power; Culture & Arts; Monarchy & Royalty,,true,,,false,medium,"The description explicitly anchors the episode in the Dutch Revolt and mentions a 1568 siege, the Wilhelmus, and loyalty to the King of Spain. The revolt is conventionally dated from 1568 to the mid-17th century, ending in 1648.",4356,https://pdst.fm/e/traffic.megaphone.fm/GLT4209356543.mp3,https://open.spotify.com/search/The%20Rest%20Is%20History%20680.%20The%20Netherlands%3A%20The%20Revolt%20that%20Made%20The%20Modern%20World%20%28Part%204%29,e8279914-6a6c-11f1-b0d8-7390412b5d90
681,681. Brazil: The Emperor’s Anthem (Part 5),2026-06-21,1808,1889,1808 – 1889,Latin America,Long 19th Century,Monarchy & Royalty; Slavery; Music; Revolution,,true,,,true,high,"The description explicitly focuses on the king of Portugal ruling from Rio “in the 19th century,” Brazil’s first and second emperors, and the history behind its national anthems. The episode therefore centers on Brazil’s imperial period, broadly from the Portuguese court’s arrival in Rio in 1808 through the end of the empire in 1889.",4190,https://pdst.fm/e/traffic.megaphone.fm/GLT5596929385.mp3,https://open.spotify.com/search/The%20Rest%20Is%20History%20681.%20Brazil%3A%20The%20Emperor%E2%80%99s%20Anthem%20%28Part%205%29,091927a2-68c7-11f1-88b4-437c9e7e52a7
682,682.  South Africa: Mandela and the Death of Apartheid (Part 6),2026-06-24,1990,1995,1990 – 1995,Africa,Contemporary,Politics & Power; Sport; Ideology; Biography,Nelson Mandela,true,,,false,high,"The description focuses on the collapse of Apartheid, Mandela’s presidency, and the 1995 rugby World Cup final, anchoring the episode in South Africa from the early 1990s to 1995.",4252,https://pdst.fm/e/traffic.megaphone.fm/GLT6535658080.mp3,https://open.spotify.com/search/The%20Rest%20Is%20History%20682.%20%20South%20Africa%3A%20Mandela%20and%20the%20Death%20of%20Apartheid%20%28Part%206%29,25c4bcb8-68c7-11f1-9fe0-c7cd9e192007
683,683. Washington: Hero of the Revolution (Part 1),2026-06-28,1732,1783,1732 – 1783,United States,Early Modern,Biography; Revolution; War & Military; Politics & Power,George Washington,true,,,false,medium,"The description explicitly focuses on George Washington’s origins and his pivotal role in the American Revolution, anchoring the episode in his life before and during the Revolutionary War (roughly 1732–1783).",4564,https://pdst.fm/e/traffic.megaphone.fm/GLT3752138067.mp3,https://open.spotify.com/search/The%20Rest%20Is%20History%20683.%20Washington%3A%20Hero%20of%20the%20Revolution%20%28Part%201%29,38708456-7154-11f1-8261-ab8f6abc4893
684,684. Franklin: Revenge of the American Genius (Part 2),2026-07-01,1706,1790,1706 – 1790,United States,Early Modern,Biography; Revolution; Politics & Power,Benjamin Franklin,true,,,false,high,"The episode explicitly focuses on “the life” of Benjamin Franklin, including his childhood, conversion to the American Revolutionary cause, and role in setting the struggle in motion. Franklin’s life and the American Revolution place the main focus in the 18th century, approximately 1706–1790.",4398,https://pdst.fm/e/traffic.megaphone.fm/GLT6013835340.mp3,https://open.spotify.com/search/The%20Rest%20Is%20History%20684.%20Franklin%3A%20Revenge%20of%20the%20American%20Genius%20%28Part%202%29,bf829bc4-755e-11f1-ac03-7f241e6dbc38
685,685. Hamilton: Duel to the Death (Part 3),2026-07-05,1775,1804,1775 – 1804,United States,Early Modern,Biography; Politics & Power; Assassination; Sex & Scandal,Alexander Hamilton; Thomas Jefferson; Aaron Burr,true,,,false,high,"The description follows Hamilton's rise during the creation of the American Constitution, his conflict with Thomas Jefferson, and the duel with Aaron Burr that claimed his life in 1804. These references anchor the episode mainly in the American founding era and the early 1800s.",4533,https://pdst.fm/e/traffic.megaphone.fm/GLT9231431046.mp3,https://open.spotify.com/search/The%20Rest%20Is%20History%20685.%20Hamilton%3A%20Duel%20to%20the%20Death%20%28Part%203%29,00dcb988-7636-11f1-adce-233882693e2c
686,686. Jefferson: The Betrayal of Liberty (Part 4),2026-07-08,1743,1826,1743 – 1826,United States,Early Modern,Biography; Politics & Power; Revolution,Thomas Jefferson,true,,,false,medium,"The episode is explicitly about Thomas Jefferson, including his role in writing the American Declaration of Independence and his influence on the future of the United States. The date range follows Jefferson’s life, with the Declaration anchoring the central revolutionary-era focus.",4897,https://pdst.fm/e/traffic.megaphone.fm/GLT6535571769.mp3,https://open.spotify.com/search/The%20Rest%20Is%20History%20686.%20Jefferson%3A%20The%20Betrayal%20of%20Liberty%20%28Part%204%29,05f6964e-7aac-11f1-960f-277b579ae8c9
687,687. The Odyssey: Hero of the Trojan Horse (Part 1),2026-07-12,-1200,-700,1200 BCE – 700 BCE,Mediterranean,Ancient,Literature; Exploration & Discovery; War & Military,Odysseus; Homer,true,The Odyssey,1,false,medium,"The episode focuses on Homer’s Odyssey, Odysseus’s trials, and the Trojan Horse, anchoring it in the legendary world of ancient Greece and the presumed Late Bronze Age Trojan War, with Homer’s composition traditionally placed later in the ancient period.",4308,https://pdst.fm/e/traffic.megaphone.fm/GLT2393125423.mp3,https://open.spotify.com/search/The%20Rest%20Is%20History%20687.%20The%20Odyssey%3A%20Hero%20of%20the%20Trojan%20Horse%20%28Part%201%29,19263b9a-7ad2-11f1-aaed-3fa07ea54e9e
688,688. The Odyssey: Return of the King (Part 2),2026-07-15,-800,-700,800 BCE – 700 BCE,Mediterranean,Ancient,Literature; Religion & Church; Monarchy & Royalty,Odysseus; Penelope,true,The Odyssey,2,false,medium,"The episode is explicitly about the conclusion of Homer's Odyssey, Odysseus's return to Ithaca, and what the epic reveals about Ancient Greek religion. The approximate dates reflect the archaic Greek context associated with Homer and the composition of the poem.",3948,https://pdst.fm/e/traffic.megaphone.fm/GLT2882541084.mp3,https://open.spotify.com/search/The%20Rest%20Is%20History%20688.%20The%20Odyssey%3A%20Return%20of%20the%20King%20%28Part%202%29,500a4998-803c-11f1-a364-1316fa04883a
689,689. A Murderous Affair: The Habsburgs’ Greatest Scandal (Part 1),2026-07-19,1880,1889,1880 – 1889,Europe,Long 19th Century,Monarchy & Royalty; Crime & Mystery; Sex & Scandal,Crown Prince Rudolf of Austria; Mary Vetsera,true,A Murderous Affair,1,true,high,"The description explicitly asks what Vienna was like in the 1880s and focuses on Crown Prince Rudolf, Mary Vetsera, and the Mayerling Incident. These details anchor the episode in the late 19th century, specifically the 1880s.",4379,https://pdst.fm/e/traffic.megaphone.fm/GLT6194086702.mp3,https://open.spotify.com/search/The%20Rest%20Is%20History%20689.%20A%20Murderous%20Affair%3A%20The%20Habsburgs%E2%80%99%20Greatest%20Scandal%20%28Part%201%29,3eb6b97c-81ce-11f1-b5ab-8f235a89845f
690,690.  A Murderous Affair: Death at Mayerling (Part 2),2026-07-22,1889,1889,1889,Europe,Long 19th Century,Crime & Mystery; Monarchy & Royalty; Sex & Scandal,Crown Prince Rudolf; Baroness Mary Vetsera,true,A Murderous Affair,2,true,high,"The description centers on the Mayerling Incident, involving Crown Prince Rudolf and Baroness Mary Vetsera, and explicitly identifies the event as a murder-suicide at the Habsburg hunting lodge. The incident occurred in 1889, placing it firmly in the Long 19th Century.",4745,https://pdst.fm/e/traffic.megaphone.fm/GLT7203783068.mp3,https://open.spotify.com/search/The%20Rest%20Is%20History%20690.%20%20A%20Murderous%20Affair%3A%20Death%20at%20Mayerling%20%28Part%202%29,52822e96-8520-11f1-b415-a3e8f4de5e58
691,691. Elizabeth I vs The Catholics: The Queen’s Spymaster (Part 1),2026-07-26,1558,1569,1558 – 1569,Britain,Early Modern,Monarchy & Royalty; Politics & Power; Religion & Church; Espionage,Elizabeth I; William Cecil,true,Elizabeth I vs The Catholics,1,false,high,"The episode focuses on Elizabeth I’s Tudor reign and specifically the mortal peril she faced in 1569, alongside Sir William Cecil’s role and spy network. The description explicitly frames the subject as the secret war in Elizabethan England and religious unrest in Europe.",4329,https://pdst.fm/e/traffic.megaphone.fm/GLT8312620561.mp3,https://open.spotify.com/search/The%20Rest%20Is%20History%20691.%20Elizabeth%20I%20vs%20The%20Catholics%3A%20The%20Queen%E2%80%99s%20Spymaster%20%28Part%201%29,a50f17be-8741-11f1-9366-7f78e93edf4e
692,692. Elizabeth I vs The Catholics: A Massacre in Paris (Part 2),2026-07-29,1572,1580,1572 – 1580,France,Early Modern,Religion & Church; Politics & Power; Monarchy & Royalty; Espionage,Elizabeth I; Francis Walsingham,true,Elizabeth I vs The Catholics,2,false,high,"The description explicitly anchors the episode in the St Bartholomew’s Day Massacre of 1572 in Paris and its consequences for Elizabeth I’s repression of Catholic treason, including the activities of spy master Francis Walsingham. The broader focus therefore falls in the late sixteenth century, with France as the dominant setting because of the massacre in Paris.",4295,https://pdst.fm/e/traffic.megaphone.fm/GLT4665799025.mp3,https://open.spotify.com/search/The%20Rest%20Is%20History%20692.%20Elizabeth%20I%20vs%20The%20Catholics%3A%20A%20Massacre%20in%20Paris%20%28Part%202%29,e2329568-8a7e-11f1-a691-a370716eb272
693,693. Elizabeth I vs The Catholics: England’s Greatest Hero (Part 3),2026-08-02,1570,1588,1570 – 1588,Britain,Early Modern,Biography; Exploration & Discovery; War & Military; Monarchy & Royalty,Sir Francis Drake; Elizabeth I,true,Elizabeth I vs The Catholics,3,false,high,"The episode focuses on Sir Francis Drake’s rise, piracy, global explorations, feud with Spain, and clash with the Armada in 1588, placing the main narrative in the late Elizabethan period.",4600,https://pdst.fm/e/traffic.megaphone.fm/GLT5069845329.mp3,https://open.spotify.com/search/The%20Rest%20Is%20History%20693.%20Elizabeth%20I%20vs%20The%20Catholics%3A%20England%E2%80%99s%20Greatest%20Hero%20%28Part%203%29,1bfa64e0-8b3a-11f1-9acb-57dcc09301d8
